Orthogroup	ortologos_universais	protein_mansoni	Total
OG0000000	391	0	391
OG0000001	388	0	388
OG0000002	386	0	386
OG0000003	360	1	361
OG0000004	357	0	357
OG0000005	348	0	348
OG0000006	346	0	346
OG0000007	307	0	307
OG0000008	304	0	304
OG0000009	283	0	283
OG0000010	283	0	283
OG0000011	267	0	267
OG0000012	252	0	252
OG0000013	249	0	249
OG0000014	245	0	245
OG0000015	240	0	240
OG0000016	236	0	236
OG0000017	230	0	230
OG0000018	227	0	227
OG0000019	223	0	223
OG0000020	215	0	215
OG0000021	209	0	209
OG0000022	200	0	200
OG0000023	189	0	189
OG0000024	188	0	188
OG0000025	187	1	188
OG0000026	186	0	186
OG0000027	186	0	186
OG0000028	185	0	185
OG0000029	170	0	170
OG0000030	170	0	170
OG0000031	165	0	165
OG0000032	157	0	157
OG0000033	156	0	156
OG0000034	154	0	154
OG0000035	152	0	152
OG0000036	151	0	151
OG0000037	148	1	149
OG0000038	148	0	148
OG0000039	145	0	145
OG0000040	144	0	144
OG0000041	143	0	143
OG0000042	143	0	143
OG0000043	143	0	143
OG0000044	141	0	141
OG0000045	137	0	137
OG0000046	137	0	137
OG0000047	137	0	137
OG0000048	137	0	137
OG0000049	135	0	135
OG0000050	134	0	134
OG0000051	134	0	134
OG0000052	133	0	133
OG0000053	131	0	131
OG0000054	131	0	131
OG0000055	130	0	130
OG0000056	129	0	129
OG0000057	129	0	129
OG0000058	128	0	128
OG0000059	127	1	128
OG0000060	127	0	127
OG0000061	127	0	127
OG0000062	127	0	127
OG0000063	126	0	126
OG0000064	126	0	126
OG0000065	126	0	126
OG0000066	125	0	125
OG0000067	125	0	125
OG0000068	125	0	125
OG0000069	124	0	124
OG0000070	123	0	123
OG0000071	123	0	123
OG0000072	123	0	123
OG0000073	123	0	123
OG0000074	122	0	122
OG0000075	122	0	122
OG0000076	121	0	121
OG0000077	120	0	120
OG0000078	120	0	120
OG0000079	119	0	119
OG0000080	119	0	119
OG0000081	119	0	119
OG0000082	119	0	119
OG0000083	118	0	118
OG0000084	118	0	118
OG0000085	117	0	117
OG0000086	117	0	117
OG0000087	117	0	117
OG0000088	117	0	117
OG0000089	116	0	116
OG0000090	116	0	116
OG0000091	116	0	116
OG0000092	116	0	116
OG0000093	116	0	116
OG0000094	115	0	115
OG0000095	115	0	115
OG0000096	115	0	115
OG0000097	113	1	114
OG0000098	113	0	113
OG0000099	0	113	113
OG0000100	112	0	112
OG0000101	112	0	112
OG0000102	112	0	112
OG0000103	111	0	111
OG0000104	111	0	111
OG0000105	110	0	110
OG0000106	109	0	109
OG0000107	109	0	109
OG0000108	108	0	108
OG0000109	108	0	108
OG0000110	108	0	108
OG0000111	107	1	108
OG0000112	108	0	108
OG0000113	107	0	107
OG0000114	106	0	106
OG0000115	105	0	105
OG0000116	104	0	104
OG0000117	103	0	103
OG0000118	103	0	103
OG0000119	102	0	102
OG0000120	102	0	102
OG0000121	102	0	102
OG0000122	102	0	102
OG0000123	102	0	102
OG0000124	100	0	100
OG0000125	100	0	100
OG0000126	100	0	100
OG0000127	100	0	100
OG0000128	99	1	100
OG0000129	100	0	100
OG0000130	99	0	99
OG0000131	99	0	99
OG0000132	99	0	99
OG0000133	98	0	98
OG0000134	98	0	98
OG0000135	98	0	98
OG0000136	97	0	97
OG0000137	97	0	97
OG0000138	97	0	97
OG0000139	96	0	96
OG0000140	96	0	96
OG0000141	96	0	96
OG0000142	95	0	95
OG0000143	95	0	95
OG0000144	95	0	95
OG0000145	94	0	94
OG0000146	94	0	94
OG0000147	93	0	93
OG0000148	93	0	93
OG0000149	0	93	93
OG0000150	92	0	92
OG0000151	90	0	90
OG0000152	89	0	89
OG0000153	89	0	89
OG0000154	88	0	88
OG0000155	88	0	88
OG0000156	88	0	88
OG0000157	87	0	87
OG0000158	86	0	86
OG0000159	86	0	86
OG0000160	86	0	86
OG0000161	86	0	86
OG0000162	86	0	86
OG0000163	85	0	85
OG0000164	85	0	85
OG0000165	84	0	84
OG0000166	84	0	84
OG0000167	84	0	84
OG0000168	84	0	84
OG0000169	84	0	84
OG0000170	83	0	83
OG0000171	82	0	82
OG0000172	82	0	82
OG0000173	82	0	82
OG0000174	82	0	82
OG0000175	81	0	81
OG0000176	81	0	81
OG0000177	81	0	81
OG0000178	80	0	80
OG0000179	80	0	80
OG0000180	77	0	77
OG0000181	77	0	77
OG0000182	77	0	77
OG0000183	76	0	76
OG0000184	76	0	76
OG0000185	76	0	76
OG0000186	76	0	76
OG0000187	76	0	76
OG0000188	75	0	75
OG0000189	75	0	75
OG0000190	75	0	75
OG0000191	75	0	75
OG0000192	75	0	75
OG0000193	74	0	74
OG0000194	74	0	74
OG0000195	74	0	74
OG0000196	73	0	73
OG0000197	73	0	73
OG0000198	73	0	73
OG0000199	72	0	72
OG0000200	72	0	72
OG0000201	72	0	72
OG0000202	71	0	71
OG0000203	71	0	71
OG0000204	70	0	70
OG0000205	70	0	70
OG0000206	69	0	69
OG0000207	69	0	69
OG0000208	69	0	69
OG0000209	68	0	68
OG0000210	68	0	68
OG0000211	68	0	68
OG0000212	68	0	68
OG0000213	67	0	67
OG0000214	67	0	67
OG0000215	67	0	67
OG0000216	67	0	67
OG0000217	66	0	66
OG0000218	66	0	66
OG0000219	66	0	66
OG0000220	66	0	66
OG0000221	64	1	65
OG0000222	65	0	65
OG0000223	65	0	65
OG0000224	64	0	64
OG0000225	64	0	64
OG0000226	64	0	64
OG0000227	64	0	64
OG0000228	63	0	63
OG0000229	63	0	63
OG0000230	62	0	62
OG0000231	62	0	62
OG0000232	61	0	61
OG0000233	61	0	61
OG0000234	61	0	61
OG0000235	60	0	60
OG0000236	59	0	59
OG0000237	58	0	58
OG0000238	58	0	58
OG0000239	57	0	57
OG0000240	57	0	57
OG0000241	57	0	57
OG0000242	57	0	57
OG0000243	57	0	57
OG0000244	56	0	56
OG0000245	56	0	56
OG0000246	56	0	56
OG0000247	56	0	56
OG0000248	56	0	56
OG0000249	55	0	55
OG0000250	55	0	55
OG0000251	54	0	54
OG0000252	54	0	54
OG0000253	54	0	54
OG0000254	53	0	53
OG0000255	53	0	53
OG0000256	0	53	53
OG0000257	52	0	52
OG0000258	52	0	52
OG0000259	52	0	52
OG0000260	52	0	52
OG0000261	52	0	52
OG0000262	52	0	52
OG0000263	0	52	52
OG0000264	51	0	51
OG0000265	51	0	51
OG0000266	51	0	51
OG0000267	51	0	51
OG0000268	51	0	51
OG0000269	51	0	51
OG0000270	51	0	51
OG0000271	50	0	50
OG0000272	50	0	50
OG0000273	50	0	50
OG0000274	50	0	50
OG0000275	50	0	50
OG0000276	49	0	49
OG0000277	49	0	49
OG0000278	49	0	49
OG0000279	49	0	49
OG0000280	49	0	49
OG0000281	0	49	49
OG0000282	48	0	48
OG0000283	48	0	48
OG0000284	0	48	48
OG0000285	47	0	47
OG0000286	47	0	47
OG0000287	47	0	47
OG0000288	47	0	47
OG0000289	47	0	47
OG0000290	47	0	47
OG0000291	47	0	47
OG0000292	47	0	47
OG0000293	47	0	47
OG0000294	46	0	46
OG0000295	46	0	46
OG0000296	46	0	46
OG0000297	46	0	46
OG0000298	46	0	46
OG0000299	0	46	46
OG0000300	45	0	45
OG0000301	45	0	45
OG0000302	45	0	45
OG0000303	45	0	45
OG0000304	45	0	45
OG0000305	0	45	45
OG0000306	44	0	44
OG0000307	44	0	44
OG0000308	43	1	44
OG0000309	44	0	44
OG0000310	44	0	44
OG0000311	43	0	43
OG0000312	43	0	43
OG0000313	43	0	43
OG0000314	43	0	43
OG0000315	43	0	43
OG0000316	43	0	43
OG0000317	43	0	43
OG0000318	43	0	43
OG0000319	43	0	43
OG0000320	43	0	43
OG0000321	43	0	43
OG0000322	42	0	42
OG0000323	42	0	42
OG0000324	42	0	42
OG0000325	42	0	42
OG0000326	42	0	42
OG0000327	42	0	42
OG0000328	42	0	42
OG0000329	42	0	42
OG0000330	0	42	42
OG0000331	0	42	42
OG0000332	41	0	41
OG0000333	41	0	41
OG0000334	41	0	41
OG0000335	41	0	41
OG0000336	41	0	41
OG0000337	41	0	41
OG0000338	41	0	41
OG0000339	41	0	41
OG0000340	41	0	41
OG0000341	41	0	41
OG0000342	41	0	41
OG0000343	41	0	41
OG0000344	41	0	41
OG0000345	40	0	40
OG0000346	40	0	40
OG0000347	40	0	40
OG0000348	40	0	40
OG0000349	40	0	40
OG0000350	40	0	40
OG0000351	39	0	39
OG0000352	39	0	39
OG0000353	39	0	39
OG0000354	39	0	39
OG0000355	39	0	39
OG0000356	0	39	39
OG0000357	38	0	38
OG0000358	38	0	38
OG0000359	38	0	38
OG0000360	38	0	38
OG0000361	38	0	38
OG0000362	38	0	38
OG0000363	37	0	37
OG0000364	37	0	37
OG0000365	37	0	37
OG0000366	37	0	37
OG0000367	37	0	37
OG0000368	37	0	37
OG0000369	37	0	37
OG0000370	37	0	37
OG0000371	37	0	37
OG0000372	36	0	36
OG0000373	36	0	36
OG0000374	36	0	36
OG0000375	36	0	36
OG0000376	36	0	36
OG0000377	36	0	36
OG0000378	36	0	36
OG0000379	36	0	36
OG0000380	36	0	36
OG0000381	36	0	36
OG0000382	36	0	36
OG0000383	36	0	36
OG0000384	36	0	36
OG0000385	36	0	36
OG0000386	36	0	36
OG0000387	36	0	36
OG0000388	35	0	35
OG0000389	35	0	35
OG0000390	35	0	35
OG0000391	35	0	35
OG0000392	35	0	35
OG0000393	34	0	34
OG0000394	33	1	34
OG0000395	34	0	34
OG0000396	34	0	34
OG0000397	34	0	34
OG0000398	34	0	34
OG0000399	34	0	34
OG0000400	34	0	34
OG0000401	33	0	33
OG0000402	33	0	33
OG0000403	33	0	33
OG0000404	33	0	33
OG0000405	33	0	33
OG0000406	33	0	33
OG0000407	33	0	33
OG0000408	33	0	33
OG0000409	33	0	33
OG0000410	0	33	33
OG0000411	32	0	32
OG0000412	32	0	32
OG0000413	32	0	32
OG0000414	32	0	32
OG0000415	32	0	32
OG0000416	32	0	32
OG0000417	32	0	32
OG0000418	32	0	32
OG0000419	32	0	32
OG0000420	32	0	32
OG0000421	32	0	32
OG0000422	32	0	32
OG0000423	32	0	32
OG0000424	32	0	32
OG0000425	32	0	32
OG0000426	32	0	32
OG0000427	32	0	32
OG0000428	32	0	32
OG0000429	32	0	32
OG0000430	32	0	32
OG0000431	32	0	32
OG0000432	32	0	32
OG0000433	0	32	32
OG0000434	31	0	31
OG0000435	31	0	31
OG0000436	31	0	31
OG0000437	30	0	30
OG0000438	30	0	30
OG0000439	30	0	30
OG0000440	30	0	30
OG0000441	30	0	30
OG0000442	30	0	30
OG0000443	0	30	30
OG0000444	29	0	29
OG0000445	29	0	29
OG0000446	29	0	29
OG0000447	29	0	29
OG0000448	29	0	29
OG0000449	29	0	29
OG0000450	28	0	28
OG0000451	28	0	28
OG0000452	28	0	28
OG0000453	28	0	28
OG0000454	0	28	28
OG0000455	27	0	27
OG0000456	27	0	27
OG0000457	27	0	27
OG0000458	27	0	27
OG0000459	27	0	27
OG0000460	27	0	27
OG0000461	27	0	27
OG0000462	27	0	27
OG0000463	27	0	27
OG0000464	27	0	27
OG0000465	26	0	26
OG0000466	26	0	26
OG0000467	26	0	26
OG0000468	26	0	26
OG0000469	26	0	26
OG0000470	26	0	26
OG0000471	26	0	26
OG0000472	26	0	26
OG0000473	26	0	26
OG0000474	0	26	26
OG0000475	25	0	25
OG0000476	25	0	25
OG0000477	25	0	25
OG0000478	25	0	25
OG0000479	25	0	25
OG0000480	24	0	24
OG0000481	24	0	24
OG0000482	24	0	24
OG0000483	0	24	24
OG0000484	0	24	24
OG0000485	23	0	23
OG0000486	23	0	23
OG0000487	23	0	23
OG0000488	23	0	23
OG0000489	23	0	23
OG0000490	0	23	23
OG0000491	0	23	23
OG0000492	0	23	23
OG0000493	22	0	22
OG0000494	22	0	22
OG0000495	22	0	22
OG0000496	22	0	22
OG0000497	22	0	22
OG0000498	22	0	22
OG0000499	0	22	22
OG0000500	0	22	22
OG0000501	0	22	22
OG0000502	21	0	21
OG0000503	21	0	21
OG0000504	21	0	21
OG0000505	21	0	21
OG0000506	21	0	21
OG0000507	21	0	21
OG0000508	0	21	21
OG0000509	0	21	21
OG0000510	0	21	21
OG0000511	20	0	20
OG0000512	20	0	20
OG0000513	20	0	20
OG0000514	20	0	20
OG0000515	20	0	20
OG0000516	0	20	20
OG0000517	0	20	20
OG0000518	0	20	20
OG0000519	19	0	19
OG0000520	19	0	19
OG0000521	19	0	19
OG0000522	19	0	19
OG0000523	19	0	19
OG0000524	19	0	19
OG0000525	19	0	19
OG0000526	0	19	19
OG0000527	0	19	19
OG0000528	0	19	19
OG0000529	0	19	19
OG0000530	0	19	19
OG0000531	18	0	18
OG0000532	18	0	18
OG0000533	18	0	18
OG0000534	18	0	18
OG0000535	18	0	18
OG0000536	18	0	18
OG0000537	18	0	18
OG0000538	18	0	18
OG0000539	0	18	18
OG0000540	0	18	18
OG0000541	0	18	18
OG0000542	0	18	18
OG0000543	17	0	17
OG0000544	17	0	17
OG0000545	17	0	17
OG0000546	0	17	17
OG0000547	0	17	17
OG0000548	0	17	17
OG0000549	16	0	16
OG0000550	16	0	16
OG0000551	16	0	16
OG0000552	0	16	16
OG0000553	0	16	16
OG0000554	0	16	16
OG0000555	0	16	16
OG0000556	15	0	15
OG0000557	15	0	15
OG0000558	15	0	15
OG0000559	15	0	15
OG0000560	15	0	15
OG0000561	15	0	15
OG0000562	0	15	15
OG0000563	0	15	15
OG0000564	0	15	15
OG0000565	0	15	15
OG0000566	0	15	15
OG0000567	14	0	14
OG0000568	14	0	14
OG0000569	14	0	14
OG0000570	14	0	14
OG0000571	14	0	14
OG0000572	14	0	14
OG0000573	14	0	14
OG0000574	14	0	14
OG0000575	0	14	14
OG0000576	0	14	14
OG0000577	0	14	14
OG0000578	0	14	14
OG0000579	0	14	14
OG0000580	13	0	13
OG0000581	13	0	13
OG0000582	13	0	13
OG0000583	13	0	13
OG0000584	13	0	13
OG0000585	13	0	13
OG0000586	13	0	13
OG0000587	13	0	13
OG0000588	13	0	13
OG0000589	13	0	13
OG0000590	13	0	13
OG0000591	13	0	13
OG0000592	13	0	13
OG0000593	13	0	13
OG0000594	0	13	13
OG0000595	0	13	13
OG0000596	0	13	13
OG0000597	0	13	13
OG0000598	0	13	13
OG0000599	0	13	13
OG0000600	0	13	13
OG0000601	0	13	13
OG0000602	0	13	13
OG0000603	0	13	13
OG0000604	12	0	12
OG0000605	12	0	12
OG0000606	12	0	12
OG0000607	12	0	12
OG0000608	12	0	12
OG0000609	12	0	12
OG0000610	12	0	12
OG0000611	12	0	12
OG0000612	12	0	12
OG0000613	0	12	12
OG0000614	0	12	12
OG0000615	0	12	12
OG0000616	0	12	12
OG0000617	0	12	12
OG0000618	0	12	12
OG0000619	0	12	12
OG0000620	0	12	12
OG0000621	0	12	12
OG0000622	0	12	12
OG0000623	0	12	12
OG0000624	0	12	12
OG0000625	0	12	12
OG0000626	11	0	11
OG0000627	11	0	11
OG0000628	11	0	11
OG0000629	11	0	11
OG0000630	11	0	11
OG0000631	11	0	11
OG0000632	11	0	11
OG0000633	11	0	11
OG0000634	11	0	11
OG0000635	11	0	11
OG0000636	11	0	11
OG0000637	11	0	11
OG0000638	11	0	11
OG0000639	11	0	11
OG0000640	11	0	11
OG0000641	11	0	11
OG0000642	11	0	11
OG0000643	11	0	11
OG0000644	11	0	11
OG0000645	0	11	11
OG0000646	0	11	11
OG0000647	0	11	11
OG0000648	0	11	11
OG0000649	0	11	11
OG0000650	0	11	11
OG0000651	0	11	11
OG0000652	0	11	11
OG0000653	0	11	11
OG0000654	0	11	11
OG0000655	0	11	11
OG0000656	0	11	11
OG0000657	0	11	11
OG0000658	0	11	11
OG0000659	0	11	11
OG0000660	0	11	11
OG0000661	10	0	10
OG0000662	10	0	10
OG0000663	10	0	10
OG0000664	10	0	10
OG0000665	10	0	10
OG0000666	10	0	10
OG0000667	10	0	10
OG0000668	10	0	10
OG0000669	10	0	10
OG0000670	10	0	10
OG0000671	10	0	10
OG0000672	10	0	10
OG0000673	10	0	10
OG0000674	10	0	10
OG0000675	10	0	10
OG0000676	10	0	10
OG0000677	10	0	10
OG0000678	10	0	10
OG0000679	10	0	10
OG0000680	0	10	10
OG0000681	0	10	10
OG0000682	0	10	10
OG0000683	0	10	10
OG0000684	0	10	10
OG0000685	0	10	10
OG0000686	0	10	10
OG0000687	0	10	10
OG0000688	0	10	10
OG0000689	0	10	10
OG0000690	0	10	10
OG0000691	0	10	10
OG0000692	0	10	10
OG0000693	0	10	10
OG0000694	0	10	10
OG0000695	0	10	10
OG0000696	9	0	9
OG0000697	9	0	9
OG0000698	9	0	9
OG0000699	9	0	9
OG0000700	9	0	9
OG0000701	9	0	9
OG0000702	9	0	9
OG0000703	9	0	9
OG0000704	9	0	9
OG0000705	9	0	9
OG0000706	9	0	9
OG0000707	9	0	9
OG0000708	9	0	9
OG0000709	9	0	9
OG0000710	9	0	9
OG0000711	9	0	9
OG0000712	0	9	9
OG0000713	0	9	9
OG0000714	0	9	9
OG0000715	0	9	9
OG0000716	0	9	9
OG0000717	0	9	9
OG0000718	0	9	9
OG0000719	0	9	9
OG0000720	0	9	9
OG0000721	0	9	9
OG0000722	0	9	9
OG0000723	0	9	9
OG0000724	0	9	9
OG0000725	0	9	9
OG0000726	0	9	9
OG0000727	0	9	9
OG0000728	8	0	8
OG0000729	8	0	8
OG0000730	8	0	8
OG0000731	8	0	8
OG0000732	8	0	8
OG0000733	8	0	8
OG0000734	8	0	8
OG0000735	8	0	8
OG0000736	7	1	8
OG0000737	8	0	8
OG0000738	8	0	8
OG0000739	8	0	8
OG0000740	8	0	8
OG0000741	8	0	8
OG0000742	8	0	8
OG0000743	8	0	8
OG0000744	8	0	8
OG0000745	8	0	8
OG0000746	8	0	8
OG0000747	8	0	8
OG0000748	8	0	8
OG0000749	8	0	8
OG0000750	8	0	8
OG0000751	8	0	8
OG0000752	8	0	8
OG0000753	0	8	8
OG0000754	0	8	8
OG0000755	0	8	8
OG0000756	0	8	8
OG0000757	0	8	8
OG0000758	0	8	8
OG0000759	0	8	8
OG0000760	0	8	8
OG0000761	0	8	8
OG0000762	0	8	8
OG0000763	0	8	8
OG0000764	0	8	8
OG0000765	0	8	8
OG0000766	0	8	8
OG0000767	0	8	8
OG0000768	0	8	8
OG0000769	0	8	8
OG0000770	0	8	8
OG0000771	0	8	8
OG0000772	0	8	8
OG0000773	0	8	8
OG0000774	0	8	8
OG0000775	7	0	7
OG0000776	7	0	7
OG0000777	7	0	7
OG0000778	7	0	7
OG0000779	7	0	7
OG0000780	7	0	7
OG0000781	7	0	7
OG0000782	7	0	7
OG0000783	7	0	7
OG0000784	7	0	7
OG0000785	7	0	7
OG0000786	7	0	7
OG0000787	7	0	7
OG0000788	7	0	7
OG0000789	7	0	7
OG0000790	7	0	7
OG0000791	7	0	7
OG0000792	7	0	7
OG0000793	7	0	7
OG0000794	7	0	7
OG0000795	7	0	7
OG0000796	7	0	7
OG0000797	7	0	7
OG0000798	7	0	7
OG0000799	7	0	7
OG0000800	7	0	7
OG0000801	7	0	7
OG0000802	7	0	7
OG0000803	7	0	7
OG0000804	7	0	7
OG0000805	7	0	7
OG0000806	7	0	7
OG0000807	7	0	7
OG0000808	7	0	7
OG0000809	7	0	7
OG0000810	7	0	7
OG0000811	7	0	7
OG0000812	7	0	7
OG0000813	7	0	7
OG0000814	0	7	7
OG0000815	0	7	7
OG0000816	0	7	7
OG0000817	0	7	7
OG0000818	0	7	7
OG0000819	0	7	7
OG0000820	0	7	7
OG0000821	0	7	7
OG0000822	0	7	7
OG0000823	0	7	7
OG0000824	0	7	7
OG0000825	0	7	7
OG0000826	0	7	7
OG0000827	0	7	7
OG0000828	0	7	7
OG0000829	0	7	7
OG0000830	0	7	7
OG0000831	0	7	7
OG0000832	0	7	7
OG0000833	0	7	7
OG0000834	6	0	6
OG0000835	6	0	6
OG0000836	6	0	6
OG0000837	6	0	6
OG0000838	6	0	6
OG0000839	6	0	6
OG0000840	6	0	6
OG0000841	6	0	6
OG0000842	6	0	6
OG0000843	6	0	6
OG0000844	6	0	6
OG0000845	6	0	6
OG0000846	4	2	6
OG0000847	6	0	6
OG0000848	6	0	6
OG0000849	6	0	6
OG0000850	6	0	6
OG0000851	6	0	6
OG0000852	6	0	6
OG0000853	6	0	6
OG0000854	6	0	6
OG0000855	6	0	6
OG0000856	6	0	6
OG0000857	6	0	6
OG0000858	6	0	6
OG0000859	6	0	6
OG0000860	6	0	6
OG0000861	6	0	6
OG0000862	6	0	6
OG0000863	6	0	6
OG0000864	6	0	6
OG0000865	6	0	6
OG0000866	6	0	6
OG0000867	6	0	6
OG0000868	6	0	6
OG0000869	6	0	6
OG0000870	6	0	6
OG0000871	6	0	6
OG0000872	6	0	6
OG0000873	6	0	6
OG0000874	6	0	6
OG0000875	6	0	6
OG0000876	6	0	6
OG0000877	6	0	6
OG0000878	6	0	6
OG0000879	6	0	6
OG0000880	6	0	6
OG0000881	0	6	6
OG0000882	0	6	6
OG0000883	0	6	6
OG0000884	0	6	6
OG0000885	0	6	6
OG0000886	0	6	6
OG0000887	0	6	6
OG0000888	0	6	6
OG0000889	0	6	6
OG0000890	0	6	6
OG0000891	0	6	6
OG0000892	0	6	6
OG0000893	0	6	6
OG0000894	0	6	6
OG0000895	0	6	6
OG0000896	0	6	6
OG0000897	0	6	6
OG0000898	0	6	6
OG0000899	0	6	6
OG0000900	0	6	6
OG0000901	0	6	6
OG0000902	0	6	6
OG0000903	0	6	6
OG0000904	0	6	6
OG0000905	0	6	6
OG0000906	0	6	6
OG0000907	0	6	6
OG0000908	0	6	6
OG0000909	0	6	6
OG0000910	0	6	6
OG0000911	0	6	6
OG0000912	0	6	6
OG0000913	0	6	6
OG0000914	0	6	6
OG0000915	0	6	6
OG0000916	0	6	6
OG0000917	0	6	6
OG0000918	5	0	5
OG0000919	5	0	5
OG0000920	5	0	5
OG0000921	5	0	5
OG0000922	5	0	5
OG0000923	5	0	5
OG0000924	5	0	5
OG0000925	5	0	5
OG0000926	5	0	5
OG0000927	5	0	5
OG0000928	5	0	5
OG0000929	5	0	5
OG0000930	5	0	5
OG0000931	5	0	5
OG0000932	5	0	5
OG0000933	5	0	5
OG0000934	5	0	5
OG0000935	5	0	5
OG0000936	5	0	5
OG0000937	5	0	5
OG0000938	4	1	5
OG0000939	5	0	5
OG0000940	5	0	5
OG0000941	5	0	5
OG0000942	5	0	5
OG0000943	5	0	5
OG0000944	5	0	5
OG0000945	5	0	5
OG0000946	5	0	5
OG0000947	5	0	5
OG0000948	5	0	5
OG0000949	5	0	5
OG0000950	5	0	5
OG0000951	5	0	5
OG0000952	5	0	5
OG0000953	5	0	5
OG0000954	5	0	5
OG0000955	5	0	5
OG0000956	5	0	5
OG0000957	4	1	5
OG0000958	5	0	5
OG0000959	5	0	5
OG0000960	5	0	5
OG0000961	5	0	5
OG0000962	5	0	5
OG0000963	5	0	5
OG0000964	5	0	5
OG0000965	5	0	5
OG0000966	5	0	5
OG0000967	5	0	5
OG0000968	5	0	5
OG0000969	5	0	5
OG0000970	5	0	5
OG0000971	5	0	5
OG0000972	5	0	5
OG0000973	0	5	5
OG0000974	0	5	5
OG0000975	0	5	5
OG0000976	0	5	5
OG0000977	0	5	5
OG0000978	0	5	5
OG0000979	0	5	5
OG0000980	0	5	5
OG0000981	0	5	5
OG0000982	0	5	5
OG0000983	0	5	5
OG0000984	0	5	5
OG0000985	0	5	5
OG0000986	0	5	5
OG0000987	0	5	5
OG0000988	0	5	5
OG0000989	0	5	5
OG0000990	0	5	5
OG0000991	0	5	5
OG0000992	0	5	5
OG0000993	0	5	5
OG0000994	0	5	5
OG0000995	0	5	5
OG0000996	0	5	5
OG0000997	0	5	5
OG0000998	0	5	5
OG0000999	0	5	5
OG0001000	0	5	5
OG0001001	0	5	5
OG0001002	0	5	5
OG0001003	0	5	5
OG0001004	0	5	5
OG0001005	0	5	5
OG0001006	0	5	5
OG0001007	0	5	5
OG0001008	0	5	5
OG0001009	0	5	5
OG0001010	0	5	5
OG0001011	0	5	5
OG0001012	0	5	5
OG0001013	0	5	5
OG0001014	0	5	5
OG0001015	0	5	5
OG0001016	0	5	5
OG0001017	0	5	5
OG0001018	0	5	5
OG0001019	0	5	5
OG0001020	0	5	5
OG0001021	0	5	5
OG0001022	0	5	5
OG0001023	0	5	5
OG0001024	0	5	5
OG0001025	0	5	5
OG0001026	0	5	5
OG0001027	4	0	4
OG0001028	4	0	4
OG0001029	4	0	4
OG0001030	4	0	4
OG0001031	4	0	4
OG0001032	4	0	4
OG0001033	4	0	4
OG0001034	4	0	4
OG0001035	4	0	4
OG0001036	3	1	4
OG0001037	4	0	4
OG0001038	4	0	4
OG0001039	4	0	4
OG0001040	4	0	4
OG0001041	4	0	4
OG0001042	4	0	4
OG0001043	4	0	4
OG0001044	4	0	4
OG0001045	4	0	4
OG0001046	4	0	4
OG0001047	4	0	4
OG0001048	4	0	4
OG0001049	4	0	4
OG0001050	4	0	4
OG0001051	4	0	4
OG0001052	4	0	4
OG0001053	4	0	4
OG0001054	4	0	4
OG0001055	4	0	4
OG0001056	4	0	4
OG0001057	4	0	4
OG0001058	4	0	4
OG0001059	4	0	4
OG0001060	4	0	4
OG0001061	4	0	4
OG0001062	4	0	4
OG0001063	4	0	4
OG0001064	4	0	4
OG0001065	4	0	4
OG0001066	4	0	4
OG0001067	4	0	4
OG0001068	4	0	4
OG0001069	4	0	4
OG0001070	4	0	4
OG0001071	4	0	4
OG0001072	4	0	4
OG0001073	4	0	4
OG0001074	4	0	4
OG0001075	4	0	4
OG0001076	4	0	4
OG0001077	4	0	4
OG0001078	4	0	4
OG0001079	4	0	4
OG0001080	4	0	4
OG0001081	4	0	4
OG0001082	4	0	4
OG0001083	4	0	4
OG0001084	4	0	4
OG0001085	4	0	4
OG0001086	4	0	4
OG0001087	4	0	4
OG0001088	4	0	4
OG0001089	4	0	4
OG0001090	4	0	4
OG0001091	4	0	4
OG0001092	4	0	4
OG0001093	4	0	4
OG0001094	4	0	4
OG0001095	4	0	4
OG0001096	4	0	4
OG0001097	4	0	4
OG0001098	4	0	4
OG0001099	4	0	4
OG0001100	4	0	4
OG0001101	4	0	4
OG0001102	4	0	4
OG0001103	4	0	4
OG0001104	4	0	4
OG0001105	4	0	4
OG0001106	4	0	4
OG0001107	4	0	4
OG0001108	4	0	4
OG0001109	4	0	4
OG0001110	4	0	4
OG0001111	4	0	4
OG0001112	4	0	4
OG0001113	4	0	4
OG0001114	4	0	4
OG0001115	4	0	4
OG0001116	4	0	4
OG0001117	4	0	4
OG0001118	4	0	4
OG0001119	4	0	4
OG0001120	4	0	4
OG0001121	4	0	4
OG0001122	4	0	4
OG0001123	4	0	4
OG0001124	4	0	4
OG0001125	4	0	4
OG0001126	4	0	4
OG0001127	4	0	4
OG0001128	4	0	4
OG0001129	4	0	4
OG0001130	4	0	4
OG0001131	4	0	4
OG0001132	4	0	4
OG0001133	0	4	4
OG0001134	0	4	4
OG0001135	0	4	4
OG0001136	0	4	4
OG0001137	0	4	4
OG0001138	0	4	4
OG0001139	0	4	4
OG0001140	0	4	4
OG0001141	0	4	4
OG0001142	0	4	4
OG0001143	0	4	4
OG0001144	0	4	4
OG0001145	0	4	4
OG0001146	0	4	4
OG0001147	0	4	4
OG0001148	0	4	4
OG0001149	0	4	4
OG0001150	0	4	4
OG0001151	0	4	4
OG0001152	0	4	4
OG0001153	0	4	4
OG0001154	0	4	4
OG0001155	0	4	4
OG0001156	0	4	4
OG0001157	0	4	4
OG0001158	0	4	4
OG0001159	0	4	4
OG0001160	0	4	4
OG0001161	0	4	4
OG0001162	0	4	4
OG0001163	0	4	4
OG0001164	0	4	4
OG0001165	0	4	4
OG0001166	0	4	4
OG0001167	0	4	4
OG0001168	0	4	4
OG0001169	0	4	4
OG0001170	0	4	4
OG0001171	0	4	4
OG0001172	0	4	4
OG0001173	0	4	4
OG0001174	0	4	4
OG0001175	0	4	4
OG0001176	0	4	4
OG0001177	0	4	4
OG0001178	0	4	4
OG0001179	0	4	4
OG0001180	0	4	4
OG0001181	0	4	4
OG0001182	0	4	4
OG0001183	0	4	4
OG0001184	0	4	4
OG0001185	0	4	4
OG0001186	0	4	4
OG0001187	0	4	4
OG0001188	0	4	4
OG0001189	0	4	4
OG0001190	0	4	4
OG0001191	0	4	4
OG0001192	0	4	4
OG0001193	0	4	4
OG0001194	0	4	4
OG0001195	0	4	4
OG0001196	0	4	4
OG0001197	0	4	4
OG0001198	0	4	4
OG0001199	0	4	4
OG0001200	0	4	4
OG0001201	0	4	4
OG0001202	0	4	4
OG0001203	0	4	4
OG0001204	0	4	4
OG0001205	0	4	4
OG0001206	0	4	4
OG0001207	0	4	4
OG0001208	0	4	4
OG0001209	0	4	4
OG0001210	0	4	4
OG0001211	0	4	4
OG0001212	0	4	4
OG0001213	0	4	4
OG0001214	0	4	4
OG0001215	0	4	4
OG0001216	0	4	4
OG0001217	0	4	4
OG0001218	0	4	4
OG0001219	0	4	4
OG0001220	0	4	4
OG0001221	0	4	4
OG0001222	0	4	4
OG0001223	0	4	4
OG0001224	0	4	4
OG0001225	0	4	4
OG0001226	3	0	3
OG0001227	3	0	3
OG0001228	3	0	3
OG0001229	3	0	3
OG0001230	3	0	3
OG0001231	3	0	3
OG0001232	3	0	3
OG0001233	3	0	3
OG0001234	3	0	3
OG0001235	3	0	3
OG0001236	3	0	3
OG0001237	3	0	3
OG0001238	3	0	3
OG0001239	3	0	3
OG0001240	3	0	3
OG0001241	3	0	3
OG0001242	3	0	3
OG0001243	3	0	3
OG0001244	3	0	3
OG0001245	3	0	3
OG0001246	3	0	3
OG0001247	3	0	3
OG0001248	3	0	3
OG0001249	3	0	3
OG0001250	3	0	3
OG0001251	3	0	3
OG0001252	3	0	3
OG0001253	3	0	3
OG0001254	3	0	3
OG0001255	2	1	3
OG0001256	3	0	3
OG0001257	3	0	3
OG0001258	3	0	3
OG0001259	3	0	3
OG0001260	3	0	3
OG0001261	3	0	3
OG0001262	3	0	3
OG0001263	3	0	3
OG0001264	3	0	3
OG0001265	3	0	3
OG0001266	3	0	3
OG0001267	3	0	3
OG0001268	3	0	3
OG0001269	3	0	3
OG0001270	3	0	3
OG0001271	3	0	3
OG0001272	3	0	3
OG0001273	3	0	3
OG0001274	3	0	3
OG0001275	3	0	3
OG0001276	3	0	3
OG0001277	3	0	3
OG0001278	3	0	3
OG0001279	3	0	3
OG0001280	3	0	3
OG0001281	3	0	3
OG0001282	3	0	3
OG0001283	3	0	3
OG0001284	3	0	3
OG0001285	3	0	3
OG0001286	3	0	3
OG0001287	3	0	3
OG0001288	3	0	3
OG0001289	3	0	3
OG0001290	3	0	3
OG0001291	3	0	3
OG0001292	3	0	3
OG0001293	3	0	3
OG0001294	3	0	3
OG0001295	3	0	3
OG0001296	3	0	3
OG0001297	3	0	3
OG0001298	3	0	3
OG0001299	3	0	3
OG0001300	3	0	3
OG0001301	3	0	3
OG0001302	3	0	3
OG0001303	3	0	3
OG0001304	3	0	3
OG0001305	3	0	3
OG0001306	3	0	3
OG0001307	3	0	3
OG0001308	3	0	3
OG0001309	3	0	3
OG0001310	3	0	3
OG0001311	3	0	3
OG0001312	3	0	3
OG0001313	3	0	3
OG0001314	3	0	3
OG0001315	3	0	3
OG0001316	3	0	3
OG0001317	3	0	3
OG0001318	3	0	3
OG0001319	3	0	3
OG0001320	3	0	3
OG0001321	3	0	3
OG0001322	3	0	3
OG0001323	3	0	3
OG0001324	3	0	3
OG0001325	3	0	3
OG0001326	3	0	3
OG0001327	3	0	3
OG0001328	3	0	3
OG0001329	3	0	3
OG0001330	3	0	3
OG0001331	3	0	3
OG0001332	3	0	3
OG0001333	3	0	3
OG0001334	3	0	3
OG0001335	3	0	3
OG0001336	3	0	3
OG0001337	3	0	3
OG0001338	3	0	3
OG0001339	3	0	3
OG0001340	3	0	3
OG0001341	3	0	3
OG0001342	3	0	3
OG0001343	3	0	3
OG0001344	3	0	3
OG0001345	3	0	3
OG0001346	3	0	3
OG0001347	3	0	3
OG0001348	3	0	3
OG0001349	3	0	3
OG0001350	3	0	3
OG0001351	3	0	3
OG0001352	3	0	3
OG0001353	0	3	3
OG0001354	0	3	3
OG0001355	0	3	3
OG0001356	0	3	3
OG0001357	0	3	3
OG0001358	0	3	3
OG0001359	0	3	3
OG0001360	0	3	3
OG0001361	0	3	3
OG0001362	0	3	3
OG0001363	0	3	3
OG0001364	0	3	3
OG0001365	0	3	3
OG0001366	0	3	3
OG0001367	0	3	3
OG0001368	0	3	3
OG0001369	0	3	3
OG0001370	0	3	3
OG0001371	0	3	3
OG0001372	0	3	3
OG0001373	0	3	3
OG0001374	0	3	3
OG0001375	0	3	3
OG0001376	0	3	3
OG0001377	0	3	3
OG0001378	0	3	3
OG0001379	0	3	3
OG0001380	0	3	3
OG0001381	0	3	3
OG0001382	0	3	3
OG0001383	0	3	3
OG0001384	0	3	3
OG0001385	0	3	3
OG0001386	0	3	3
OG0001387	0	3	3
OG0001388	0	3	3
OG0001389	0	3	3
OG0001390	0	3	3
OG0001391	0	3	3
OG0001392	0	3	3
OG0001393	0	3	3
OG0001394	0	3	3
OG0001395	0	3	3
OG0001396	0	3	3
OG0001397	0	3	3
OG0001398	0	3	3
OG0001399	0	3	3
OG0001400	0	3	3
OG0001401	0	3	3
OG0001402	0	3	3
OG0001403	0	3	3
OG0001404	0	3	3
OG0001405	0	3	3
OG0001406	0	3	3
OG0001407	0	3	3
OG0001408	0	3	3
OG0001409	0	3	3
OG0001410	0	3	3
OG0001411	0	3	3
OG0001412	0	3	3
OG0001413	0	3	3
OG0001414	0	3	3
OG0001415	0	3	3
OG0001416	0	3	3
OG0001417	0	3	3
OG0001418	0	3	3
OG0001419	0	3	3
OG0001420	0	3	3
OG0001421	0	3	3
OG0001422	0	3	3
OG0001423	0	3	3
OG0001424	0	3	3
OG0001425	0	3	3
OG0001426	0	3	3
OG0001427	0	3	3
OG0001428	0	3	3
OG0001429	0	3	3
OG0001430	0	3	3
OG0001431	0	3	3
OG0001432	0	3	3
OG0001433	0	3	3
OG0001434	0	3	3
OG0001435	0	3	3
OG0001436	0	3	3
OG0001437	0	3	3
OG0001438	0	3	3
OG0001439	0	3	3
OG0001440	0	3	3
OG0001441	0	3	3
OG0001442	0	3	3
OG0001443	0	3	3
OG0001444	0	3	3
OG0001445	0	3	3
OG0001446	0	3	3
OG0001447	0	3	3
OG0001448	0	3	3
OG0001449	0	3	3
OG0001450	0	3	3
OG0001451	0	3	3
OG0001452	0	3	3
OG0001453	0	3	3
OG0001454	0	3	3
OG0001455	0	3	3
OG0001456	0	3	3
OG0001457	0	3	3
OG0001458	0	3	3
OG0001459	0	3	3
OG0001460	0	3	3
OG0001461	0	3	3
OG0001462	0	3	3
OG0001463	0	3	3
OG0001464	0	3	3
OG0001465	0	3	3
OG0001466	0	3	3
OG0001467	0	3	3
OG0001468	0	3	3
OG0001469	0	3	3
OG0001470	0	3	3
OG0001471	0	3	3
OG0001472	0	3	3
OG0001473	0	3	3
OG0001474	0	3	3
OG0001475	0	3	3
OG0001476	0	3	3
OG0001477	0	3	3
OG0001478	0	3	3
OG0001479	0	3	3
OG0001480	0	3	3
OG0001481	0	3	3
OG0001482	0	3	3
OG0001483	0	3	3
OG0001484	0	3	3
OG0001485	0	3	3
OG0001486	0	3	3
OG0001487	0	3	3
OG0001488	0	3	3
OG0001489	0	3	3
OG0001490	0	3	3
OG0001491	0	3	3
OG0001492	0	3	3
OG0001493	0	3	3
OG0001494	0	3	3
OG0001495	0	3	3
OG0001496	0	3	3
OG0001497	0	3	3
OG0001498	0	3	3
OG0001499	0	3	3
OG0001500	0	3	3
OG0001501	0	3	3
OG0001502	0	3	3
OG0001503	0	3	3
OG0001504	0	3	3
OG0001505	0	3	3
OG0001506	0	3	3
OG0001507	0	3	3
OG0001508	0	3	3
OG0001509	0	3	3
OG0001510	0	3	3
OG0001511	0	3	3
OG0001512	0	3	3
OG0001513	0	3	3
OG0001514	0	3	3
OG0001515	0	3	3
OG0001516	0	3	3
OG0001517	0	3	3
OG0001518	0	3	3
OG0001519	0	3	3
OG0001520	0	3	3
OG0001521	0	3	3
OG0001522	0	3	3
OG0001523	0	3	3
OG0001524	0	3	3
OG0001525	0	3	3
OG0001526	0	3	3
OG0001527	0	3	3
OG0001528	0	3	3
OG0001529	0	3	3
OG0001530	0	3	3
OG0001531	0	3	3
OG0001532	0	3	3
OG0001533	0	3	3
OG0001534	0	3	3
OG0001535	0	3	3
OG0001536	0	3	3
OG0001537	0	3	3
OG0001538	2	0	2
OG0001539	2	0	2
OG0001540	2	0	2
OG0001541	2	0	2
OG0001542	2	0	2
OG0001543	1	1	2
OG0001544	2	0	2
OG0001545	2	0	2
OG0001546	1	1	2
OG0001547	2	0	2
OG0001548	2	0	2
OG0001549	2	0	2
OG0001550	2	0	2
OG0001551	2	0	2
OG0001552	2	0	2
OG0001553	2	0	2
OG0001554	2	0	2
OG0001555	1	1	2
OG0001556	2	0	2
OG0001557	2	0	2
OG0001558	2	0	2
OG0001559	2	0	2
OG0001560	2	0	2
OG0001561	2	0	2
OG0001562	2	0	2
OG0001563	2	0	2
OG0001564	2	0	2
OG0001565	2	0	2
OG0001566	2	0	2
OG0001567	1	1	2
OG0001568	2	0	2
OG0001569	2	0	2
OG0001570	2	0	2
OG0001571	2	0	2
OG0001572	2	0	2
OG0001573	1	1	2
OG0001574	1	1	2
OG0001575	2	0	2
OG0001576	1	1	2
OG0001577	2	0	2
OG0001578	2	0	2
OG0001579	2	0	2
OG0001580	2	0	2
OG0001581	2	0	2
OG0001582	2	0	2
OG0001583	2	0	2
OG0001584	2	0	2
OG0001585	2	0	2
OG0001586	1	1	2
OG0001587	2	0	2
OG0001588	2	0	2
OG0001589	2	0	2
OG0001590	2	0	2
OG0001591	2	0	2
OG0001592	2	0	2
OG0001593	2	0	2
OG0001594	2	0	2
OG0001595	2	0	2
OG0001596	2	0	2
OG0001597	2	0	2
OG0001598	2	0	2
OG0001599	2	0	2
OG0001600	2	0	2
OG0001601	2	0	2
OG0001602	2	0	2
OG0001603	2	0	2
OG0001604	2	0	2
OG0001605	2	0	2
OG0001606	2	0	2
OG0001607	2	0	2
OG0001608	2	0	2
OG0001609	2	0	2
OG0001610	2	0	2
OG0001611	2	0	2
OG0001612	2	0	2
OG0001613	2	0	2
OG0001614	2	0	2
OG0001615	2	0	2
OG0001616	2	0	2
OG0001617	2	0	2
OG0001618	2	0	2
OG0001619	1	1	2
OG0001620	2	0	2
OG0001621	1	1	2
OG0001622	2	0	2
OG0001623	2	0	2
OG0001624	2	0	2
OG0001625	2	0	2
OG0001626	2	0	2
OG0001627	2	0	2
OG0001628	2	0	2
OG0001629	2	0	2
OG0001630	1	1	2
OG0001631	1	1	2
OG0001632	2	0	2
OG0001633	2	0	2
OG0001634	2	0	2
OG0001635	2	0	2
OG0001636	2	0	2
OG0001637	2	0	2
OG0001638	2	0	2
OG0001639	1	1	2
OG0001640	2	0	2
OG0001641	2	0	2
OG0001642	1	1	2
OG0001643	1	1	2
OG0001644	2	0	2
OG0001645	2	0	2
OG0001646	2	0	2
OG0001647	2	0	2
OG0001648	2	0	2
OG0001649	1	1	2
OG0001650	2	0	2
OG0001651	2	0	2
OG0001652	2	0	2
OG0001653	2	0	2
OG0001654	1	1	2
OG0001655	1	1	2
OG0001656	2	0	2
OG0001657	1	1	2
OG0001658	2	0	2
OG0001659	2	0	2
OG0001660	2	0	2
OG0001661	2	0	2
OG0001662	2	0	2
OG0001663	2	0	2
OG0001664	2	0	2
OG0001665	1	1	2
OG0001666	2	0	2
OG0001667	2	0	2
OG0001668	2	0	2
OG0001669	2	0	2
OG0001670	2	0	2
OG0001671	2	0	2
OG0001672	2	0	2
OG0001673	2	0	2
OG0001674	2	0	2
OG0001675	2	0	2
OG0001676	1	1	2
OG0001677	1	1	2
OG0001678	2	0	2
OG0001679	2	0	2
OG0001680	2	0	2
OG0001681	2	0	2
OG0001682	2	0	2
OG0001683	2	0	2
OG0001684	2	0	2
OG0001685	2	0	2
OG0001686	2	0	2
OG0001687	2	0	2
OG0001688	2	0	2
OG0001689	2	0	2
OG0001690	2	0	2
OG0001691	2	0	2
OG0001692	2	0	2
OG0001693	2	0	2
OG0001694	2	0	2
OG0001695	1	1	2
OG0001696	2	0	2
OG0001697	2	0	2
OG0001698	2	0	2
OG0001699	2	0	2
OG0001700	2	0	2
OG0001701	2	0	2
OG0001702	2	0	2
OG0001703	2	0	2
OG0001704	2	0	2
OG0001705	2	0	2
OG0001706	2	0	2
OG0001707	2	0	2
OG0001708	1	1	2
OG0001709	2	0	2
OG0001710	2	0	2
OG0001711	2	0	2
OG0001712	2	0	2
OG0001713	2	0	2
OG0001714	2	0	2
OG0001715	2	0	2
OG0001716	2	0	2
OG0001717	2	0	2
OG0001718	2	0	2
OG0001719	2	0	2
OG0001720	2	0	2
OG0001721	2	0	2
OG0001722	1	1	2
OG0001723	2	0	2
OG0001724	2	0	2
OG0001725	2	0	2
OG0001726	2	0	2
OG0001727	2	0	2
OG0001728	2	0	2
OG0001729	2	0	2
OG0001730	2	0	2
OG0001731	2	0	2
OG0001732	2	0	2
OG0001733	2	0	2
OG0001734	2	0	2
OG0001735	2	0	2
OG0001736	2	0	2
OG0001737	2	0	2
OG0001738	2	0	2
OG0001739	2	0	2
OG0001740	2	0	2
OG0001741	2	0	2
OG0001742	2	0	2
OG0001743	2	0	2
OG0001744	2	0	2
OG0001745	1	1	2
OG0001746	2	0	2
OG0001747	2	0	2
OG0001748	2	0	2
OG0001749	1	1	2
OG0001750	2	0	2
OG0001751	2	0	2
OG0001752	2	0	2
OG0001753	2	0	2
OG0001754	2	0	2
OG0001755	2	0	2
OG0001756	1	1	2
OG0001757	2	0	2
OG0001758	2	0	2
OG0001759	1	1	2
OG0001760	2	0	2
OG0001761	2	0	2
OG0001762	2	0	2
OG0001763	2	0	2
OG0001764	2	0	2
OG0001765	1	1	2
OG0001766	2	0	2
OG0001767	2	0	2
OG0001768	2	0	2
OG0001769	1	1	2
OG0001770	2	0	2
OG0001771	2	0	2
OG0001772	2	0	2
OG0001773	2	0	2
OG0001774	2	0	2
OG0001775	2	0	2
OG0001776	2	0	2
OG0001777	2	0	2
OG0001778	2	0	2
OG0001779	2	0	2
OG0001780	2	0	2
OG0001781	2	0	2
OG0001782	2	0	2
OG0001783	2	0	2
OG0001784	2	0	2
OG0001785	2	0	2
OG0001786	2	0	2
OG0001787	2	0	2
OG0001788	2	0	2
OG0001789	2	0	2
OG0001790	2	0	2
OG0001791	2	0	2
OG0001792	2	0	2
OG0001793	2	0	2
OG0001794	2	0	2
OG0001795	2	0	2
OG0001796	2	0	2
OG0001797	2	0	2
OG0001798	2	0	2
OG0001799	2	0	2
OG0001800	2	0	2
OG0001801	2	0	2
OG0001802	2	0	2
OG0001803	2	0	2
OG0001804	2	0	2
OG0001805	2	0	2
OG0001806	2	0	2
OG0001807	2	0	2
OG0001808	2	0	2
OG0001809	2	0	2
OG0001810	2	0	2
OG0001811	1	1	2
OG0001812	2	0	2
OG0001813	2	0	2
OG0001814	2	0	2
OG0001815	2	0	2
OG0001816	2	0	2
OG0001817	2	0	2
OG0001818	2	0	2
OG0001819	2	0	2
OG0001820	2	0	2
OG0001821	2	0	2
OG0001822	2	0	2
OG0001823	2	0	2
OG0001824	2	0	2
OG0001825	1	1	2
OG0001826	2	0	2
OG0001827	2	0	2
OG0001828	2	0	2
OG0001829	2	0	2
OG0001830	2	0	2
OG0001831	2	0	2
OG0001832	2	0	2
OG0001833	2	0	2
OG0001834	1	1	2
OG0001835	2	0	2
OG0001836	2	0	2
OG0001837	2	0	2
OG0001838	2	0	2
OG0001839	2	0	2
OG0001840	1	1	2
OG0001841	2	0	2
OG0001842	2	0	2
OG0001843	2	0	2
OG0001844	2	0	2
OG0001845	2	0	2
OG0001846	2	0	2
OG0001847	2	0	2
OG0001848	2	0	2
OG0001849	2	0	2
OG0001850	2	0	2
OG0001851	2	0	2
OG0001852	2	0	2
OG0001853	2	0	2
OG0001854	2	0	2
OG0001855	2	0	2
OG0001856	2	0	2
OG0001857	2	0	2
OG0001858	2	0	2
OG0001859	2	0	2
OG0001860	2	0	2
OG0001861	2	0	2
OG0001862	2	0	2
OG0001863	2	0	2
OG0001864	2	0	2
OG0001865	2	0	2
OG0001866	2	0	2
OG0001867	2	0	2
OG0001868	2	0	2
OG0001869	2	0	2
OG0001870	2	0	2
OG0001871	2	0	2
OG0001872	2	0	2
OG0001873	2	0	2
OG0001874	2	0	2
OG0001875	1	1	2
OG0001876	2	0	2
OG0001877	2	0	2
OG0001878	2	0	2
OG0001879	2	0	2
OG0001880	2	0	2
OG0001881	0	2	2
OG0001882	0	2	2
OG0001883	0	2	2
OG0001884	0	2	2
OG0001885	0	2	2
OG0001886	0	2	2
OG0001887	0	2	2
OG0001888	0	2	2
OG0001889	0	2	2
OG0001890	0	2	2
OG0001891	0	2	2
OG0001892	0	2	2
OG0001893	0	2	2
OG0001894	0	2	2
OG0001895	0	2	2
OG0001896	0	2	2
OG0001897	0	2	2
OG0001898	0	2	2
OG0001899	0	2	2
OG0001900	0	2	2
OG0001901	0	2	2
OG0001902	0	2	2
OG0001903	0	2	2
OG0001904	0	2	2
OG0001905	0	2	2
OG0001906	0	2	2
OG0001907	0	2	2
OG0001908	0	2	2
OG0001909	0	2	2
OG0001910	0	2	2
OG0001911	0	2	2
OG0001912	0	2	2
OG0001913	0	2	2
OG0001914	0	2	2
OG0001915	0	2	2
OG0001916	0	2	2
OG0001917	0	2	2
OG0001918	0	2	2
OG0001919	0	2	2
OG0001920	0	2	2
OG0001921	0	2	2
OG0001922	0	2	2
OG0001923	0	2	2
OG0001924	0	2	2
OG0001925	0	2	2
OG0001926	0	2	2
OG0001927	0	2	2
OG0001928	0	2	2
OG0001929	0	2	2
OG0001930	0	2	2
OG0001931	0	2	2
OG0001932	0	2	2
OG0001933	0	2	2
OG0001934	0	2	2
OG0001935	0	2	2
OG0001936	0	2	2
OG0001937	0	2	2
OG0001938	0	2	2
OG0001939	0	2	2
OG0001940	0	2	2
OG0001941	0	2	2
OG0001942	0	2	2
OG0001943	0	2	2
OG0001944	0	2	2
OG0001945	0	2	2
OG0001946	0	2	2
OG0001947	0	2	2
OG0001948	0	2	2
OG0001949	0	2	2
OG0001950	0	2	2
OG0001951	0	2	2
OG0001952	0	2	2
OG0001953	0	2	2
OG0001954	0	2	2
OG0001955	0	2	2
OG0001956	0	2	2
OG0001957	0	2	2
OG0001958	0	2	2
OG0001959	0	2	2
OG0001960	0	2	2
OG0001961	0	2	2
OG0001962	0	2	2
OG0001963	0	2	2
OG0001964	0	2	2
OG0001965	0	2	2
OG0001966	0	2	2
OG0001967	0	2	2
OG0001968	0	2	2
OG0001969	0	2	2
OG0001970	0	2	2
OG0001971	0	2	2
OG0001972	0	2	2
OG0001973	0	2	2
OG0001974	0	2	2
OG0001975	0	2	2
OG0001976	0	2	2
OG0001977	0	2	2
OG0001978	0	2	2
OG0001979	0	2	2
OG0001980	0	2	2
OG0001981	0	2	2
OG0001982	0	2	2
OG0001983	0	2	2
OG0001984	0	2	2
OG0001985	0	2	2
OG0001986	0	2	2
OG0001987	0	2	2
OG0001988	0	2	2
OG0001989	0	2	2
OG0001990	0	2	2
OG0001991	0	2	2
OG0001992	0	2	2
OG0001993	0	2	2
OG0001994	0	2	2
OG0001995	0	2	2
OG0001996	0	2	2
OG0001997	0	2	2
OG0001998	0	2	2
OG0001999	0	2	2
OG0002000	0	2	2
OG0002001	0	2	2
OG0002002	0	2	2
OG0002003	0	2	2
OG0002004	0	2	2
OG0002005	0	2	2
OG0002006	0	2	2
OG0002007	0	2	2
OG0002008	0	2	2
OG0002009	0	2	2
OG0002010	0	2	2
OG0002011	0	2	2
OG0002012	0	2	2
OG0002013	0	2	2
OG0002014	0	2	2
OG0002015	0	2	2
OG0002016	0	2	2
OG0002017	0	2	2
OG0002018	0	2	2
OG0002019	0	2	2
OG0002020	0	2	2
OG0002021	0	2	2
OG0002022	0	2	2
OG0002023	0	2	2
OG0002024	0	2	2
OG0002025	0	2	2
OG0002026	0	2	2
OG0002027	0	2	2
OG0002028	0	2	2
OG0002029	0	2	2
OG0002030	0	2	2
OG0002031	0	2	2
OG0002032	0	2	2
OG0002033	0	2	2
OG0002034	0	2	2
OG0002035	0	2	2
OG0002036	0	2	2
OG0002037	0	2	2
OG0002038	0	2	2
OG0002039	0	2	2
OG0002040	0	2	2
OG0002041	0	2	2
OG0002042	0	2	2
OG0002043	0	2	2
OG0002044	0	2	2
OG0002045	0	2	2
OG0002046	0	2	2
OG0002047	0	2	2
OG0002048	0	2	2
OG0002049	0	2	2
OG0002050	0	2	2
OG0002051	0	2	2
OG0002052	0	2	2
OG0002053	0	2	2
OG0002054	0	2	2
OG0002055	0	2	2
OG0002056	0	2	2
OG0002057	0	2	2
OG0002058	0	2	2
OG0002059	0	2	2
OG0002060	0	2	2
OG0002061	0	2	2
OG0002062	0	2	2
OG0002063	0	2	2
OG0002064	0	2	2
OG0002065	0	2	2
OG0002066	0	2	2
OG0002067	0	2	2
OG0002068	0	2	2
OG0002069	0	2	2
OG0002070	0	2	2
OG0002071	0	2	2
OG0002072	0	2	2
OG0002073	0	2	2
OG0002074	0	2	2
OG0002075	0	2	2
OG0002076	0	2	2
OG0002077	0	2	2
OG0002078	0	2	2
OG0002079	0	2	2
OG0002080	0	2	2
OG0002081	0	2	2
OG0002082	0	2	2
OG0002083	0	2	2
OG0002084	0	2	2
OG0002085	0	2	2
OG0002086	0	2	2
OG0002087	0	2	2
OG0002088	0	2	2
OG0002089	0	2	2
OG0002090	0	2	2
OG0002091	0	2	2
OG0002092	0	2	2
OG0002093	0	2	2
OG0002094	0	2	2
OG0002095	0	2	2
OG0002096	0	2	2
OG0002097	0	2	2
OG0002098	0	2	2
OG0002099	0	2	2
OG0002100	0	2	2
OG0002101	0	2	2
OG0002102	0	2	2
OG0002103	0	2	2
OG0002104	0	2	2
OG0002105	0	2	2
OG0002106	0	2	2
OG0002107	0	2	2
OG0002108	0	2	2
OG0002109	0	2	2
OG0002110	0	2	2
OG0002111	0	2	2
OG0002112	0	2	2
OG0002113	0	2	2
OG0002114	0	2	2
OG0002115	0	2	2
OG0002116	0	2	2
OG0002117	0	2	2
OG0002118	0	2	2
OG0002119	0	2	2
OG0002120	0	2	2
OG0002121	0	2	2
OG0002122	0	2	2
OG0002123	0	2	2
OG0002124	0	2	2
OG0002125	0	2	2
OG0002126	0	2	2
OG0002127	0	2	2
OG0002128	0	2	2
OG0002129	0	2	2
OG0002130	0	2	2
OG0002131	0	2	2
OG0002132	0	2	2
OG0002133	0	2	2
OG0002134	0	2	2
OG0002135	0	2	2
OG0002136	0	2	2
OG0002137	0	2	2
OG0002138	0	2	2
OG0002139	0	2	2
OG0002140	0	2	2
OG0002141	0	2	2
OG0002142	0	2	2
OG0002143	0	2	2
OG0002144	0	2	2
OG0002145	0	2	2
OG0002146	0	2	2
OG0002147	0	2	2
OG0002148	0	2	2
OG0002149	0	2	2
OG0002150	0	2	2
OG0002151	0	2	2
OG0002152	0	2	2
OG0002153	0	2	2
OG0002154	0	2	2
OG0002155	0	2	2
OG0002156	0	2	2
OG0002157	0	2	2
OG0002158	0	2	2
OG0002159	0	2	2
OG0002160	0	2	2
OG0002161	0	2	2
OG0002162	0	2	2
OG0002163	0	2	2
OG0002164	0	2	2
OG0002165	0	2	2
OG0002166	0	2	2
OG0002167	0	2	2
OG0002168	0	2	2
OG0002169	0	2	2
OG0002170	0	2	2
OG0002171	0	2	2
OG0002172	0	2	2
OG0002173	0	2	2
OG0002174	0	2	2
OG0002175	0	2	2
OG0002176	0	2	2
OG0002177	0	2	2
OG0002178	0	2	2
OG0002179	0	2	2
OG0002180	0	2	2
OG0002181	0	2	2
OG0002182	0	2	2
OG0002183	0	2	2
OG0002184	0	2	2
OG0002185	0	2	2
OG0002186	0	2	2
OG0002187	0	2	2
OG0002188	0	2	2
OG0002189	0	2	2
OG0002190	0	2	2
OG0002191	0	2	2
OG0002192	0	2	2
OG0002193	0	2	2
OG0002194	0	2	2
OG0002195	0	2	2
OG0002196	0	2	2
OG0002197	0	2	2
OG0002198	0	2	2
OG0002199	0	2	2
OG0002200	0	2	2
OG0002201	0	2	2
OG0002202	0	2	2
OG0002203	0	2	2
OG0002204	0	2	2
OG0002205	0	2	2
OG0002206	0	2	2
OG0002207	0	2	2
OG0002208	0	2	2
OG0002209	0	2	2
OG0002210	0	2	2
OG0002211	0	2	2
OG0002212	0	2	2
OG0002213	0	2	2
OG0002214	0	2	2
OG0002215	0	2	2
OG0002216	0	2	2
OG0002217	0	2	2
OG0002218	0	2	2
OG0002219	0	2	2
OG0002220	0	2	2
OG0002221	0	2	2
OG0002222	0	2	2
OG0002223	0	2	2
OG0002224	0	2	2
OG0002225	0	2	2
OG0002226	0	2	2
OG0002227	0	2	2
OG0002228	0	2	2
OG0002229	0	2	2
OG0002230	0	2	2
OG0002231	0	2	2
OG0002232	0	2	2
OG0002233	0	2	2
OG0002234	0	2	2
OG0002235	0	2	2
OG0002236	0	2	2
OG0002237	0	2	2
OG0002238	0	2	2
OG0002239	0	2	2
OG0002240	0	2	2
OG0002241	0	2	2
OG0002242	0	2	2
OG0002243	0	2	2
OG0002244	0	2	2
OG0002245	0	2	2
OG0002246	0	2	2
OG0002247	0	2	2
OG0002248	0	2	2
OG0002249	0	2	2
OG0002250	0	2	2
OG0002251	0	2	2
OG0002252	0	2	2
OG0002253	0	2	2
OG0002254	0	2	2
OG0002255	0	2	2
OG0002256	0	2	2
OG0002257	0	2	2
OG0002258	0	2	2
OG0002259	0	2	2
OG0002260	0	2	2
OG0002261	0	2	2
OG0002262	0	2	2
OG0002263	0	2	2
OG0002264	0	2	2
OG0002265	0	2	2
OG0002266	0	2	2
OG0002267	0	2	2
OG0002268	0	2	2
OG0002269	0	2	2
OG0002270	0	2	2
OG0002271	0	2	2
OG0002272	0	2	2
OG0002273	0	2	2
OG0002274	0	2	2
OG0002275	0	2	2
OG0002276	0	2	2
OG0002277	0	2	2
OG0002278	0	2	2
OG0002279	0	2	2
OG0002280	0	2	2
OG0002281	0	2	2
OG0002282	0	2	2
OG0002283	0	2	2
OG0002284	0	2	2
OG0002285	0	2	2
OG0002286	0	2	2
OG0002287	0	2	2
OG0002288	0	2	2
OG0002289	0	2	2
OG0002290	0	2	2
OG0002291	0	2	2
OG0002292	0	2	2
OG0002293	0	2	2
OG0002294	0	2	2
OG0002295	0	2	2
OG0002296	0	2	2
OG0002297	0	2	2
OG0002298	0	2	2
OG0002299	0	2	2
OG0002300	0	2	2
OG0002301	0	2	2
OG0002302	0	2	2
OG0002303	0	2	2
OG0002304	0	2	2
OG0002305	0	2	2
OG0002306	0	2	2
OG0002307	0	2	2
OG0002308	0	2	2
OG0002309	0	2	2
OG0002310	0	2	2
OG0002311	0	2	2
OG0002312	0	2	2
OG0002313	0	2	2
OG0002314	0	2	2
OG0002315	0	2	2
OG0002316	0	2	2
OG0002317	0	2	2
OG0002318	0	2	2
OG0002319	0	2	2
OG0002320	0	2	2
OG0002321	0	2	2
OG0002322	0	2	2
OG0002323	0	2	2
OG0002324	0	2	2
OG0002325	0	2	2
OG0002326	0	2	2
OG0002327	0	2	2
OG0002328	0	2	2
OG0002329	0	2	2
OG0002330	0	2	2
OG0002331	0	2	2
OG0002332	0	2	2
OG0002333	0	2	2
OG0002334	0	2	2
OG0002335	0	2	2
OG0002336	0	2	2
OG0002337	0	2	2
OG0002338	0	2	2
OG0002339	0	2	2
OG0002340	0	2	2
OG0002341	0	2	2
OG0002342	0	2	2
OG0002343	0	2	2
OG0002344	0	2	2
OG0002345	0	2	2
OG0002346	0	2	2
OG0002347	0	2	2
OG0002348	0	2	2
OG0002349	0	2	2
OG0002350	0	2	2
OG0002351	0	2	2
OG0002352	0	2	2
OG0002353	0	2	2
OG0002354	0	2	2
OG0002355	0	2	2
OG0002356	0	2	2
OG0002357	0	2	2
OG0002358	0	2	2
OG0002359	0	2	2
OG0002360	0	2	2
OG0002361	0	2	2
OG0002362	0	2	2
OG0002363	0	2	2
OG0002364	0	2	2
OG0002365	0	2	2
OG0002366	0	2	2
OG0002367	0	2	2
OG0002368	0	2	2
OG0002369	0	2	2
