Orthogroup	costa_cerevisiae_pos_go	protein_mansoni	Total
OG0000000	0	111	111
OG0000001	0	52	52
OG0000002	1	49	50
OG0000003	0	43	43
OG0000004	0	42	42
OG0000005	0	39	39
OG0000006	0	32	32
OG0000007	0	29	29
OG0000008	0	28	28
OG0000009	0	23	23
OG0000010	0	23	23
OG0000011	0	22	22
OG0000012	0	22	22
OG0000013	0	22	22
OG0000014	0	21	21
OG0000015	0	21	21
OG0000016	0	21	21
OG0000017	0	21	21
OG0000018	0	20	20
OG0000019	0	20	20
OG0000020	0	20	20
OG0000021	0	19	19
OG0000022	0	19	19
OG0000023	0	19	19
OG0000024	0	19	19
OG0000025	1	17	18
OG0000026	1	17	18
OG0000027	0	18	18
OG0000028	0	18	18
OG0000029	2	15	17
OG0000030	0	17	17
OG0000031	0	17	17
OG0000032	0	16	16
OG0000033	0	16	16
OG0000034	0	16	16
OG0000035	0	16	16
OG0000036	0	16	16
OG0000037	9	6	15
OG0000038	0	15	15
OG0000039	0	15	15
OG0000040	0	14	14
OG0000041	0	14	14
OG0000042	0	14	14
OG0000043	8	5	13
OG0000044	1	12	13
OG0000045	1	12	13
OG0000046	0	13	13
OG0000047	0	13	13
OG0000048	0	13	13
OG0000049	0	13	13
OG0000050	0	13	13
OG0000051	0	13	13
OG0000052	0	13	13
OG0000053	0	12	12
OG0000054	0	12	12
OG0000055	0	12	12
OG0000056	0	12	12
OG0000057	0	12	12
OG0000058	0	12	12
OG0000059	0	12	12
OG0000060	0	12	12
OG0000061	0	12	12
OG0000062	0	12	12
OG0000063	0	12	12
OG0000064	0	12	12
OG0000065	0	12	12
OG0000066	0	12	12
OG0000067	6	5	11
OG0000068	1	10	11
OG0000069	0	11	11
OG0000070	0	11	11
OG0000071	0	11	11
OG0000072	0	11	11
OG0000073	0	11	11
OG0000074	0	11	11
OG0000075	0	11	11
OG0000076	0	11	11
OG0000077	0	11	11
OG0000078	0	11	11
OG0000079	0	11	11
OG0000080	0	10	10
OG0000081	0	10	10
OG0000082	0	10	10
OG0000083	0	10	10
OG0000084	0	10	10
OG0000085	0	10	10
OG0000086	0	10	10
OG0000087	0	10	10
OG0000088	0	10	10
OG0000089	0	10	10
OG0000090	0	10	10
OG0000091	0	10	10
OG0000092	0	10	10
OG0000093	0	10	10
OG0000094	0	10	10
OG0000095	4	5	9
OG0000096	0	9	9
OG0000097	0	9	9
OG0000098	0	9	9
OG0000099	0	9	9
OG0000100	0	9	9
OG0000101	0	9	9
OG0000102	0	9	9
OG0000103	0	9	9
OG0000104	0	9	9
OG0000105	0	9	9
OG0000106	0	9	9
OG0000107	0	9	9
OG0000108	0	9	9
OG0000109	0	9	9
OG0000110	0	9	9
OG0000111	0	9	9
OG0000112	2	6	8
OG0000113	5	3	8
OG0000114	1	7	8
OG0000115	4	4	8
OG0000116	1	7	8
OG0000117	0	8	8
OG0000118	0	8	8
OG0000119	0	8	8
OG0000120	0	8	8
OG0000121	0	8	8
OG0000122	0	8	8
OG0000123	0	8	8
OG0000124	0	8	8
OG0000125	0	8	8
OG0000126	0	8	8
OG0000127	0	8	8
OG0000128	0	8	8
OG0000129	0	8	8
OG0000130	0	8	8
OG0000131	1	6	7
OG0000132	3	4	7
OG0000133	1	6	7
OG0000134	0	7	7
OG0000135	0	7	7
OG0000136	0	7	7
OG0000137	0	7	7
OG0000138	0	7	7
OG0000139	0	7	7
OG0000140	0	7	7
OG0000141	0	7	7
OG0000142	0	7	7
OG0000143	0	7	7
OG0000144	0	7	7
OG0000145	0	7	7
OG0000146	0	7	7
OG0000147	0	7	7
OG0000148	0	7	7
OG0000149	0	7	7
OG0000150	0	7	7
OG0000151	0	7	7
OG0000152	0	7	7
OG0000153	0	7	7
OG0000154	3	3	6
OG0000155	1	5	6
OG0000156	3	3	6
OG0000157	0	6	6
OG0000158	0	6	6
OG0000159	0	6	6
OG0000160	0	6	6
OG0000161	0	6	6
OG0000162	0	6	6
OG0000163	0	6	6
OG0000164	0	6	6
OG0000165	0	6	6
OG0000166	0	6	6
OG0000167	0	6	6
OG0000168	0	6	6
OG0000169	0	6	6
OG0000170	0	6	6
OG0000171	0	6	6
OG0000172	0	6	6
OG0000173	0	6	6
OG0000174	0	6	6
OG0000175	0	6	6
OG0000176	0	6	6
OG0000177	0	6	6
OG0000178	0	6	6
OG0000179	0	6	6
OG0000180	0	6	6
OG0000181	0	6	6
OG0000182	0	6	6
OG0000183	0	6	6
OG0000184	0	6	6
OG0000185	0	6	6
OG0000186	0	6	6
OG0000187	0	6	6
OG0000188	0	6	6
OG0000189	0	6	6
OG0000190	0	6	6
OG0000191	0	6	6
OG0000192	0	6	6
OG0000193	0	6	6
OG0000194	0	6	6
OG0000195	2	3	5
OG0000196	1	4	5
OG0000197	1	4	5
OG0000198	1	4	5
OG0000199	1	4	5
OG0000200	0	5	5
OG0000201	0	5	5
OG0000202	0	5	5
OG0000203	0	5	5
OG0000204	0	5	5
OG0000205	0	5	5
OG0000206	0	5	5
OG0000207	0	5	5
OG0000208	0	5	5
OG0000209	0	5	5
OG0000210	0	5	5
OG0000211	0	5	5
OG0000212	0	5	5
OG0000213	0	5	5
OG0000214	0	5	5
OG0000215	0	5	5
OG0000216	0	5	5
OG0000217	0	5	5
OG0000218	0	5	5
OG0000219	0	5	5
OG0000220	0	5	5
OG0000221	0	5	5
OG0000222	0	5	5
OG0000223	0	5	5
OG0000224	0	5	5
OG0000225	0	5	5
OG0000226	0	5	5
OG0000227	0	5	5
OG0000228	0	5	5
OG0000229	0	5	5
OG0000230	0	5	5
OG0000231	0	5	5
OG0000232	0	5	5
OG0000233	0	5	5
OG0000234	0	5	5
OG0000235	0	5	5
OG0000236	0	5	5
OG0000237	0	5	5
OG0000238	0	5	5
OG0000239	0	5	5
OG0000240	0	5	5
OG0000241	0	5	5
OG0000242	0	5	5
OG0000243	0	5	5
OG0000244	0	5	5
OG0000245	0	5	5
OG0000246	0	5	5
OG0000247	0	5	5
OG0000248	0	5	5
OG0000249	0	5	5
OG0000250	1	3	4
OG0000251	2	2	4
OG0000252	1	3	4
OG0000253	3	1	4
OG0000254	1	3	4
OG0000255	3	1	4
OG0000256	2	2	4
OG0000257	1	3	4
OG0000258	2	2	4
OG0000259	1	3	4
OG0000260	2	2	4
OG0000261	2	2	4
OG0000262	2	2	4
OG0000263	2	2	4
OG0000264	2	2	4
OG0000265	2	2	4
OG0000266	1	3	4
OG0000267	2	2	4
OG0000268	2	2	4
OG0000269	1	3	4
OG0000270	1	3	4
OG0000271	2	2	4
OG0000272	2	2	4
OG0000273	1	3	4
OG0000274	1	3	4
OG0000275	1	3	4
OG0000276	1	3	4
OG0000277	1	3	4
OG0000278	1	3	4
OG0000279	1	3	4
OG0000280	0	4	4
OG0000281	0	4	4
OG0000282	0	4	4
OG0000283	0	4	4
OG0000284	0	4	4
OG0000285	0	4	4
OG0000286	0	4	4
OG0000287	0	4	4
OG0000288	0	4	4
OG0000289	0	4	4
OG0000290	0	4	4
OG0000291	0	4	4
OG0000292	0	4	4
OG0000293	0	4	4
OG0000294	0	4	4
OG0000295	0	4	4
OG0000296	0	4	4
OG0000297	0	4	4
OG0000298	0	4	4
OG0000299	0	4	4
OG0000300	0	4	4
OG0000301	0	4	4
OG0000302	0	4	4
OG0000303	0	4	4
OG0000304	0	4	4
OG0000305	0	4	4
OG0000306	0	4	4
OG0000307	0	4	4
OG0000308	0	4	4
OG0000309	0	4	4
OG0000310	0	4	4
OG0000311	0	4	4
OG0000312	0	4	4
OG0000313	0	4	4
OG0000314	0	4	4
OG0000315	0	4	4
OG0000316	0	4	4
OG0000317	0	4	4
OG0000318	0	4	4
OG0000319	0	4	4
OG0000320	0	4	4
OG0000321	0	4	4
OG0000322	0	4	4
OG0000323	0	4	4
OG0000324	0	4	4
OG0000325	0	4	4
OG0000326	0	4	4
OG0000327	0	4	4
OG0000328	0	4	4
OG0000329	0	4	4
OG0000330	0	4	4
OG0000331	0	4	4
OG0000332	0	4	4
OG0000333	0	4	4
OG0000334	0	4	4
OG0000335	0	4	4
OG0000336	0	4	4
OG0000337	0	4	4
OG0000338	0	4	4
OG0000339	0	4	4
OG0000340	0	4	4
OG0000341	0	4	4
OG0000342	0	4	4
OG0000343	0	4	4
OG0000344	0	4	4
OG0000345	0	4	4
OG0000346	0	4	4
OG0000347	0	4	4
OG0000348	0	4	4
OG0000349	0	4	4
OG0000350	0	4	4
OG0000351	0	4	4
OG0000352	0	4	4
OG0000353	0	4	4
OG0000354	0	4	4
OG0000355	0	4	4
OG0000356	0	4	4
OG0000357	0	4	4
OG0000358	0	4	4
OG0000359	0	4	4
OG0000360	0	4	4
OG0000361	0	4	4
OG0000362	0	4	4
OG0000363	0	4	4
OG0000364	0	4	4
OG0000365	0	4	4
OG0000366	0	4	4
OG0000367	0	4	4
OG0000368	0	4	4
OG0000369	1	2	3
OG0000370	1	2	3
OG0000371	3	0	3
OG0000372	1	2	3
OG0000373	1	2	3
OG0000374	1	2	3
OG0000375	2	1	3
OG0000376	2	1	3
OG0000377	2	1	3
OG0000378	1	2	3
OG0000379	1	2	3
OG0000380	1	2	3
OG0000381	1	2	3
OG0000382	1	2	3
OG0000383	2	1	3
OG0000384	2	1	3
OG0000385	2	1	3
OG0000386	1	2	3
OG0000387	1	2	3
OG0000388	1	2	3
OG0000389	2	1	3
OG0000390	2	1	3
OG0000391	2	1	3
OG0000392	2	1	3
OG0000393	1	2	3
OG0000394	1	2	3
OG0000395	1	2	3
OG0000396	1	2	3
OG0000397	2	1	3
OG0000398	1	2	3
OG0000399	2	1	3
OG0000400	2	1	3
OG0000401	2	1	3
OG0000402	1	2	3
OG0000403	1	2	3
OG0000404	1	2	3
OG0000405	1	2	3
OG0000406	1	2	3
OG0000407	1	2	3
OG0000408	1	2	3
OG0000409	1	2	3
OG0000410	1	2	3
OG0000411	1	2	3
OG0000412	1	2	3
OG0000413	1	2	3
OG0000414	1	2	3
OG0000415	1	2	3
OG0000416	2	1	3
OG0000417	1	2	3
OG0000418	1	2	3
OG0000419	1	2	3
OG0000420	1	2	3
OG0000421	1	2	3
OG0000422	1	2	3
OG0000423	1	2	3
OG0000424	1	2	3
OG0000425	0	3	3
OG0000426	0	3	3
OG0000427	0	3	3
OG0000428	0	3	3
OG0000429	0	3	3
OG0000430	0	3	3
OG0000431	0	3	3
OG0000432	0	3	3
OG0000433	0	3	3
OG0000434	0	3	3
OG0000435	0	3	3
OG0000436	0	3	3
OG0000437	0	3	3
OG0000438	0	3	3
OG0000439	0	3	3
OG0000440	0	3	3
OG0000441	0	3	3
OG0000442	0	3	3
OG0000443	0	3	3
OG0000444	0	3	3
OG0000445	0	3	3
OG0000446	0	3	3
OG0000447	0	3	3
OG0000448	0	3	3
OG0000449	0	3	3
OG0000450	0	3	3
OG0000451	0	3	3
OG0000452	0	3	3
OG0000453	0	3	3
OG0000454	0	3	3
OG0000455	0	3	3
OG0000456	0	3	3
OG0000457	0	3	3
OG0000458	0	3	3
OG0000459	0	3	3
OG0000460	0	3	3
OG0000461	0	3	3
OG0000462	0	3	3
OG0000463	0	3	3
OG0000464	0	3	3
OG0000465	0	3	3
OG0000466	0	3	3
OG0000467	0	3	3
OG0000468	0	3	3
OG0000469	0	3	3
OG0000470	0	3	3
OG0000471	0	3	3
OG0000472	0	3	3
OG0000473	0	3	3
OG0000474	0	3	3
OG0000475	0	3	3
OG0000476	0	3	3
OG0000477	0	3	3
OG0000478	0	3	3
OG0000479	0	3	3
OG0000480	0	3	3
OG0000481	0	3	3
OG0000482	0	3	3
OG0000483	0	3	3
OG0000484	0	3	3
OG0000485	0	3	3
OG0000486	0	3	3
OG0000487	0	3	3
OG0000488	0	3	3
OG0000489	0	3	3
OG0000490	0	3	3
OG0000491	0	3	3
OG0000492	0	3	3
OG0000493	0	3	3
OG0000494	0	3	3
OG0000495	0	3	3
OG0000496	0	3	3
OG0000497	0	3	3
OG0000498	0	3	3
OG0000499	0	3	3
OG0000500	0	3	3
OG0000501	0	3	3
OG0000502	0	3	3
OG0000503	0	3	3
OG0000504	0	3	3
OG0000505	0	3	3
OG0000506	0	3	3
OG0000507	0	3	3
OG0000508	0	3	3
OG0000509	0	3	3
OG0000510	0	3	3
OG0000511	0	3	3
OG0000512	0	3	3
OG0000513	0	3	3
OG0000514	0	3	3
OG0000515	0	3	3
OG0000516	0	3	3
OG0000517	0	3	3
OG0000518	0	3	3
OG0000519	0	3	3
OG0000520	0	3	3
OG0000521	0	3	3
OG0000522	0	3	3
OG0000523	0	3	3
OG0000524	0	3	3
OG0000525	0	3	3
OG0000526	0	3	3
OG0000527	0	3	3
OG0000528	0	3	3
OG0000529	0	3	3
OG0000530	0	3	3
OG0000531	0	3	3
OG0000532	0	3	3
OG0000533	0	3	3
OG0000534	0	3	3
OG0000535	0	3	3
OG0000536	0	3	3
OG0000537	0	3	3
OG0000538	0	3	3
OG0000539	0	3	3
OG0000540	0	3	3
OG0000541	0	3	3
OG0000542	0	3	3
OG0000543	0	3	3
OG0000544	0	3	3
OG0000545	0	3	3
OG0000546	0	3	3
OG0000547	0	3	3
OG0000548	0	3	3
OG0000549	0	3	3
OG0000550	0	3	3
OG0000551	0	3	3
OG0000552	0	3	3
OG0000553	0	3	3
OG0000554	0	3	3
OG0000555	0	3	3
OG0000556	0	3	3
OG0000557	0	3	3
OG0000558	0	3	3
OG0000559	0	3	3
OG0000560	0	3	3
OG0000561	0	3	3
OG0000562	0	3	3
OG0000563	0	3	3
OG0000564	0	3	3
OG0000565	0	3	3
OG0000566	0	3	3
OG0000567	0	3	3
OG0000568	0	3	3
OG0000569	0	3	3
OG0000570	0	3	3
OG0000571	0	3	3
OG0000572	0	3	3
OG0000573	0	3	3
OG0000574	0	3	3
OG0000575	0	3	3
OG0000576	0	3	3
OG0000577	0	3	3
OG0000578	0	3	3
OG0000579	0	3	3
OG0000580	0	3	3
OG0000581	0	3	3
OG0000582	0	3	3
OG0000583	0	3	3
OG0000584	0	3	3
OG0000585	0	3	3
OG0000586	0	3	3
OG0000587	0	3	3
OG0000588	0	3	3
OG0000589	0	3	3
OG0000590	0	3	3
OG0000591	0	3	3
OG0000592	0	3	3
OG0000593	0	3	3
OG0000594	0	3	3
OG0000595	0	3	3
OG0000596	0	3	3
OG0000597	0	3	3
OG0000598	0	3	3
OG0000599	0	3	3
OG0000600	0	3	3
OG0000601	1	1	2
OG0000602	1	1	2
OG0000603	1	1	2
OG0000604	1	1	2
OG0000605	1	1	2
OG0000606	1	1	2
OG0000607	1	1	2
OG0000608	1	1	2
OG0000609	1	1	2
OG0000610	1	1	2
OG0000611	1	1	2
OG0000612	1	1	2
OG0000613	1	1	2
OG0000614	1	1	2
OG0000615	1	1	2
OG0000616	1	1	2
OG0000617	1	1	2
OG0000618	1	1	2
OG0000619	1	1	2
OG0000620	1	1	2
OG0000621	1	1	2
OG0000622	1	1	2
OG0000623	1	1	2
OG0000624	1	1	2
OG0000625	1	1	2
OG0000626	1	1	2
OG0000627	1	1	2
OG0000628	1	1	2
OG0000629	1	1	2
OG0000630	1	1	2
OG0000631	1	1	2
OG0000632	1	1	2
OG0000633	1	1	2
OG0000634	1	1	2
OG0000635	1	1	2
OG0000636	1	1	2
OG0000637	1	1	2
OG0000638	1	1	2
OG0000639	1	1	2
OG0000640	1	1	2
OG0000641	1	1	2
OG0000642	1	1	2
OG0000643	1	1	2
OG0000644	1	1	2
OG0000645	1	1	2
OG0000646	1	1	2
OG0000647	1	1	2
OG0000648	1	1	2
OG0000649	1	1	2
OG0000650	1	1	2
OG0000651	1	1	2
OG0000652	1	1	2
OG0000653	1	1	2
OG0000654	1	1	2
OG0000655	1	1	2
OG0000656	1	1	2
OG0000657	1	1	2
OG0000658	1	1	2
OG0000659	1	1	2
OG0000660	1	1	2
OG0000661	1	1	2
OG0000662	1	1	2
OG0000663	1	1	2
OG0000664	1	1	2
OG0000665	1	1	2
OG0000666	1	1	2
OG0000667	1	1	2
OG0000668	1	1	2
OG0000669	1	1	2
OG0000670	1	1	2
OG0000671	1	1	2
OG0000672	1	1	2
OG0000673	1	1	2
OG0000674	1	1	2
OG0000675	1	1	2
OG0000676	1	1	2
OG0000677	1	1	2
OG0000678	1	1	2
OG0000679	1	1	2
OG0000680	1	1	2
OG0000681	1	1	2
OG0000682	1	1	2
OG0000683	1	1	2
OG0000684	1	1	2
OG0000685	1	1	2
OG0000686	1	1	2
OG0000687	1	1	2
OG0000688	1	1	2
OG0000689	1	1	2
OG0000690	1	1	2
OG0000691	1	1	2
OG0000692	1	1	2
OG0000693	1	1	2
OG0000694	1	1	2
OG0000695	1	1	2
OG0000696	2	0	2
OG0000697	1	1	2
OG0000698	1	1	2
OG0000699	1	1	2
OG0000700	1	1	2
OG0000701	1	1	2
OG0000702	1	1	2
OG0000703	1	1	2
OG0000704	1	1	2
OG0000705	1	1	2
OG0000706	1	1	2
OG0000707	1	1	2
OG0000708	1	1	2
OG0000709	1	1	2
OG0000710	1	1	2
OG0000711	1	1	2
OG0000712	1	1	2
OG0000713	1	1	2
OG0000714	1	1	2
OG0000715	1	1	2
OG0000716	1	1	2
OG0000717	1	1	2
OG0000718	1	1	2
OG0000719	1	1	2
OG0000720	1	1	2
OG0000721	1	1	2
OG0000722	1	1	2
OG0000723	1	1	2
OG0000724	1	1	2
OG0000725	1	1	2
OG0000726	1	1	2
OG0000727	1	1	2
OG0000728	1	1	2
OG0000729	1	1	2
OG0000730	1	1	2
OG0000731	1	1	2
OG0000732	1	1	2
OG0000733	1	1	2
OG0000734	1	1	2
OG0000735	1	1	2
OG0000736	1	1	2
OG0000737	1	1	2
OG0000738	1	1	2
OG0000739	1	1	2
OG0000740	1	1	2
OG0000741	1	1	2
OG0000742	1	1	2
OG0000743	1	1	2
OG0000744	1	1	2
OG0000745	1	1	2
OG0000746	1	1	2
OG0000747	1	1	2
OG0000748	1	1	2
OG0000749	1	1	2
OG0000750	1	1	2
OG0000751	1	1	2
OG0000752	1	1	2
OG0000753	1	1	2
OG0000754	1	1	2
OG0000755	1	1	2
OG0000756	1	1	2
OG0000757	1	1	2
OG0000758	1	1	2
OG0000759	1	1	2
OG0000760	1	1	2
OG0000761	1	1	2
OG0000762	1	1	2
OG0000763	1	1	2
OG0000764	1	1	2
OG0000765	1	1	2
OG0000766	1	1	2
OG0000767	1	1	2
OG0000768	1	1	2
OG0000769	1	1	2
OG0000770	1	1	2
OG0000771	1	1	2
OG0000772	1	1	2
OG0000773	1	1	2
OG0000774	1	1	2
OG0000775	1	1	2
OG0000776	1	1	2
OG0000777	1	1	2
OG0000778	1	1	2
OG0000779	1	1	2
OG0000780	1	1	2
OG0000781	1	1	2
OG0000782	1	1	2
OG0000783	1	1	2
OG0000784	1	1	2
OG0000785	1	1	2
OG0000786	1	1	2
OG0000787	1	1	2
OG0000788	1	1	2
OG0000789	1	1	2
OG0000790	1	1	2
OG0000791	1	1	2
OG0000792	1	1	2
OG0000793	1	1	2
OG0000794	1	1	2
OG0000795	1	1	2
OG0000796	1	1	2
OG0000797	1	1	2
OG0000798	1	1	2
OG0000799	1	1	2
OG0000800	1	1	2
OG0000801	1	1	2
OG0000802	1	1	2
OG0000803	1	1	2
OG0000804	1	1	2
OG0000805	1	1	2
OG0000806	1	1	2
OG0000807	1	1	2
OG0000808	1	1	2
OG0000809	1	1	2
OG0000810	1	1	2
OG0000811	1	1	2
OG0000812	1	1	2
OG0000813	1	1	2
OG0000814	1	1	2
OG0000815	1	1	2
OG0000816	1	1	2
OG0000817	1	1	2
OG0000818	1	1	2
OG0000819	1	1	2
OG0000820	1	1	2
OG0000821	1	1	2
OG0000822	1	1	2
OG0000823	1	1	2
OG0000824	1	1	2
OG0000825	1	1	2
OG0000826	2	0	2
OG0000827	1	1	2
OG0000828	1	1	2
OG0000829	1	1	2
OG0000830	1	1	2
OG0000831	1	1	2
OG0000832	1	1	2
OG0000833	1	1	2
OG0000834	1	1	2
OG0000835	1	1	2
OG0000836	1	1	2
OG0000837	1	1	2
OG0000838	1	1	2
OG0000839	1	1	2
OG0000840	1	1	2
OG0000841	1	1	2
OG0000842	1	1	2
OG0000843	1	1	2
OG0000844	1	1	2
OG0000845	1	1	2
OG0000846	1	1	2
OG0000847	1	1	2
OG0000848	1	1	2
OG0000849	1	1	2
OG0000850	1	1	2
OG0000851	1	1	2
OG0000852	1	1	2
OG0000853	1	1	2
OG0000854	1	1	2
OG0000855	1	1	2
OG0000856	2	0	2
OG0000857	1	1	2
OG0000858	1	1	2
OG0000859	1	1	2
OG0000860	1	1	2
OG0000861	1	1	2
OG0000862	1	1	2
OG0000863	1	1	2
OG0000864	1	1	2
OG0000865	1	1	2
OG0000866	1	1	2
OG0000867	1	1	2
OG0000868	1	1	2
OG0000869	1	1	2
OG0000870	1	1	2
OG0000871	1	1	2
OG0000872	1	1	2
OG0000873	1	1	2
OG0000874	1	1	2
OG0000875	1	1	2
OG0000876	1	1	2
OG0000877	1	1	2
OG0000878	1	1	2
OG0000879	1	1	2
OG0000880	1	1	2
OG0000881	1	1	2
OG0000882	1	1	2
OG0000883	1	1	2
OG0000884	1	1	2
OG0000885	1	1	2
OG0000886	1	1	2
OG0000887	1	1	2
OG0000888	1	1	2
OG0000889	1	1	2
OG0000890	1	1	2
OG0000891	1	1	2
OG0000892	1	1	2
OG0000893	1	1	2
OG0000894	1	1	2
OG0000895	1	1	2
OG0000896	1	1	2
OG0000897	1	1	2
OG0000898	1	1	2
OG0000899	1	1	2
OG0000900	1	1	2
OG0000901	1	1	2
OG0000902	1	1	2
OG0000903	1	1	2
OG0000904	1	1	2
OG0000905	1	1	2
OG0000906	1	1	2
OG0000907	1	1	2
OG0000908	1	1	2
OG0000909	1	1	2
OG0000910	1	1	2
OG0000911	1	1	2
OG0000912	1	1	2
OG0000913	1	1	2
OG0000914	1	1	2
OG0000915	1	1	2
OG0000916	1	1	2
OG0000917	1	1	2
OG0000918	1	1	2
OG0000919	1	1	2
OG0000920	1	1	2
OG0000921	1	1	2
OG0000922	1	1	2
OG0000923	1	1	2
OG0000924	1	1	2
OG0000925	1	1	2
OG0000926	1	1	2
OG0000927	1	1	2
OG0000928	1	1	2
OG0000929	1	1	2
OG0000930	1	1	2
OG0000931	1	1	2
OG0000932	1	1	2
OG0000933	1	1	2
OG0000934	1	1	2
OG0000935	1	1	2
OG0000936	1	1	2
OG0000937	1	1	2
OG0000938	1	1	2
OG0000939	1	1	2
OG0000940	1	1	2
OG0000941	1	1	2
OG0000942	1	1	2
OG0000943	1	1	2
OG0000944	1	1	2
OG0000945	1	1	2
OG0000946	1	1	2
OG0000947	1	1	2
OG0000948	1	1	2
OG0000949	1	1	2
OG0000950	1	1	2
OG0000951	1	1	2
OG0000952	1	1	2
OG0000953	1	1	2
OG0000954	1	1	2
OG0000955	1	1	2
OG0000956	1	1	2
OG0000957	1	1	2
OG0000958	1	1	2
OG0000959	1	1	2
OG0000960	1	1	2
OG0000961	1	1	2
OG0000962	1	1	2
OG0000963	1	1	2
OG0000964	1	1	2
OG0000965	1	1	2
OG0000966	1	1	2
OG0000967	1	1	2
OG0000968	1	1	2
OG0000969	1	1	2
OG0000970	1	1	2
OG0000971	1	1	2
OG0000972	1	1	2
OG0000973	1	1	2
OG0000974	1	1	2
OG0000975	1	1	2
OG0000976	1	1	2
OG0000977	1	1	2
OG0000978	1	1	2
OG0000979	1	1	2
OG0000980	1	1	2
OG0000981	1	1	2
OG0000982	1	1	2
OG0000983	1	1	2
OG0000984	1	1	2
OG0000985	1	1	2
OG0000986	1	1	2
OG0000987	1	1	2
OG0000988	1	1	2
OG0000989	1	1	2
OG0000990	1	1	2
OG0000991	1	1	2
OG0000992	1	1	2
OG0000993	1	1	2
OG0000994	1	1	2
OG0000995	1	1	2
OG0000996	1	1	2
OG0000997	1	1	2
OG0000998	1	1	2
OG0000999	1	1	2
OG0001000	1	1	2
OG0001001	1	1	2
OG0001002	1	1	2
OG0001003	1	1	2
OG0001004	1	1	2
OG0001005	1	1	2
OG0001006	1	1	2
OG0001007	1	1	2
OG0001008	1	1	2
OG0001009	1	1	2
OG0001010	1	1	2
OG0001011	1	1	2
OG0001012	1	1	2
OG0001013	1	1	2
OG0001014	1	1	2
OG0001015	1	1	2
OG0001016	1	1	2
OG0001017	1	1	2
OG0001018	1	1	2
OG0001019	1	1	2
OG0001020	1	1	2
OG0001021	1	1	2
OG0001022	1	1	2
OG0001023	1	1	2
OG0001024	1	1	2
OG0001025	1	1	2
OG0001026	1	1	2
OG0001027	1	1	2
OG0001028	1	1	2
OG0001029	1	1	2
OG0001030	1	1	2
OG0001031	1	1	2
OG0001032	1	1	2
OG0001033	1	1	2
OG0001034	1	1	2
OG0001035	1	1	2
OG0001036	1	1	2
OG0001037	1	1	2
OG0001038	1	1	2
OG0001039	1	1	2
OG0001040	1	1	2
OG0001041	1	1	2
OG0001042	1	1	2
OG0001043	1	1	2
OG0001044	1	1	2
OG0001045	1	1	2
OG0001046	1	1	2
OG0001047	1	1	2
OG0001048	1	1	2
OG0001049	1	1	2
OG0001050	1	1	2
OG0001051	1	1	2
OG0001052	1	1	2
OG0001053	1	1	2
OG0001054	1	1	2
OG0001055	1	1	2
OG0001056	1	1	2
OG0001057	1	1	2
OG0001058	1	1	2
OG0001059	1	1	2
OG0001060	1	1	2
OG0001061	1	1	2
OG0001062	1	1	2
OG0001063	1	1	2
OG0001064	1	1	2
OG0001065	1	1	2
OG0001066	1	1	2
OG0001067	1	1	2
OG0001068	1	1	2
OG0001069	1	1	2
OG0001070	1	1	2
OG0001071	1	1	2
OG0001072	1	1	2
OG0001073	1	1	2
OG0001074	1	1	2
OG0001075	1	1	2
OG0001076	1	1	2
OG0001077	1	1	2
OG0001078	1	1	2
OG0001079	1	1	2
OG0001080	1	1	2
OG0001081	1	1	2
OG0001082	1	1	2
OG0001083	1	1	2
OG0001084	1	1	2
OG0001085	1	1	2
OG0001086	1	1	2
OG0001087	1	1	2
OG0001088	1	1	2
OG0001089	1	1	2
OG0001090	1	1	2
OG0001091	1	1	2
OG0001092	1	1	2
OG0001093	1	1	2
OG0001094	1	1	2
OG0001095	1	1	2
OG0001096	1	1	2
OG0001097	1	1	2
OG0001098	1	1	2
OG0001099	1	1	2
OG0001100	1	1	2
OG0001101	1	1	2
OG0001102	1	1	2
OG0001103	1	1	2
OG0001104	1	1	2
OG0001105	1	1	2
OG0001106	1	1	2
OG0001107	1	1	2
OG0001108	1	1	2
OG0001109	1	1	2
OG0001110	1	1	2
OG0001111	1	1	2
OG0001112	1	1	2
OG0001113	1	1	2
OG0001114	0	2	2
OG0001115	0	2	2
OG0001116	0	2	2
OG0001117	0	2	2
OG0001118	0	2	2
OG0001119	0	2	2
OG0001120	0	2	2
OG0001121	0	2	2
OG0001122	0	2	2
OG0001123	0	2	2
OG0001124	0	2	2
OG0001125	0	2	2
OG0001126	0	2	2
OG0001127	0	2	2
OG0001128	0	2	2
OG0001129	0	2	2
OG0001130	0	2	2
OG0001131	0	2	2
OG0001132	0	2	2
OG0001133	0	2	2
OG0001134	0	2	2
OG0001135	0	2	2
OG0001136	0	2	2
OG0001137	0	2	2
OG0001138	0	2	2
OG0001139	0	2	2
OG0001140	0	2	2
OG0001141	0	2	2
OG0001142	0	2	2
OG0001143	0	2	2
OG0001144	0	2	2
OG0001145	0	2	2
OG0001146	0	2	2
OG0001147	0	2	2
OG0001148	0	2	2
OG0001149	0	2	2
OG0001150	0	2	2
OG0001151	0	2	2
OG0001152	0	2	2
OG0001153	0	2	2
OG0001154	0	2	2
OG0001155	0	2	2
OG0001156	0	2	2
OG0001157	0	2	2
OG0001158	0	2	2
OG0001159	0	2	2
OG0001160	0	2	2
OG0001161	0	2	2
OG0001162	0	2	2
OG0001163	0	2	2
OG0001164	0	2	2
OG0001165	0	2	2
OG0001166	0	2	2
OG0001167	0	2	2
OG0001168	0	2	2
OG0001169	0	2	2
OG0001170	0	2	2
OG0001171	0	2	2
OG0001172	0	2	2
OG0001173	0	2	2
OG0001174	0	2	2
OG0001175	0	2	2
OG0001176	0	2	2
OG0001177	0	2	2
OG0001178	0	2	2
OG0001179	0	2	2
OG0001180	0	2	2
OG0001181	0	2	2
OG0001182	0	2	2
OG0001183	0	2	2
OG0001184	0	2	2
OG0001185	0	2	2
OG0001186	0	2	2
OG0001187	0	2	2
OG0001188	0	2	2
OG0001189	0	2	2
OG0001190	0	2	2
OG0001191	0	2	2
OG0001192	0	2	2
OG0001193	0	2	2
OG0001194	0	2	2
OG0001195	0	2	2
OG0001196	0	2	2
OG0001197	0	2	2
OG0001198	0	2	2
OG0001199	0	2	2
OG0001200	0	2	2
OG0001201	0	2	2
OG0001202	0	2	2
OG0001203	0	2	2
OG0001204	0	2	2
OG0001205	0	2	2
OG0001206	0	2	2
OG0001207	0	2	2
OG0001208	0	2	2
OG0001209	0	2	2
OG0001210	0	2	2
OG0001211	0	2	2
OG0001212	0	2	2
OG0001213	0	2	2
OG0001214	0	2	2
OG0001215	0	2	2
OG0001216	0	2	2
OG0001217	0	2	2
OG0001218	0	2	2
OG0001219	0	2	2
OG0001220	0	2	2
OG0001221	0	2	2
OG0001222	0	2	2
OG0001223	0	2	2
OG0001224	0	2	2
OG0001225	0	2	2
OG0001226	0	2	2
OG0001227	0	2	2
OG0001228	0	2	2
OG0001229	0	2	2
OG0001230	0	2	2
OG0001231	0	2	2
OG0001232	0	2	2
OG0001233	0	2	2
OG0001234	0	2	2
OG0001235	0	2	2
OG0001236	0	2	2
OG0001237	0	2	2
OG0001238	0	2	2
OG0001239	0	2	2
OG0001240	0	2	2
OG0001241	0	2	2
OG0001242	0	2	2
OG0001243	0	2	2
OG0001244	0	2	2
OG0001245	0	2	2
OG0001246	0	2	2
OG0001247	0	2	2
OG0001248	0	2	2
OG0001249	0	2	2
OG0001250	0	2	2
OG0001251	0	2	2
OG0001252	0	2	2
OG0001253	0	2	2
OG0001254	0	2	2
OG0001255	0	2	2
OG0001256	0	2	2
OG0001257	0	2	2
OG0001258	0	2	2
OG0001259	0	2	2
OG0001260	0	2	2
OG0001261	0	2	2
OG0001262	0	2	2
OG0001263	0	2	2
OG0001264	0	2	2
OG0001265	0	2	2
OG0001266	0	2	2
OG0001267	0	2	2
OG0001268	0	2	2
OG0001269	0	2	2
OG0001270	0	2	2
OG0001271	0	2	2
OG0001272	0	2	2
OG0001273	0	2	2
OG0001274	0	2	2
OG0001275	0	2	2
OG0001276	0	2	2
OG0001277	0	2	2
OG0001278	0	2	2
OG0001279	0	2	2
OG0001280	0	2	2
OG0001281	0	2	2
OG0001282	0	2	2
OG0001283	0	2	2
OG0001284	0	2	2
OG0001285	0	2	2
OG0001286	0	2	2
OG0001287	0	2	2
OG0001288	0	2	2
OG0001289	0	2	2
OG0001290	0	2	2
OG0001291	0	2	2
OG0001292	0	2	2
OG0001293	0	2	2
OG0001294	0	2	2
OG0001295	0	2	2
OG0001296	0	2	2
OG0001297	0	2	2
OG0001298	0	2	2
OG0001299	0	2	2
OG0001300	0	2	2
OG0001301	0	2	2
OG0001302	0	2	2
OG0001303	0	2	2
OG0001304	0	2	2
OG0001305	0	2	2
OG0001306	0	2	2
OG0001307	0	2	2
OG0001308	0	2	2
OG0001309	0	2	2
OG0001310	0	2	2
OG0001311	0	2	2
OG0001312	0	2	2
OG0001313	0	2	2
OG0001314	0	2	2
OG0001315	0	2	2
OG0001316	0	2	2
OG0001317	0	2	2
OG0001318	0	2	2
OG0001319	0	2	2
OG0001320	0	2	2
OG0001321	0	2	2
OG0001322	0	2	2
OG0001323	0	2	2
OG0001324	0	2	2
OG0001325	0	2	2
OG0001326	0	2	2
OG0001327	0	2	2
OG0001328	0	2	2
OG0001329	0	2	2
OG0001330	0	2	2
OG0001331	0	2	2
OG0001332	0	2	2
OG0001333	0	2	2
OG0001334	0	2	2
OG0001335	0	2	2
OG0001336	0	2	2
OG0001337	0	2	2
OG0001338	0	2	2
OG0001339	0	2	2
OG0001340	0	2	2
OG0001341	0	2	2
OG0001342	0	2	2
OG0001343	0	2	2
OG0001344	0	2	2
OG0001345	0	2	2
OG0001346	0	2	2
OG0001347	0	2	2
OG0001348	0	2	2
OG0001349	0	2	2
OG0001350	0	2	2
OG0001351	0	2	2
OG0001352	0	2	2
OG0001353	0	2	2
OG0001354	0	2	2
OG0001355	0	2	2
OG0001356	0	2	2
OG0001357	0	2	2
OG0001358	0	2	2
OG0001359	0	2	2
OG0001360	0	2	2
OG0001361	0	2	2
OG0001362	0	2	2
OG0001363	0	2	2
OG0001364	0	2	2
OG0001365	0	2	2
OG0001366	0	2	2
OG0001367	0	2	2
OG0001368	0	2	2
OG0001369	0	2	2
OG0001370	0	2	2
OG0001371	0	2	2
OG0001372	0	2	2
OG0001373	0	2	2
OG0001374	0	2	2
OG0001375	0	2	2
OG0001376	0	2	2
OG0001377	0	2	2
OG0001378	0	2	2
OG0001379	0	2	2
OG0001380	0	2	2
OG0001381	0	2	2
OG0001382	0	2	2
OG0001383	0	2	2
OG0001384	0	2	2
OG0001385	0	2	2
OG0001386	0	2	2
OG0001387	0	2	2
OG0001388	0	2	2
OG0001389	0	2	2
OG0001390	0	2	2
OG0001391	0	2	2
OG0001392	0	2	2
OG0001393	0	2	2
OG0001394	0	2	2
OG0001395	0	2	2
OG0001396	0	2	2
OG0001397	0	2	2
OG0001398	0	2	2
OG0001399	0	2	2
OG0001400	0	2	2
OG0001401	0	2	2
OG0001402	0	2	2
OG0001403	0	2	2
OG0001404	0	2	2
OG0001405	0	2	2
OG0001406	0	2	2
OG0001407	0	2	2
OG0001408	0	2	2
OG0001409	0	2	2
OG0001410	0	2	2
OG0001411	0	2	2
OG0001412	0	2	2
OG0001413	0	2	2
OG0001414	0	2	2
OG0001415	0	2	2
OG0001416	0	2	2
OG0001417	0	2	2
OG0001418	0	2	2
OG0001419	0	2	2
OG0001420	0	2	2
OG0001421	0	2	2
OG0001422	0	2	2
OG0001423	0	2	2
OG0001424	0	2	2
OG0001425	0	2	2
OG0001426	0	2	2
OG0001427	0	2	2
OG0001428	0	2	2
OG0001429	0	2	2
OG0001430	0	2	2
OG0001431	0	2	2
OG0001432	0	2	2
OG0001433	0	2	2
OG0001434	0	2	2
OG0001435	0	2	2
OG0001436	0	2	2
OG0001437	0	2	2
OG0001438	0	2	2
OG0001439	0	2	2
OG0001440	0	2	2
OG0001441	0	2	2
OG0001442	0	2	2
OG0001443	0	2	2
OG0001444	0	2	2
OG0001445	0	2	2
OG0001446	0	2	2
OG0001447	0	2	2
OG0001448	0	2	2
OG0001449	0	2	2
OG0001450	0	2	2
OG0001451	0	2	2
OG0001452	0	2	2
OG0001453	0	2	2
OG0001454	0	2	2
OG0001455	0	2	2
OG0001456	0	2	2
OG0001457	0	2	2
OG0001458	0	2	2
OG0001459	0	2	2
OG0001460	0	2	2
OG0001461	0	2	2
OG0001462	0	2	2
OG0001463	0	2	2
OG0001464	0	2	2
OG0001465	0	2	2
OG0001466	0	2	2
OG0001467	0	2	2
OG0001468	0	2	2
OG0001469	0	2	2
OG0001470	0	2	2
OG0001471	0	2	2
OG0001472	0	2	2
OG0001473	0	2	2
OG0001474	0	2	2
OG0001475	0	2	2
OG0001476	0	2	2
OG0001477	0	2	2
OG0001478	0	2	2
OG0001479	0	2	2
OG0001480	0	2	2
OG0001481	0	2	2
OG0001482	0	2	2
OG0001483	0	2	2
OG0001484	0	2	2
OG0001485	0	2	2
OG0001486	0	2	2
OG0001487	0	2	2
OG0001488	0	2	2
OG0001489	0	2	2
OG0001490	0	2	2
OG0001491	0	2	2
OG0001492	0	2	2
OG0001493	0	2	2
OG0001494	0	2	2
OG0001495	0	2	2
OG0001496	0	2	2
OG0001497	0	2	2
OG0001498	0	2	2
OG0001499	0	2	2
OG0001500	0	2	2
OG0001501	0	2	2
OG0001502	0	2	2
OG0001503	0	2	2
OG0001504	0	2	2
OG0001505	0	2	2
OG0001506	0	2	2
OG0001507	0	2	2
OG0001508	0	2	2
OG0001509	0	2	2
OG0001510	0	2	2
OG0001511	0	2	2
OG0001512	0	2	2
OG0001513	0	2	2
OG0001514	0	2	2
OG0001515	0	2	2
OG0001516	0	2	2
OG0001517	0	2	2
OG0001518	0	2	2
OG0001519	0	2	2
OG0001520	0	2	2
OG0001521	0	2	2
OG0001522	0	2	2
OG0001523	0	2	2
OG0001524	0	2	2
OG0001525	0	2	2
OG0001526	0	2	2
OG0001527	0	2	2
OG0001528	0	2	2
OG0001529	0	2	2
OG0001530	0	2	2
OG0001531	0	2	2
OG0001532	0	2	2
OG0001533	0	2	2
OG0001534	0	2	2
OG0001535	0	2	2
OG0001536	0	2	2
OG0001537	0	2	2
OG0001538	0	2	2
OG0001539	0	2	2
OG0001540	0	2	2
OG0001541	0	2	2
OG0001542	0	2	2
OG0001543	0	2	2
OG0001544	0	2	2
OG0001545	0	2	2
OG0001546	0	2	2
OG0001547	0	2	2
OG0001548	0	2	2
OG0001549	0	2	2
OG0001550	0	2	2
OG0001551	0	2	2
OG0001552	0	2	2
OG0001553	0	2	2
OG0001554	0	2	2
OG0001555	0	2	2
OG0001556	0	2	2
OG0001557	0	2	2
OG0001558	0	2	2
OG0001559	0	2	2
OG0001560	0	2	2
OG0001561	0	2	2
OG0001562	0	2	2
OG0001563	0	2	2
OG0001564	0	2	2
OG0001565	0	2	2
OG0001566	0	2	2
OG0001567	0	2	2
OG0001568	0	2	2
OG0001569	0	2	2
OG0001570	0	2	2
OG0001571	0	2	2
OG0001572	0	2	2
OG0001573	0	2	2
OG0001574	0	2	2
OG0001575	0	2	2
OG0001576	0	2	2
OG0001577	0	2	2
OG0001578	0	2	2
OG0001579	0	2	2
OG0001580	0	2	2
OG0001581	0	2	2
OG0001582	0	2	2
OG0001583	0	2	2
OG0001584	0	2	2
OG0001585	0	2	2
OG0001586	0	2	2
OG0001587	0	2	2
OG0001588	0	2	2
OG0001589	0	2	2
OG0001590	0	2	2
OG0001591	0	2	2
OG0001592	0	2	2
OG0001593	0	2	2
