Orthogroup	Total	costa_cerevisiae_pos_go	protein_mansoni
OG0000002	50	DEG20010043	6183.Smp_011430.1, 6183.Smp_013630.1, 6183.Smp_016230.1, 6183.Smp_055240.1, 6183.Smp_069720.1, 6183.Smp_083220.1, 6183.Smp_124580.1, 6183.Smp_125510.1, 6183.Smp_126050.1, 6183.Smp_129530.1, 6183.Smp_129830.1, 6183.Smp_131010.1, 6183.Smp_131600.1, 6183.Smp_132320.1, 6183.Smp_135610.1, 6183.Smp_135630.1, 6183.Smp_135640.1, 6183.Smp_135730.1, 6183.Smp_141740.1, 6183.Smp_145210.1, 6183.Smp_147830.1, 6183.Smp_148300.1, 6183.Smp_149010.1, 6183.Smp_149120.1, 6183.Smp_149140.1, 6183.Smp_149330.1, 6183.Smp_151540.1, 6183.Smp_151620.1, 6183.Smp_151630.1, 6183.Smp_155600.1, 6183.Smp_155810.1, 6183.Smp_156970.1, 6183.Smp_158870.1, 6183.Smp_159920.1, 6183.Smp_161520.1, 6183.Smp_162520.1, 6183.Smp_162550.1, 6183.Smp_162610.1, 6183.Smp_166440.1, 6183.Smp_167460.1, 6183.Smp_167470.1, 6183.Smp_176390.1, 6183.Smp_176470.1, 6183.Smp_176540.1, 6183.Smp_179750.1, 6183.Smp_192490.1, 6183.Smp_193230.1, 6183.Smp_196240.1, 6183.Smp_199910.1
OG0000015	21	DEG20010012, DEG20010032, DEG20010385, DEG20010470, DEG20010567, DEG20010624, DEG20010637, DEG20010785, DEG20010870, DEG20010982, DEG20011040, DEG20011045, DEG20011048, DEG20011086	6183.Smp_009600.1, 6183.Smp_103570.1, 6183.Smp_135360.1, 6183.Smp_145190.1, 6183.Smp_147450.1, 6183.Smp_152330.1, 6183.Smp_164380.1
OG0000020	20	DEG20010522, DEG20010844, DEG20010987	6183.Smp_020920.1, 6183.Smp_022330.1, 6183.Smp_035200.4, 6183.Smp_078800.1, 6183.Smp_083450.1, 6183.Smp_096010.1, 6183.Smp_104730.1, 6183.Smp_105960.1, 6183.Smp_132870.1, 6183.Smp_136540.1, 6183.Smp_136910.1, 6183.Smp_141080.1, 6183.Smp_145670.1, 6183.Smp_146900.1, 6183.Smp_172510.1, 6183.Smp_173390.1, 6183.Smp_196180.1
OG0000028	18	DEG20010366	6183.Smp_001040.1, 6183.Smp_002280.1, 6183.Smp_018120.1, 6183.Smp_035220.1, 6183.Smp_128200.2, 6183.Smp_132300.1, 6183.Smp_137230.1, 6183.Smp_137660.1, 6183.Smp_140570.1, 6183.Smp_147970.1, 6183.Smp_149260.1, 6183.Smp_159790.1, 6183.Smp_173450.1, 6183.Smp_179050.1, 6183.Smp_190520.1, 6183.Smp_197070.1, 6183.Smp_198590.1
OG0000031	17	DEG20011081	6183.Smp_012010.1, 6183.Smp_054350.1, 6183.Smp_076300.1, 6183.Smp_086270.1, 6183.Smp_098780.1, 6183.Smp_127090.1, 6183.Smp_133480.1, 6183.Smp_133520.1, 6183.Smp_135710.1, 6183.Smp_145650.1, 6183.Smp_150430.1, 6183.Smp_152170.1, 6183.Smp_155010.1, 6183.Smp_158750.1, 6183.Smp_200710.1, 6183.Smp_212350.1
OG0000039	15	DEG20010076, DEG20010160, DEG20010212, DEG20010383, DEG20010463, DEG20010668, DEG20010857, DEG20010944, DEG20010974	6183.Smp_013790.1, 6183.Smp_033710.1, 6183.Smp_034190.1, 6183.Smp_090440.1, 6183.Smp_093690.2, 6183.Smp_146340.1
OG0000046	13	DEG20010018, DEG20010071, DEG20010272, DEG20010387, DEG20010732, DEG20011065	6183.Smp_032500.1, 6183.Smp_037590.1, 6183.Smp_054840.1, 6183.Smp_094140.1, 6183.Smp_143490.1, 6183.Smp_161880.1, 6183.Smp_172530.1
OG0000047	13	DEG20010084	6183.Smp_000190.1, 6183.Smp_009430.1, 6183.Smp_042680.1, 6183.Smp_084570.1, 6183.Smp_102190.1, 6183.Smp_117920.1, 6183.Smp_131430.1, 6183.Smp_141720.1, 6183.Smp_168550.1, 6183.Smp_168560.1, 6183.Smp_178940.1, 6183.Smp_212250.1
OG0000054	12	DEG20010236	6183.Smp_000170.1, 6183.Smp_026420.1, 6183.Smp_064950.1, 6183.Smp_068510.1, 6183.Smp_085650.1, 6183.Smp_106110.1, 6183.Smp_151600.1, 6183.Smp_153320.1, 6183.Smp_158980.1, 6183.Smp_158990.1, 6183.Smp_178100.1
OG0000068	11	DEG20010283, DEG20010371, DEG20010618, DEG20010665, DEG20010805, DEG20010907	6183.Smp_027970.1, 6183.Smp_087270.1, 6183.Smp_123500.1, 6183.Smp_156060.1, 6183.Smp_157510.1
OG0000069	11	DEG20011044	6183.Smp_002550.1, 6183.Smp_032320.6, 6183.Smp_036270.2, 6183.Smp_071640.1, 6183.Smp_079290.1, 6183.Smp_086600.2, 6183.Smp_098890.2, 6183.Smp_113620.3, 6183.Smp_185230.1, 6183.Smp_192360.1
OG0000096	9	DEG20010344	6183.Smp_007260.2, 6183.Smp_015020.1, 6183.Smp_126300.1, 6183.Smp_130300.1, 6183.Smp_136710.1, 6183.Smp_137170.1, 6183.Smp_144970.1, 6183.Smp_199210.1
OG0000113	8	DEG20010008, DEG20010523	6183.Smp_019100.1, 6183.Smp_065180.1, 6183.Smp_135790.1, 6183.Smp_156950.1, 6183.Smp_171650.1, 6183.Smp_176920.1
OG0000114	8	DEG20010379, DEG20010515, DEG20010653, DEG20011025	6183.Smp_128120.1, 6183.Smp_158050.1, 6183.Smp_158610.2, 6183.Smp_163620.1
OG0000115	8	DEG20010613	6183.Smp_026880.1, 6183.Smp_074610.1, 6183.Smp_082240.1, 6183.Smp_089860.1, 6183.Smp_150540.1, 6183.Smp_169450.1, 6183.Smp_177140.1
OG0000132	7	DEG20010133	6183.Smp_031000.2, 6183.Smp_052460.1, 6183.Smp_079740.1, 6183.Smp_082850.2, 6183.Smp_143030.1, 6183.Smp_150270.1
OG0000133	7	DEG20010135, DEG20010958, DEG20011007	6183.Smp_129500.1, 6183.Smp_156670.1, 6183.Smp_157740.1, 6183.Smp_212320.1
OG0000134	7	DEG20010408	6183.Smp_043040.1, 6183.Smp_064870.1, 6183.Smp_082830.1, 6183.Smp_103920.1, 6183.Smp_136210.1, 6183.Smp_180470.1
OG0000153	6	DEG20010065, DEG20010129, DEG20010324, DEG20011096	6183.Smp_073340.1, 6183.Smp_150040.2
OG0000154	6	DEG20010111, DEG20010328, DEG20010588	6183.Smp_101290.2, 6183.Smp_183710.1, 6183.Smp_210740.1
OG0000155	6	DEG20010240, DEG20010650, DEG20011104	6183.Smp_048760.1, 6183.Smp_162630.1, 6183.Smp_166220.1
OG0000156	6	DEG20010319, DEG20010499, DEG20010605	6183.Smp_030320.1, 6183.Smp_047540.1, 6183.Smp_125280.1
OG0000157	6	DEG20010456, DEG20011002	6183.Smp_021920.3, 6183.Smp_035210.1, 6183.Smp_046060.1, 6183.Smp_085540.6
OG0000158	6	DEG20010722, DEG20010773	6183.Smp_016780.1, 6183.Smp_034670.1, 6183.Smp_090120.1, 6183.Smp_103790.1
OG0000159	6	DEG20010770	6183.Smp_088990.1, 6183.Smp_130600.1, 6183.Smp_132770.1, 6183.Smp_133050.1, 6183.Smp_150890.1
OG0000160	6	DEG20010808, DEG20011103	6183.Smp_006000.1, 6183.Smp_045620.1, 6183.Smp_049520.1, 6183.Smp_169060.1
OG0000161	6	DEG20010965, DEG20010976, DEG20011063	6183.Smp_130680.1, 6183.Smp_140690.1, 6183.Smp_153760.2
OG0000199	5	DEG20010056, DEG20010648	6183.Smp_122910.1, 6183.Smp_162340.1, 6183.Smp_189130.1
OG0000200	5	DEG20010317, DEG20010327, DEG20010768	6183.Smp_014660.2, 6183.Smp_210430.1
OG0000201	5	DEG20010478, DEG20010592, DEG20010740	6183.Smp_003620.1, 6183.Smp_060070.1
OG0000202	5	DEG20010507	6183.Smp_055850.1, 6183.Smp_123980.1, 6183.Smp_123990.1, 6183.Smp_163830.1
OG0000203	5	DEG20010532	6183.Smp_112590.1, 6183.Smp_113460.1, 6183.Smp_186530.1, 6183.Smp_186540.1
OG0000204	5	DEG20010759	6183.Smp_055400.1, 6183.Smp_059130.1, 6183.Smp_133390.1, 6183.Smp_149200.1
OG0000205	5	DEG20010861	6183.Smp_125530.1, 6183.Smp_135700.1, 6183.Smp_159180.1, 6183.Smp_168290.1
OG0000258	4	DEG20010023	6183.Smp_007730.1, 6183.Smp_151250.1, 6183.Smp_154160.1
OG0000259	4	DEG20010028, DEG20010484	6183.Smp_037400.1, 6183.Smp_134020.1
OG0000260	4	DEG20010035	6183.Smp_053300.1, 6183.Smp_053390.1, 6183.Smp_194870.1
OG0000261	4	DEG20010088	6183.Smp_056760.1, 6183.Smp_157700.1, 6183.Smp_172110.1
OG0000262	4	DEG20010104, DEG20010241	6183.Smp_072340.1, 6183.Smp_173840.1
OG0000263	4	DEG20010116, DEG20010201	6183.Smp_000510.1, 6183.Smp_019380.1
OG0000264	4	DEG20010148, DEG20010669	6183.Smp_134060.1, 6183.Smp_212490.1
OG0000265	4	DEG20010203	6183.Smp_036220.1, 6183.Smp_077790.1, 6183.Smp_108390.1
OG0000266	4	DEG20010267	6183.Smp_129590.1, 6183.Smp_158530.1, 6183.Smp_158540.1
OG0000267	4	DEG20010279	6183.Smp_021070.1, 6183.Smp_087810.1, 6183.Smp_147850.1
OG0000268	4	DEG20010306, DEG20011011	6183.Smp_024520.1, 6183.Smp_094420.1
OG0000269	4	DEG20010312, DEG20011021	6183.Smp_024140.4, 6183.Smp_133470.1
OG0000270	4	DEG20010326	6183.Smp_030730.1, 6183.Smp_078040.1, 6183.Smp_192110.1
OG0000271	4	DEG20010337, DEG20010551	6183.Smp_145260.1, 6183.Smp_171710.1
OG0000272	4	DEG20010392, DEG20010969	6183.Smp_138930.2, 6183.Smp_148050.1
OG0000273	4	DEG20010442, DEG20010841	6183.Smp_032580.2, 6183.Smp_170730.1
OG0000274	4	DEG20010457, DEG20010713	6183.Smp_009650.1, 6183.Smp_094050.2
OG0000275	4	DEG20010475, DEG20010852	6183.Smp_061950.1, 6183.Smp_145800.1
OG0000276	4	DEG20010483, DEG20010755	6183.Smp_061590.1, 6183.Smp_197880.1
OG0000277	4	DEG20010502, DEG20010856	6183.Smp_013360.1, 6183.Smp_078520.1
OG0000278	4	DEG20010511	6183.Smp_070610.2, 6183.Smp_078270.1, 6183.Smp_095470.1
OG0000279	4	DEG20010540, DEG20010604	6183.Smp_091770.1, 6183.Smp_208010.1
OG0000280	4	DEG20010542, DEG20010584	6183.Smp_049550.1, 6183.Smp_106130.2
OG0000281	4	DEG20010558	6183.Smp_022700.2, 6183.Smp_072900.1, 6183.Smp_121880.1
OG0000282	4	DEG20010675	6183.Smp_086590.1, 6183.Smp_120700.1, 6183.Smp_195080.1
OG0000283	4	DEG20010720, DEG20011000	6183.Smp_048660.1, 6183.Smp_148990.1
OG0000284	4	DEG20010738, DEG20010895	6183.Smp_130340.1, 6183.Smp_150660.1
OG0000285	4	DEG20010739	6183.Smp_127770.1, 6183.Smp_166070.1, 6183.Smp_176690.1
OG0000286	4	DEG20010827	6183.Smp_033600.1, 6183.Smp_142510.2, 6183.Smp_169750.1
OG0000287	4	DEG20010843, DEG20010995	6183.Smp_040450.1, 6183.Smp_073560.2
OG0000288	4	DEG20010878	6183.Smp_051210.1, 6183.Smp_168490.1, 6183.Smp_174910.1
OG0000289	4	DEG20010899, DEG20010929	6183.Smp_066260.1, 6183.Smp_140530.1
OG0000290	4	DEG20010905	6183.Smp_049510.1, 6183.Smp_062970.1, 6183.Smp_170170.1
OG0000291	4	DEG20010947	6183.Smp_010160.1, 6183.Smp_020800.1, 6183.Smp_168350.1
OG0000292	4	DEG20010992	6183.Smp_026630.1, 6183.Smp_078320.1, 6183.Smp_126690.1
OG0000293	4	DEG20011058	6183.Smp_078690.1, 6183.Smp_086330.1, 6183.Smp_126480.1
OG0000382	3	DEG20010007	6183.Smp_065610.1, 6183.Smp_156360.1
OG0000383	3	DEG20010049, DEG20010451	6183.Smp_016130.1
OG0000384	3	DEG20010067	6183.Smp_061250.1, 6183.Smp_137000.1
OG0000386	3	DEG20010098	6183.Smp_122890.1, 6183.Smp_126910.1
OG0000387	3	DEG20010099	6183.Smp_000600.1, 6183.Smp_018400.1
OG0000388	3	DEG20010112	6183.Smp_003630.1, 6183.Smp_161960.1
OG0000389	3	DEG20010132, DEG20010751	6183.Smp_018240.3
OG0000390	3	DEG20010143, DEG20011089	6183.Smp_082490.1
OG0000391	3	DEG20010157, DEG20010504	6183.Smp_016410.1
OG0000392	3	DEG20010169	6183.Smp_028100.1, 6183.Smp_041390.1
OG0000393	3	DEG20010186	6183.Smp_131870.1, 6183.Smp_146400.1
OG0000394	3	DEG20010193	6183.Smp_017810.1, 6183.Smp_167860.1
OG0000395	3	DEG20010219	6183.Smp_148480.1, 6183.Smp_175430.1
OG0000396	3	DEG20010290, DEG20010729	6183.Smp_040540.1
OG0000397	3	DEG20010307, DEG20010967	6183.Smp_129760.1
OG0000398	3	DEG20010315	6183.Smp_105700.1, 6183.Smp_156920.1
OG0000399	3	DEG20010351	6183.Smp_079730.1, 6183.Smp_170230.1
OG0000400	3	DEG20010360, DEG20010492	6183.Smp_210380.1
OG0000401	3	DEG20010361, DEG20010792	6183.Smp_027890.1
OG0000402	3	DEG20010380, DEG20011102	6183.Smp_150160.1
OG0000403	3	DEG20010411	6183.Smp_161460.1, 6183.Smp_163030.1
OG0000404	3	DEG20010430	6183.Smp_073620.1, 6183.Smp_129210.1
OG0000405	3	DEG20010443	6183.Smp_005330.1, 6183.Smp_040770.1
OG0000406	3	DEG20010448	6183.Smp_010140.1, 6183.Smp_083150.1
OG0000407	3	DEG20010469	6183.Smp_075060.1, 6183.Smp_162660.1
OG0000408	3	DEG20010476, DEG20010512	6183.Smp_128740.1
OG0000409	3	DEG20010498, DEG20011019	6183.Smp_033260.2
OG0000410	3	DEG20010506	6183.Smp_000030.1, 6183.Smp_175250.1
OG0000411	3	DEG20010514, DEG20011098	6183.Smp_072140.1
OG0000412	3	DEG20010543	6183.Smp_053780.1, 6183.Smp_053790.1
OG0000413	3	DEG20010586	6183.Smp_001360.1, 6183.Smp_032810.1
OG0000414	3	DEG20010594	6183.Smp_121130.1, 6183.Smp_149320.1
OG0000415	3	DEG20010603	6183.Smp_151180.1, 6183.Smp_210840.1
OG0000416	3	DEG20010639	6183.Smp_096450.1, 6183.Smp_143140.1
OG0000417	3	DEG20010680	6183.Smp_001830.1, 6183.Smp_153950.1
OG0000418	3	DEG20010684	6183.Smp_015440.1, 6183.Smp_176270.1
OG0000419	3	DEG20010687	6183.Smp_054790.2, 6183.Smp_176010.1
OG0000420	3	DEG20010874	6183.Smp_027610.1, 6183.Smp_131450.1
OG0000421	3	DEG20010911	6183.Smp_010690.1, 6183.Smp_127830.1
OG0000422	3	DEG20010925	6183.Smp_047860.1, 6183.Smp_084340.1
OG0000423	3	DEG20010933	6183.Smp_131640.1, 6183.Smp_154730.1
OG0000424	3	DEG20010978	6183.Smp_004020.1, 6183.Smp_024490.1
OG0000425	3	DEG20011046	6183.Smp_067810.1, 6183.Smp_141380.1
OG0000426	3	DEG20011062	6183.Smp_077020.1, 6183.Smp_162620.1
OG0000427	3	DEG20011080	6183.Smp_017860.1, 6183.Smp_164840.1
OG0000601	2	DEG20010002	6183.Smp_030690.1
OG0000602	2	DEG20010003	6183.Smp_050360.1
OG0000603	2	DEG20010004	6183.Smp_105860.1
OG0000604	2	DEG20010010	6183.Smp_121800.1
OG0000605	2	DEG20010013	6183.Smp_089870.1
OG0000606	2	DEG20010014	6183.Smp_120740.1
OG0000607	2	DEG20010017	6183.Smp_131100.1
OG0000608	2	DEG20010020	6183.Smp_079220.1
OG0000609	2	DEG20010022	6183.Smp_067260.1
OG0000610	2	DEG20010024	6183.Smp_025800.1
OG0000611	2	DEG20010025	6183.Smp_060950.1
OG0000612	2	DEG20010027	6183.Smp_041600.1
OG0000613	2	DEG20010030	6183.Smp_157290.1
OG0000614	2	DEG20010031	6183.Smp_067780.1
OG0000615	2	DEG20010033	6183.Smp_048520.1
OG0000616	2	DEG20010036	6183.Smp_210890.1
OG0000617	2	DEG20010037	6183.Smp_034700.3
OG0000618	2	DEG20010038	6183.Smp_144030.1
OG0000619	2	DEG20010041	6183.Smp_164470.1
OG0000620	2	DEG20010044	6183.Smp_045430.3
OG0000621	2	DEG20010045	6183.Smp_001170.1
OG0000622	2	DEG20010046	6183.Smp_057320.1
OG0000623	2	DEG20010047	6183.Smp_050820.1
OG0000624	2	DEG20010048	6183.Smp_046500.2
OG0000625	2	DEG20010051	6183.Smp_026560.2
OG0000626	2	DEG20010052	6183.Smp_005010.1
OG0000627	2	DEG20010053	6183.Smp_040800.1
OG0000628	2	DEG20010055	6183.Smp_158910.1
OG0000629	2	DEG20010057	6183.Smp_148460.1
OG0000630	2	DEG20010059	6183.Smp_066630.1
OG0000631	2	DEG20010062	6183.Smp_126370.1
OG0000632	2	DEG20010063	6183.Smp_155480.1
OG0000633	2	DEG20010069	6183.Smp_022400.1
OG0000634	2	DEG20010070	6183.Smp_160940.1
OG0000635	2	DEG20010074	6183.Smp_134400.1
OG0000636	2	DEG20010075	6183.Smp_038940.1
OG0000637	2	DEG20010077	6183.Smp_051360.1
OG0000638	2	DEG20010078	6183.Smp_046550.1
OG0000639	2	DEG20010079	6183.Smp_079240.1
OG0000640	2	DEG20010081	6183.Smp_168330.1
OG0000641	2	DEG20010085	6183.Smp_090820.1
OG0000642	2	DEG20010086	6183.Smp_075470.1
OG0000643	2	DEG20010090	6183.Smp_045040.1
OG0000644	2	DEG20010091	6183.Smp_115060.1
OG0000645	2	DEG20010093	6183.Smp_018890.1
OG0000646	2	DEG20010100	6183.Smp_072100.1
OG0000647	2	DEG20010102	6183.Smp_148150.1
OG0000648	2	DEG20010103	6183.Smp_082120.1
OG0000649	2	DEG20010105	6183.Smp_028430.1
OG0000650	2	DEG20010107	6183.Smp_044280.1
OG0000651	2	DEG20010108	6183.Smp_081820.3
OG0000652	2	DEG20010109	6183.Smp_177120.1
OG0000653	2	DEG20010110	6183.Smp_171610.1
OG0000654	2	DEG20010114	6183.Smp_076880.1
OG0000655	2	DEG20010115	6183.Smp_126650.1
OG0000656	2	DEG20010117	6183.Smp_168660.1
OG0000657	2	DEG20010118	6183.Smp_038930.1
OG0000658	2	DEG20010119	6183.Smp_103710.1
OG0000659	2	DEG20010121	6183.Smp_003660.1
OG0000660	2	DEG20010122	6183.Smp_015850.3
OG0000661	2	DEG20010124	6183.Smp_061650.1
OG0000662	2	DEG20010125	6183.Smp_095680.1
OG0000663	2	DEG20010126	6183.Smp_087010.1
OG0000664	2	DEG20010127	6183.Smp_043350.1
OG0000665	2	DEG20010131	6183.Smp_137190.1
OG0000666	2	DEG20010136	6183.Smp_081420.1
OG0000667	2	DEG20010137	6183.Smp_004600.1
OG0000668	2	DEG20010138	6183.Smp_142910.1
OG0000669	2	DEG20010139	6183.Smp_058650.1
OG0000670	2	DEG20010144	6183.Smp_019840.2
OG0000671	2	DEG20010145	6183.Smp_024970.1
OG0000672	2	DEG20010146	6183.Smp_050570.1
OG0000673	2	DEG20010149	6183.Smp_095130.1
OG0000674	2	DEG20010151	6183.Smp_098330.1
OG0000675	2	DEG20010154	6183.Smp_038630.1
OG0000676	2	DEG20010158	6183.Smp_007000.1
OG0000677	2	DEG20010161	6183.Smp_053610.1
OG0000678	2	DEG20010162	6183.Smp_104470.1
OG0000679	2	DEG20010164	6183.Smp_162280.1
OG0000680	2	DEG20010165	6183.Smp_034100.1
OG0000681	2	DEG20010166	6183.Smp_143740.1
OG0000682	2	DEG20010167	6183.Smp_003990.1
OG0000683	2	DEG20010170	6183.Smp_132590.1
OG0000684	2	DEG20010171	6183.Smp_079380.1
OG0000685	2	DEG20010172	6183.Smp_096750.1
OG0000686	2	DEG20010175	6183.Smp_036940.1
OG0000687	2	DEG20010177	6183.Smp_019190.1
OG0000688	2	DEG20010178	6183.Smp_124460.1
OG0000689	2	DEG20010182	6183.Smp_164120.1
OG0000690	2	DEG20010183	6183.Smp_211170.1
OG0000691	2	DEG20010184	6183.Smp_087320.1
OG0000693	2	DEG20010190	6183.Smp_135280.1
OG0000694	2	DEG20010191	6183.Smp_005180.1
OG0000695	2	DEG20010192	6183.Smp_082050.1
OG0000696	2	DEG20010195	6183.Smp_004990.1
OG0000697	2	DEG20010196	6183.Smp_082800.1
OG0000698	2	DEG20010197	6183.Smp_064050.2
OG0000699	2	DEG20010200	6183.Smp_124970.1
OG0000700	2	DEG20010202	6183.Smp_017360.1
OG0000701	2	DEG20010206	6183.Smp_045260.1
OG0000702	2	DEG20010209	6183.Smp_013150.1
OG0000703	2	DEG20010210	6183.Smp_124430.1
OG0000704	2	DEG20010215	6183.Smp_048620.1
OG0000705	2	DEG20010217	6183.Smp_095910.1
OG0000706	2	DEG20010220	6183.Smp_133440.1
OG0000707	2	DEG20010224	6183.Smp_152740.1
OG0000708	2	DEG20010225	6183.Smp_078920.1
OG0000709	2	DEG20010226	6183.Smp_052910.1
OG0000710	2	DEG20010227	6183.Smp_011230.1
OG0000711	2	DEG20010229	6183.Smp_153430.1
OG0000712	2	DEG20010234	6183.Smp_002230.1
OG0000713	2	DEG20010237	6183.Smp_166580.1
OG0000714	2	DEG20010242	6183.Smp_198790.1
OG0000715	2	DEG20010244	6183.Smp_128840.1
OG0000716	2	DEG20010247	6183.Smp_166240.1
OG0000717	2	DEG20010253	6183.Smp_016880.1
OG0000718	2	DEG20010254	6183.Smp_045750.1
OG0000719	2	DEG20010256	6183.Smp_104960.1
OG0000720	2	DEG20010259	6183.Smp_060900.1
OG0000721	2	DEG20010262	6183.Smp_042430.2
OG0000722	2	DEG20010266	6183.Smp_045510.1
OG0000723	2	DEG20010268	6183.Smp_064750.1
OG0000724	2	DEG20010269	6183.Smp_035470.1
OG0000725	2	DEG20010271	6183.Smp_104660.1
OG0000726	2	DEG20010273	6183.Smp_039400.1
OG0000727	2	DEG20010276	6183.Smp_157710.1
OG0000728	2	DEG20010277	6183.Smp_089590.1
OG0000729	2	DEG20010278	6183.Smp_166520.1
OG0000730	2	DEG20010281	6183.Smp_037700.1
OG0000731	2	DEG20010282	6183.Smp_074500.2
OG0000732	2	DEG20010284	6183.Smp_054540.1
OG0000733	2	DEG20010286	6183.Smp_085310.2
OG0000734	2	DEG20010288	6183.Smp_049390.1
OG0000735	2	DEG20010289	6183.Smp_095150.1
OG0000736	2	DEG20010292	6183.Smp_028440.1
OG0000737	2	DEG20010296	6183.Smp_120350.1
OG0000738	2	DEG20010298	6183.Smp_121430.2
OG0000739	2	DEG20010302	6183.Smp_207020.1
OG0000740	2	DEG20010303	6183.Smp_054120.1
OG0000741	2	DEG20010305	6183.Smp_028990.1
OG0000742	2	DEG20010309	6183.Smp_098950.1
OG0000743	2	DEG20010310	6183.Smp_130460.1
OG0000744	2	DEG20010311	6183.Smp_167570.1
OG0000745	2	DEG20010314	6183.Smp_199100.1
OG0000746	2	DEG20010318	6183.Smp_136970.1
OG0000747	2	DEG20010322	6183.Smp_101240.1
OG0000748	2	DEG20010323	6183.Smp_014400.3
OG0000749	2	DEG20010329	6183.Smp_087860.1
OG0000750	2	DEG20010330	6183.Smp_103100.1
OG0000751	2	DEG20010332	6183.Smp_131660.1
OG0000752	2	DEG20010333	6183.Smp_017890.1
OG0000753	2	DEG20010334	6183.Smp_065150.1
OG0000754	2	DEG20010335	6183.Smp_171590.1
OG0000755	2	DEG20010338	6183.Smp_152650.1
OG0000756	2	DEG20010340	6183.Smp_056500.1
OG0000757	2	DEG20010341	6183.Smp_031860.1
OG0000758	2	DEG20010342	6183.Smp_047740.1
OG0000759	2	DEG20010345	6183.Smp_207080.1
OG0000760	2	DEG20010348	6183.Smp_158600.1
OG0000761	2	DEG20010349	6183.Smp_044580.1
OG0000762	2	DEG20010350	6183.Smp_045810.1
OG0000763	2	DEG20010352	6183.Smp_082710.1
OG0000764	2	DEG20010353	6183.Smp_119310.1
OG0000765	2	DEG20010356	6183.Smp_177080.1
OG0000766	2	DEG20010358	6183.Smp_068270.4
OG0000767	2	DEG20010363	6183.Smp_076530.1
OG0000768	2	DEG20010368	6183.Smp_061300.1
OG0000769	2	DEG20010370	6183.Smp_004060.1
OG0000770	2	DEG20010373	6183.Smp_013470.2
OG0000771	2	DEG20010376	6183.Smp_015090.1
OG0000772	2	DEG20010382	6183.Smp_127100.1
OG0000773	2	DEG20010386	6183.Smp_031310.1
OG0000774	2	DEG20010388	6183.Smp_212220.1
OG0000775	2	DEG20010391	6183.Smp_128050.1
OG0000776	2	DEG20010394	6183.Smp_002160.1
OG0000777	2	DEG20010395	6183.Smp_121640.1
OG0000778	2	DEG20010398	6183.Smp_073990.1
OG0000779	2	DEG20010401	6183.Smp_148560.1
OG0000780	2	DEG20010403	6183.Smp_196510.1
OG0000781	2	DEG20010409	6183.Smp_166550.1
OG0000782	2	DEG20010410	6183.Smp_149070.1
OG0000783	2	DEG20010412	6183.Smp_097590.1
OG0000784	2	DEG20010414	6183.Smp_167810.1
OG0000785	2	DEG20010416	6183.Smp_055800.1
OG0000786	2	DEG20010418	6183.Smp_180420.1
OG0000787	2	DEG20010423	6183.Smp_180370.1
OG0000788	2	DEG20010427	6183.Smp_027080.1
OG0000789	2	DEG20010433	6183.Smp_012110.1
OG0000790	2	DEG20010435	6183.Smp_134010.1
OG0000791	2	DEG20010437	6183.Smp_124820.1
OG0000792	2	DEG20010438	6183.Smp_167330.1
OG0000793	2	DEG20010439	6183.Smp_098980.1
OG0000794	2	DEG20010440	6183.Smp_071570.1
OG0000795	2	DEG20010444	6183.Smp_026920.1
OG0000796	2	DEG20010445	6183.Smp_166840.1
OG0000797	2	DEG20010446	6183.Smp_149950.1
OG0000798	2	DEG20010450	6183.Smp_066990.1
OG0000799	2	DEG20010454	6183.Smp_041450.1
OG0000800	2	DEG20010459	6183.Smp_080840.1
OG0000801	2	DEG20010460	6183.Smp_030760.1
OG0000802	2	DEG20010461	6183.Smp_008120.1
OG0000803	2	DEG20010464	6183.Smp_065120.1
OG0000804	2	DEG20010465	6183.Smp_064260.1
OG0000805	2	DEG20010466	6183.Smp_045760.1
OG0000806	2	DEG20010468	6183.Smp_093320.1
OG0000807	2	DEG20010474	6183.Smp_064640.1
OG0000808	2	DEG20010480	6183.Smp_064520.1
OG0000809	2	DEG20010481	6183.Smp_132030.1
OG0000810	2	DEG20010482	6183.Smp_102820.1
OG0000811	2	DEG20010485	6183.Smp_076630.2
OG0000812	2	DEG20010487	6183.Smp_159000.1
OG0000813	2	DEG20010488	6183.Smp_020210.1
OG0000814	2	DEG20010495	6183.Smp_099170.1
OG0000815	2	DEG20010496	6183.Smp_158380.1
OG0000816	2	DEG20010501	6183.Smp_151690.1
OG0000817	2	DEG20010503	6183.Smp_073720.1
OG0000818	2	DEG20010508	6183.Smp_131090.1
OG0000819	2	DEG20010509	6183.Smp_158840.1
OG0000820	2	DEG20010510	6183.Smp_121810.1
OG0000821	2	DEG20010516	6183.Smp_141860.1
OG0000822	2	DEG20010517	6183.Smp_054340.2
OG0000823	2	DEG20010518	6183.Smp_165580.1
OG0000824	2	DEG20010524	6183.Smp_160190.1
OG0000825	2	DEG20010529	6183.Smp_031730.1
OG0000826	2	DEG20010530	6183.Smp_034490.1
OG0000827	2	DEG20010531	6183.Smp_105680.1
OG0000828	2	DEG20010533	6183.Smp_046090.2
OG0000829	2	DEG20010536	6183.Smp_041740.1
OG0000830	2	DEG20010539	6183.Smp_055890.1
OG0000831	2	DEG20010545	6183.Smp_049880.1
OG0000832	2	DEG20010546	6183.Smp_120360.1
OG0000833	2	DEG20010549	6183.Smp_046680.1
OG0000834	2	DEG20010550	6183.Smp_100380.1
OG0000836	2	DEG20010559	6183.Smp_168770.1
OG0000837	2	DEG20010560	6183.Smp_162600.1
OG0000838	2	DEG20010561	6183.Smp_149900.1
OG0000839	2	DEG20010563	6183.Smp_194620.1
OG0000840	2	DEG20010564	6183.Smp_155870.1
OG0000841	2	DEG20010568	6183.Smp_070710.1
OG0000842	2	DEG20010571	6183.Smp_145740.1
OG0000843	2	DEG20010573	6183.Smp_023660.1
OG0000844	2	DEG20010575	6183.Smp_076660.1
OG0000845	2	DEG20010576	6183.Smp_093750.2
OG0000846	2	DEG20010578	6183.Smp_128810.1
OG0000847	2	DEG20010580	6183.Smp_162890.1
OG0000848	2	DEG20010587	6183.Smp_063420.1
OG0000849	2	DEG20010590	6183.Smp_096360.1
OG0000850	2	DEG20010591	6183.Smp_072790.1
OG0000851	2	DEG20010593	6183.Smp_070070.1
OG0000852	2	DEG20010596	6183.Smp_093440.1
OG0000853	2	DEG20010600	6183.Smp_056640.1
OG0000854	2	DEG20010601	6183.Smp_160770.1
OG0000855	2	DEG20010606	6183.Smp_070690.1
OG0000856	2	DEG20010607	6183.Smp_071390.1
OG0000857	2	DEG20010610	6183.Smp_133600.1
OG0000858	2	DEG20010612	6183.Smp_079050.1
OG0000859	2	DEG20010615	6183.Smp_071830.1
OG0000860	2	DEG20010620	6183.Smp_027210.1
OG0000861	2	DEG20010625	6183.Smp_136260.2
OG0000862	2	DEG20010632	6183.Smp_174370.1
OG0000863	2	DEG20010633	6183.Smp_012470.1
OG0000864	2	DEG20010634	6183.Smp_096760.1
OG0000865	2	DEG20010635	6183.Smp_017290.3
OG0000866	2	DEG20010636	6183.Smp_065130.2
OG0000867	2	DEG20010638	6183.Smp_160420.1
OG0000868	2	DEG20010640	6183.Smp_024850.1
OG0000869	2	DEG20010643	6183.Smp_007170.1
OG0000870	2	DEG20010644	6183.Smp_015860.1
OG0000871	2	DEG20010645	6183.Smp_046020.1
OG0000872	2	DEG20010647	6183.Smp_047450.1
OG0000873	2	DEG20010649	6183.Smp_137650.1
OG0000874	2	DEG20010651	6183.Smp_178850.1
OG0000875	2	DEG20010660	6183.Smp_149360.1
OG0000876	2	DEG20010661	6183.Smp_207000.1
OG0000877	2	DEG20010662	6183.Smp_031040.2
OG0000878	2	DEG20010663	6183.Smp_028340.1
OG0000879	2	DEG20010670	6183.Smp_053510.1
OG0000880	2	DEG20010671	6183.Smp_021980.1
OG0000881	2	DEG20010673	6183.Smp_018280.1
OG0000882	2	DEG20010674	6183.Smp_082990.1
OG0000883	2	DEG20010676	6183.Smp_132350.1
OG0000884	2	DEG20010677	6183.Smp_136520.1
OG0000885	2	DEG20010679	6183.Smp_151650.1
OG0000886	2	DEG20010683	6183.Smp_007970.1
OG0000887	2	DEG20010685	6183.Smp_032260.1
OG0000888	2	DEG20010690	6183.Smp_094060.1
OG0000889	2	DEG20010691	6183.Smp_175420.1
OG0000890	2	DEG20010693	6183.Smp_013200.2
OG0000891	2	DEG20010695	6183.Smp_173700.1
OG0000892	2	DEG20010696	6183.Smp_169770.1
OG0000893	2	DEG20010700	6183.Smp_047610.1
OG0000894	2	DEG20010701	6183.Smp_033140.1
OG0000895	2	DEG20010702	6183.Smp_143650.1
OG0000896	2	DEG20010704	6183.Smp_021540.1
OG0000897	2	DEG20010705	6183.Smp_148230.1
OG0000898	2	DEG20010706	6183.Smp_152400.1
OG0000899	2	DEG20010707	6183.Smp_136010.1
OG0000900	2	DEG20010711	6183.Smp_068420.1
OG0000901	2	DEG20010712	6183.Smp_168520.1
OG0000902	2	DEG20010715	6183.Smp_089430.1
OG0000903	2	DEG20010716	6183.Smp_068920.3
OG0000904	2	DEG20010717	6183.Smp_002010.1
OG0000905	2	DEG20010718	6183.Smp_121420.1
OG0000906	2	DEG20010721	6183.Smp_090870.1
OG0000907	2	DEG20010723	6183.Smp_167410.1
OG0000908	2	DEG20010725	6183.Smp_050470.1
OG0000909	2	DEG20010727	6183.Smp_082810.2
OG0000910	2	DEG20010730	6183.Smp_008545.1
OG0000911	2	DEG20010731	6183.Smp_131070.1
OG0000912	2	DEG20010733	6183.Smp_075560.1
OG0000913	2	DEG20010734	6183.Smp_095920.1
OG0000914	2	DEG20010736	6183.Smp_014620.1
OG0000915	2	DEG20010741	6183.Smp_146030.1
OG0000916	2	DEG20010742	6183.Smp_056860.1
OG0000917	2	DEG20010743	6183.Smp_033590.1
OG0000918	2	DEG20010745	6183.Smp_009690.1
OG0000919	2	DEG20010746	6183.Smp_038080.1
OG0000920	2	DEG20010748	6183.Smp_038030.1
OG0000921	2	DEG20010750	6183.Smp_053820.1
OG0000922	2	DEG20010753	6183.Smp_186640.1
OG0000923	2	DEG20010760	6183.Smp_151070.1
OG0000924	2	DEG20010761	6183.Smp_134790.1
OG0000925	2	DEG20010766	6183.Smp_170570.1
OG0000926	2	DEG20010767	6183.Smp_137430.1
OG0000927	2	DEG20010769	6183.Smp_180380.1
OG0000928	2	DEG20010771	6183.Smp_148930.1
OG0000929	2	DEG20010775	6183.Smp_067890.1
OG0000930	2	DEG20010776	6183.Smp_012340.1
OG0000931	2	DEG20010777	6183.Smp_210960.1
OG0000932	2	DEG20010781	6183.Smp_198690.1
OG0000933	2	DEG20010784	6183.Smp_124920.1
OG0000934	2	DEG20010787	6183.Smp_048540.1
OG0000935	2	DEG20010791	6183.Smp_097730.1
OG0000936	2	DEG20010793	6183.Smp_135120.1
OG0000937	2	DEG20010795	6183.Smp_147360.1
OG0000938	2	DEG20010799	6183.Smp_159400.1
OG0000939	2	DEG20010803	6183.Smp_162030.1
OG0000940	2	DEG20010806	6183.Smp_022660.1
OG0000941	2	DEG20010814	6183.Smp_068480.1
OG0000942	2	DEG20010818	6183.Smp_042980.1
OG0000943	2	DEG20010820	6183.Smp_129320.1
OG0000944	2	DEG20010823	6183.Smp_169300.1
OG0000945	2	DEG20010824	6183.Smp_105930.1
OG0000946	2	DEG20010825	6183.Smp_166310.1
OG0000947	2	DEG20010826	6183.Smp_166980.1
OG0000948	2	DEG20010828	6183.Smp_096810.1
OG0000949	2	DEG20010829	6183.Smp_024880.1
OG0000950	2	DEG20010832	6183.Smp_131560.1
OG0000951	2	DEG20010833	6183.Smp_035080.1
OG0000952	2	DEG20010834	6183.Smp_141630.1
OG0000953	2	DEG20010835	6183.Smp_094020.1
OG0000954	2	DEG20010836	6183.Smp_028080.1
OG0000955	2	DEG20010838	6183.Smp_087930.1
OG0000956	2	DEG20010839	6183.Smp_032510.1
OG0000957	2	DEG20010840	6183.Smp_000480.1
OG0000958	2	DEG20010842	6183.Smp_101450.1
OG0000959	2	DEG20010845	6183.Smp_176750.1
OG0000960	2	DEG20010847	6183.Smp_166680.1
OG0000961	2	DEG20010849	6183.Smp_052800.1
OG0000962	2	DEG20010850	6183.Smp_005080.1
OG0000963	2	DEG20010851	6183.Smp_012860.1
OG0000964	2	DEG20010853	6183.Smp_065840.1
OG0000965	2	DEG20010854	6183.Smp_178260.1
OG0000966	2	DEG20010859	6183.Smp_006190.1
OG0000967	2	DEG20010863	6183.Smp_144490.1
OG0000968	2	DEG20010871	6183.Smp_035790.1
OG0000969	2	DEG20010872	6183.Smp_000110.1
OG0000970	2	DEG20010873	6183.Smp_151380.1
OG0000971	2	DEG20010879	6183.Smp_043200.1
OG0000972	2	DEG20010881	6183.Smp_084810.1
OG0000973	2	DEG20010883	6183.Smp_007540.1
OG0000974	2	DEG20010884	6183.Smp_083020.1
OG0000975	2	DEG20010885	6183.Smp_019440.1
OG0000976	2	DEG20010887	6183.Smp_170800.2
OG0000977	2	DEG20010893	6183.Smp_210940.1
OG0000978	2	DEG20010894	6183.Smp_023230.1
OG0000979	2	DEG20010898	6183.Smp_092770.1
OG0000980	2	DEG20010904	6183.Smp_152860.1
OG0000981	2	DEG20010908	6183.Smp_123710.1
OG0000982	2	DEG20010913	6183.Smp_172660.1
OG0000983	2	DEG20010914	6183.Smp_029100.2
OG0000984	2	DEG20010916	6183.Smp_093850.1
OG0000985	2	DEG20010917	6183.Smp_040710.1
OG0000986	2	DEG20010918	6183.Smp_102450.1
OG0000987	2	DEG20010919	6183.Smp_161980.1
OG0000988	2	DEG20010923	6183.Smp_076230.1
OG0000989	2	DEG20010924	6183.Smp_130850.1
OG0000990	2	DEG20010927	6183.Smp_156780.1
OG0000991	2	DEG20010930	6183.Smp_082860.1
OG0000992	2	DEG20010931	6183.Smp_037640.1
OG0000993	2	DEG20010932	6183.Smp_031570.1
OG0000994	2	DEG20010934	6183.Smp_003410.1
OG0000995	2	DEG20010937	6183.Smp_018610.1
OG0000996	2	DEG20010943	6183.Smp_097380.1
OG0000997	2	DEG20010945	6183.Smp_133300.1
OG0000998	2	DEG20010946	6183.Smp_064510.1
OG0000999	2	DEG20010949	6183.Smp_047200.1
OG0001000	2	DEG20010950	6183.Smp_200410.1
OG0001001	2	DEG20010952	6183.Smp_023250.1
OG0001002	2	DEG20010953	6183.Smp_148770.1
OG0001003	2	DEG20010955	6183.Smp_020770.1
OG0001004	2	DEG20010959	6183.Smp_042270.2
OG0001005	2	DEG20010960	6183.Smp_022140.1
OG0001006	2	DEG20010964	6183.Smp_210350.1
OG0001007	2	DEG20010966	6183.Smp_073410.1
OG0001008	2	DEG20010968	6183.Smp_164410.1
OG0001009	2	DEG20010971	6183.Smp_140790.1
OG0001010	2	DEG20010973	6183.Smp_080280.1
OG0001011	2	DEG20010975	6183.Smp_154980.1
OG0001012	2	DEG20010977	6183.Smp_008440.1
OG0001013	2	DEG20010979	6183.Smp_006850.1
OG0001014	2	DEG20010981	6183.Smp_062790.1
OG0001015	2	DEG20010983	6183.Smp_175230.1
OG0001016	2	DEG20010984	6183.Smp_053140.1
OG0001017	2	DEG20010986	6183.Smp_019130.1
OG0001018	2	DEG20010989	6183.Smp_083740.1
OG0001019	2	DEG20010990	6183.Smp_017070.1
OG0001020	2	DEG20010993	6183.Smp_165330.1
OG0001021	2	DEG20010997	6183.Smp_086760.1
OG0001022	2	DEG20010999	6183.Smp_058680.2
OG0001023	2	DEG20011001	6183.Smp_067420.1
OG0001024	2	DEG20011004	6183.Smp_038240.1
OG0001025	2	DEG20011005	6183.Smp_133700.1
OG0001026	2	DEG20011009	6183.Smp_058460.1
OG0001027	2	DEG20011010	6183.Smp_092280.1
OG0001028	2	DEG20011015	6183.Smp_020220.2
OG0001029	2	DEG20011020	6183.Smp_197330.1
OG0001030	2	DEG20011022	6183.Smp_024360.1
OG0001031	2	DEG20011029	6183.Smp_119980.1
OG0001032	2	DEG20011031	6183.Smp_082790.1
OG0001033	2	DEG20011035	6183.Smp_200920.1
OG0001034	2	DEG20011037	6183.Smp_061200.1
OG0001035	2	DEG20011039	6183.Smp_104870.1
OG0001036	2	DEG20011041	6183.Smp_194160.1
OG0001037	2	DEG20011042	6183.Smp_162430.1
OG0001038	2	DEG20011043	6183.Smp_046880.2
OG0001039	2	DEG20011050	6183.Smp_021760.1
OG0001040	2	DEG20011051	6183.Smp_100030.1
OG0001041	2	DEG20011052	6183.Smp_073590.1
OG0001042	2	DEG20011056	6183.Smp_132690.1
OG0001043	2	DEG20011057	6183.Smp_103460.1
OG0001044	2	DEG20011060	6183.Smp_124940.1
OG0001045	2	DEG20011064	6183.Smp_198420.1
OG0001046	2	DEG20011067	6183.Smp_023360.1
OG0001047	2	DEG20011069	6183.Smp_091460.1
OG0001048	2	DEG20011070	6183.Smp_163850.1
OG0001049	2	DEG20011071	6183.Smp_122840.1
OG0001050	2	DEG20011072	6183.Smp_038820.1
OG0001051	2	DEG20011075	6183.Smp_106050.1
OG0001052	2	DEG20011077	6183.Smp_063650.4
OG0001053	2	DEG20011078	6183.Smp_059540.1
OG0001054	2	DEG20011079	6183.Smp_011720.1
OG0001055	2	DEG20011083	6183.Smp_037380.1
OG0001056	2	DEG20011084	6183.Smp_052870.1
OG0001057	2	DEG20011085	6183.Smp_004640.1
OG0001058	2	DEG20011087	6183.Smp_141240.1
OG0001059	2	DEG20011088	6183.Smp_132640.1
OG0001060	2	DEG20011091	6183.Smp_065110.1
OG0001061	2	DEG20011092	6183.Smp_008500.2
OG0001062	2	DEG20011095	6183.Smp_017640.1
OG0001063	2	DEG20011097	6183.Smp_042210.1
OG0001064	2	DEG20011099	6183.Smp_025340.1
OG0001065	2	DEG20011101	6183.Smp_124120.1
OG0001066	2	DEG20011105	6183.Smp_099310.1
OG0001067	2	DEG20011106	6183.Smp_060910.1
OG0001068	2	DEG20011107	6183.Smp_042790.1
OG0001069	2	DEG20011108	6183.Smp_147010.1
OG0001070	2	DEG20011109	6183.Smp_073570.1
