Orthogroup	protein_mansoni	sequence_Saccharomyces cerevisiae	Total
OG0000000	111	0	111
OG0000001	52	0	52
OG0000002	49	1	50
OG0000003	43	0	43
OG0000004	42	0	42
OG0000005	39	0	39
OG0000006	32	0	32
OG0000007	29	0	29
OG0000008	28	0	28
OG0000009	23	0	23
OG0000010	23	0	23
OG0000011	22	0	22
OG0000012	22	0	22
OG0000013	22	0	22
OG0000014	21	0	21
OG0000015	21	0	21
OG0000016	21	0	21
OG0000017	21	0	21
OG0000018	20	0	20
OG0000019	20	0	20
OG0000020	20	0	20
OG0000021	19	0	19
OG0000022	19	0	19
OG0000023	19	0	19
OG0000024	19	0	19
OG0000025	17	1	18
OG0000026	18	0	18
OG0000027	18	0	18
OG0000028	17	1	18
OG0000029	17	0	17
OG0000030	7	10	17
OG0000031	15	2	17
OG0000032	17	0	17
OG0000033	16	0	16
OG0000034	16	0	16
OG0000035	16	0	16
OG0000036	16	0	16
OG0000037	16	0	16
OG0000038	15	0	15
OG0000039	15	0	15
OG0000040	5	10	15
OG0000041	14	0	14
OG0000042	14	0	14
OG0000043	14	0	14
OG0000044	12	1	13
OG0000045	12	1	13
OG0000046	13	0	13
OG0000047	13	0	13
OG0000048	13	0	13
OG0000049	13	0	13
OG0000050	13	0	13
OG0000051	7	6	13
OG0000052	13	0	13
OG0000053	13	0	13
OG0000054	12	0	12
OG0000055	12	0	12
OG0000056	12	0	12
OG0000057	12	0	12
OG0000058	12	0	12
OG0000059	12	0	12
OG0000060	12	0	12
OG0000061	12	0	12
OG0000062	12	0	12
OG0000063	12	0	12
OG0000064	12	0	12
OG0000065	12	0	12
OG0000066	12	0	12
OG0000067	12	0	12
OG0000068	11	0	11
OG0000069	10	1	11
OG0000070	11	0	11
OG0000071	11	0	11
OG0000072	5	6	11
OG0000073	11	0	11
OG0000074	11	0	11
OG0000075	11	0	11
OG0000076	11	0	11
OG0000077	11	0	11
OG0000078	11	0	11
OG0000079	11	0	11
OG0000080	11	0	11
OG0000081	10	0	10
OG0000082	10	0	10
OG0000083	10	0	10
OG0000084	10	0	10
OG0000085	10	0	10
OG0000086	10	0	10
OG0000087	10	0	10
OG0000088	10	0	10
OG0000089	10	0	10
OG0000090	10	0	10
OG0000091	10	0	10
OG0000092	10	0	10
OG0000093	10	0	10
OG0000094	10	0	10
OG0000095	10	0	10
OG0000096	9	0	9
OG0000097	9	0	9
OG0000098	9	0	9
OG0000099	9	0	9
OG0000100	9	0	9
OG0000101	9	0	9
OG0000102	9	0	9
OG0000103	9	0	9
OG0000104	9	0	9
OG0000105	9	0	9
OG0000106	9	0	9
OG0000107	9	0	9
OG0000108	9	0	9
OG0000109	9	0	9
OG0000110	9	0	9
OG0000111	9	0	9
OG0000112	8	0	8
OG0000113	8	0	8
OG0000114	8	0	8
OG0000115	8	0	8
OG0000116	7	1	8
OG0000117	8	0	8
OG0000118	8	0	8
OG0000119	6	2	8
OG0000120	8	0	8
OG0000121	8	0	8
OG0000122	8	0	8
OG0000123	7	1	8
OG0000124	8	0	8
OG0000125	8	0	8
OG0000126	8	0	8
OG0000127	8	0	8
OG0000128	8	0	8
OG0000129	4	4	8
OG0000130	7	0	7
OG0000131	7	0	7
OG0000132	7	0	7
OG0000133	7	0	7
OG0000134	7	0	7
OG0000135	7	0	7
OG0000136	6	1	7
OG0000137	7	0	7
OG0000138	7	0	7
OG0000139	7	0	7
OG0000140	6	1	7
OG0000141	7	0	7
OG0000142	7	0	7
OG0000143	7	0	7
OG0000144	7	0	7
OG0000145	7	0	7
OG0000146	7	0	7
OG0000147	7	0	7
OG0000148	7	0	7
OG0000149	7	0	7
OG0000150	7	0	7
OG0000151	4	3	7
OG0000152	7	0	7
OG0000153	6	0	6
OG0000154	6	0	6
OG0000155	6	0	6
OG0000156	6	0	6
OG0000157	6	0	6
OG0000158	6	0	6
OG0000159	6	0	6
OG0000160	6	0	6
OG0000161	6	0	6
OG0000162	6	0	6
OG0000163	6	0	6
OG0000164	6	0	6
OG0000165	6	0	6
OG0000166	3	3	6
OG0000167	6	0	6
OG0000168	6	0	6
OG0000169	6	0	6
OG0000170	6	0	6
OG0000171	6	0	6
OG0000172	6	0	6
OG0000173	6	0	6
OG0000174	3	3	6
OG0000175	6	0	6
OG0000176	6	0	6
OG0000177	6	0	6
OG0000178	6	0	6
OG0000179	6	0	6
OG0000180	6	0	6
OG0000181	6	0	6
OG0000182	6	0	6
OG0000183	6	0	6
OG0000184	6	0	6
OG0000185	6	0	6
OG0000186	5	1	6
OG0000187	6	0	6
OG0000188	6	0	6
OG0000189	6	0	6
OG0000190	6	0	6
OG0000191	3	3	6
OG0000192	6	0	6
OG0000193	6	0	6
OG0000194	6	0	6
OG0000195	5	0	5
OG0000196	5	0	5
OG0000197	5	0	5
OG0000198	5	0	5
OG0000199	5	0	5
OG0000200	5	0	5
OG0000201	5	0	5
OG0000202	5	0	5
OG0000203	5	0	5
OG0000204	5	0	5
OG0000205	5	0	5
OG0000206	5	0	5
OG0000207	5	0	5
OG0000208	5	0	5
OG0000209	5	0	5
OG0000210	5	0	5
OG0000211	5	0	5
OG0000212	5	0	5
OG0000213	5	0	5
OG0000214	5	0	5
OG0000215	5	0	5
OG0000216	5	0	5
OG0000217	5	0	5
OG0000218	5	0	5
OG0000219	5	0	5
OG0000220	5	0	5
OG0000221	5	0	5
OG0000222	5	0	5
OG0000223	5	0	5
OG0000224	5	0	5
OG0000225	5	0	5
OG0000226	4	1	5
OG0000227	5	0	5
OG0000228	4	1	5
OG0000229	5	0	5
OG0000230	5	0	5
OG0000231	5	0	5
OG0000232	5	0	5
OG0000233	4	1	5
OG0000234	5	0	5
OG0000235	5	0	5
OG0000236	5	0	5
OG0000237	5	0	5
OG0000238	3	2	5
OG0000239	5	0	5
OG0000240	5	0	5
OG0000241	4	1	5
OG0000242	5	0	5
OG0000243	5	0	5
OG0000244	5	0	5
OG0000245	5	0	5
OG0000246	5	0	5
OG0000247	5	0	5
OG0000248	5	0	5
OG0000249	5	0	5
OG0000250	4	0	4
OG0000251	4	0	4
OG0000252	4	0	4
OG0000253	4	0	4
OG0000254	4	0	4
OG0000255	4	0	4
OG0000256	4	0	4
OG0000257	4	0	4
OG0000258	4	0	4
OG0000259	4	0	4
OG0000260	3	1	4
OG0000261	4	0	4
OG0000262	3	1	4
OG0000263	4	0	4
OG0000264	4	0	4
OG0000265	3	1	4
OG0000266	4	0	4
OG0000267	4	0	4
OG0000268	2	2	4
OG0000269	4	0	4
OG0000270	4	0	4
OG0000271	4	0	4
OG0000272	4	0	4
OG0000273	4	0	4
OG0000274	1	3	4
OG0000275	4	0	4
OG0000276	4	0	4
OG0000277	4	0	4
OG0000278	3	1	4
OG0000279	2	2	4
OG0000280	4	0	4
OG0000281	4	0	4
OG0000282	2	2	4
OG0000283	3	1	4
OG0000284	4	0	4
OG0000285	4	0	4
OG0000286	4	0	4
OG0000287	4	0	4
OG0000288	4	0	4
OG0000289	4	0	4
OG0000290	3	1	4
OG0000291	4	0	4
OG0000292	4	0	4
OG0000293	3	1	4
OG0000294	2	2	4
OG0000295	4	0	4
OG0000296	4	0	4
OG0000297	4	0	4
OG0000298	4	0	4
OG0000299	4	0	4
OG0000300	4	0	4
OG0000301	4	0	4
OG0000302	4	0	4
OG0000303	2	2	4
OG0000304	3	1	4
OG0000305	2	2	4
OG0000306	4	0	4
OG0000307	4	0	4
OG0000308	3	1	4
OG0000309	4	0	4
OG0000310	3	1	4
OG0000311	4	0	4
OG0000312	4	0	4
OG0000313	4	0	4
OG0000314	3	1	4
OG0000315	2	2	4
OG0000316	4	0	4
OG0000317	3	1	4
OG0000318	4	0	4
OG0000319	4	0	4
OG0000320	1	3	4
OG0000321	4	0	4
OG0000322	4	0	4
OG0000323	4	0	4
OG0000324	3	1	4
OG0000325	4	0	4
OG0000326	4	0	4
OG0000327	4	0	4
OG0000328	4	0	4
OG0000329	4	0	4
OG0000330	4	0	4
OG0000331	4	0	4
OG0000332	3	1	4
OG0000333	4	0	4
OG0000334	4	0	4
OG0000335	2	2	4
OG0000336	4	0	4
OG0000337	4	0	4
OG0000338	4	0	4
OG0000339	4	0	4
OG0000340	4	0	4
OG0000341	4	0	4
OG0000342	4	0	4
OG0000343	4	0	4
OG0000344	4	0	4
OG0000345	4	0	4
OG0000346	4	0	4
OG0000347	4	0	4
OG0000348	4	0	4
OG0000349	3	1	4
OG0000350	4	0	4
OG0000351	2	2	4
OG0000352	4	0	4
OG0000353	4	0	4
OG0000354	4	0	4
OG0000355	4	0	4
OG0000356	2	2	4
OG0000357	2	2	4
OG0000358	4	0	4
OG0000359	4	0	4
OG0000360	4	0	4
OG0000361	4	0	4
OG0000362	2	2	4
OG0000363	4	0	4
OG0000364	4	0	4
OG0000365	4	0	4
OG0000366	4	0	4
OG0000367	4	0	4
OG0000368	2	1	3
OG0000369	3	0	3
OG0000370	3	0	3
OG0000371	3	0	3
OG0000372	3	0	3
OG0000373	2	1	3
OG0000374	3	0	3
OG0000375	2	1	3
OG0000376	2	1	3
OG0000377	3	0	3
OG0000378	3	0	3
OG0000379	2	1	3
OG0000380	2	1	3
OG0000381	2	1	3
OG0000382	3	0	3
OG0000383	3	0	3
OG0000384	3	0	3
OG0000385	3	0	3
OG0000386	3	0	3
OG0000387	2	1	3
OG0000388	3	0	3
OG0000389	3	0	3
OG0000390	3	0	3
OG0000391	3	0	3
OG0000392	3	0	3
OG0000393	3	0	3
OG0000394	3	0	3
OG0000395	3	0	3
OG0000396	3	0	3
OG0000397	2	1	3
OG0000398	3	0	3
OG0000399	3	0	3
OG0000400	2	1	3
OG0000401	3	0	3
OG0000402	3	0	3
OG0000403	3	0	3
OG0000404	3	0	3
OG0000405	3	0	3
OG0000406	3	0	3
OG0000407	3	0	3
OG0000408	2	1	3
OG0000409	3	0	3
OG0000410	3	0	3
OG0000411	1	2	3
OG0000412	3	0	3
OG0000413	2	1	3
OG0000414	2	1	3
OG0000415	3	0	3
OG0000416	3	0	3
OG0000417	3	0	3
OG0000418	3	0	3
OG0000419	3	0	3
OG0000420	3	0	3
OG0000421	3	0	3
OG0000422	3	0	3
OG0000423	3	0	3
OG0000424	3	0	3
OG0000425	2	1	3
OG0000426	3	0	3
OG0000427	3	0	3
OG0000428	3	0	3
OG0000429	2	1	3
OG0000430	3	0	3
OG0000431	1	2	3
OG0000432	2	1	3
OG0000433	3	0	3
OG0000434	3	0	3
OG0000435	3	0	3
OG0000436	3	0	3
OG0000437	3	0	3
OG0000438	3	0	3
OG0000439	3	0	3
OG0000440	3	0	3
OG0000441	3	0	3
OG0000442	1	2	3
OG0000443	3	0	3
OG0000444	1	2	3
OG0000445	3	0	3
OG0000446	3	0	3
OG0000447	3	0	3
OG0000448	3	0	3
OG0000449	3	0	3
OG0000450	3	0	3
OG0000451	1	2	3
OG0000452	3	0	3
OG0000453	3	0	3
OG0000454	1	2	3
OG0000455	3	0	3
OG0000456	2	1	3
OG0000457	3	0	3
OG0000458	3	0	3
OG0000459	3	0	3
OG0000460	3	0	3
OG0000461	3	0	3
OG0000462	3	0	3
OG0000463	3	0	3
OG0000464	2	1	3
OG0000465	3	0	3
OG0000466	2	1	3
OG0000467	3	0	3
OG0000468	3	0	3
OG0000469	3	0	3
OG0000470	3	0	3
OG0000471	2	1	3
OG0000472	3	0	3
OG0000473	3	0	3
OG0000474	3	0	3
OG0000475	3	0	3
OG0000476	2	1	3
OG0000477	3	0	3
OG0000478	3	0	3
OG0000479	3	0	3
OG0000480	2	1	3
OG0000481	3	0	3
OG0000482	3	0	3
OG0000483	3	0	3
OG0000484	3	0	3
OG0000485	3	0	3
OG0000486	3	0	3
OG0000487	3	0	3
OG0000488	3	0	3
OG0000489	2	1	3
OG0000490	3	0	3
OG0000491	3	0	3
OG0000492	2	1	3
OG0000493	3	0	3
OG0000494	3	0	3
OG0000495	3	0	3
OG0000496	3	0	3
OG0000497	3	0	3
OG0000498	2	1	3
OG0000499	3	0	3
OG0000500	2	1	3
OG0000501	3	0	3
OG0000502	3	0	3
OG0000503	2	1	3
OG0000504	3	0	3
OG0000505	3	0	3
OG0000506	3	0	3
OG0000507	1	2	3
OG0000508	3	0	3
OG0000509	2	1	3
OG0000510	1	2	3
OG0000511	3	0	3
OG0000512	2	1	3
OG0000513	3	0	3
OG0000514	3	0	3
OG0000515	3	0	3
OG0000516	3	0	3
OG0000517	2	1	3
OG0000518	3	0	3
OG0000519	3	0	3
OG0000520	3	0	3
OG0000521	3	0	3
OG0000522	3	0	3
OG0000523	3	0	3
OG0000524	3	0	3
OG0000525	1	2	3
OG0000526	3	0	3
OG0000527	2	1	3
OG0000528	3	0	3
OG0000529	3	0	3
OG0000530	3	0	3
OG0000531	3	0	3
OG0000532	3	0	3
OG0000533	3	0	3
OG0000534	3	0	3
OG0000535	2	1	3
OG0000536	2	1	3
OG0000537	3	0	3
OG0000538	3	0	3
OG0000539	3	0	3
OG0000540	3	0	3
OG0000541	3	0	3
OG0000542	3	0	3
OG0000543	1	2	3
OG0000544	3	0	3
OG0000545	1	2	3
OG0000546	3	0	3
OG0000547	3	0	3
OG0000548	3	0	3
OG0000549	2	1	3
OG0000550	2	1	3
OG0000551	3	0	3
OG0000552	1	2	3
OG0000553	3	0	3
OG0000554	3	0	3
OG0000555	3	0	3
OG0000556	3	0	3
OG0000557	3	0	3
OG0000558	3	0	3
OG0000559	3	0	3
OG0000560	3	0	3
OG0000561	3	0	3
OG0000562	3	0	3
OG0000563	3	0	3
OG0000564	3	0	3
OG0000565	3	0	3
OG0000566	3	0	3
OG0000567	1	2	3
OG0000568	3	0	3
OG0000569	2	1	3
OG0000570	1	2	3
OG0000571	3	0	3
OG0000572	3	0	3
OG0000573	3	0	3
OG0000574	2	1	3
OG0000575	3	0	3
OG0000576	3	0	3
OG0000577	3	0	3
OG0000578	3	0	3
OG0000579	3	0	3
OG0000580	3	0	3
OG0000581	3	0	3
OG0000582	3	0	3
OG0000583	3	0	3
OG0000584	3	0	3
OG0000585	3	0	3
OG0000586	3	0	3
OG0000587	2	1	3
OG0000588	3	0	3
OG0000589	3	0	3
OG0000590	3	0	3
OG0000591	2	1	3
OG0000592	3	0	3
OG0000593	3	0	3
OG0000594	3	0	3
OG0000595	3	0	3
OG0000596	3	0	3
OG0000597	1	2	3
OG0000598	0	3	3
OG0000599	2	0	2
OG0000600	2	0	2
OG0000601	1	1	2
OG0000602	2	0	2
OG0000603	2	0	2
OG0000604	2	0	2
OG0000605	2	0	2
OG0000606	1	1	2
OG0000607	2	0	2
OG0000608	1	1	2
OG0000609	2	0	2
OG0000610	2	0	2
OG0000611	2	0	2
OG0000612	2	0	2
OG0000613	1	1	2
OG0000614	1	1	2
OG0000615	1	1	2
OG0000616	1	1	2
OG0000617	2	0	2
OG0000618	2	0	2
OG0000619	2	0	2
OG0000620	2	0	2
OG0000621	1	1	2
OG0000622	1	1	2
OG0000623	2	0	2
OG0000624	1	1	2
OG0000625	2	0	2
OG0000626	1	1	2
OG0000627	2	0	2
OG0000628	2	0	2
OG0000629	1	1	2
OG0000630	1	1	2
OG0000631	2	0	2
OG0000632	1	1	2
OG0000633	1	1	2
OG0000634	1	1	2
OG0000635	1	1	2
OG0000636	2	0	2
OG0000637	1	1	2
OG0000638	2	0	2
OG0000639	2	0	2
OG0000640	2	0	2
OG0000641	1	1	2
OG0000642	2	0	2
OG0000643	1	1	2
OG0000644	2	0	2
OG0000645	1	1	2
OG0000646	2	0	2
OG0000647	1	1	2
OG0000648	2	0	2
OG0000649	2	0	2
OG0000650	1	1	2
OG0000651	1	1	2
OG0000652	2	0	2
OG0000653	2	0	2
OG0000654	2	0	2
OG0000655	1	1	2
OG0000656	2	0	2
OG0000657	2	0	2
OG0000658	1	1	2
OG0000659	1	1	2
OG0000660	2	0	2
OG0000661	2	0	2
OG0000662	2	0	2
OG0000663	2	0	2
OG0000664	1	1	2
OG0000665	1	1	2
OG0000666	2	0	2
OG0000667	2	0	2
OG0000668	2	0	2
OG0000669	2	0	2
OG0000670	2	0	2
OG0000671	2	0	2
OG0000672	2	0	2
OG0000673	2	0	2
OG0000674	1	1	2
OG0000675	1	1	2
OG0000676	1	1	2
OG0000677	1	1	2
OG0000678	1	1	2
OG0000679	1	1	2
OG0000680	1	1	2
OG0000681	2	0	2
OG0000682	1	1	2
OG0000683	1	1	2
OG0000684	1	1	2
OG0000685	2	0	2
OG0000686	1	1	2
OG0000687	2	0	2
OG0000688	2	0	2
OG0000689	2	0	2
OG0000690	2	0	2
OG0000691	1	1	2
OG0000692	2	0	2
OG0000693	2	0	2
OG0000694	1	1	2
OG0000695	1	1	2
OG0000696	2	0	2
OG0000697	2	0	2
OG0000698	1	1	2
OG0000699	2	0	2
OG0000700	1	1	2
OG0000701	1	1	2
OG0000702	1	1	2
OG0000703	2	0	2
OG0000704	2	0	2
OG0000705	2	0	2
OG0000706	2	0	2
OG0000707	1	1	2
OG0000708	1	1	2
OG0000709	1	1	2
OG0000710	1	1	2
OG0000711	2	0	2
OG0000712	1	1	2
OG0000713	2	0	2
OG0000714	1	1	2
OG0000715	2	0	2
OG0000716	2	0	2
OG0000717	2	0	2
OG0000718	2	0	2
OG0000719	1	1	2
OG0000720	1	1	2
OG0000721	2	0	2
OG0000722	1	1	2
OG0000723	1	1	2
OG0000724	1	1	2
OG0000725	2	0	2
OG0000726	2	0	2
OG0000727	1	1	2
OG0000728	1	1	2
OG0000729	2	0	2
OG0000730	2	0	2
OG0000731	2	0	2
OG0000732	1	1	2
OG0000733	2	0	2
OG0000734	1	1	2
OG0000735	1	1	2
OG0000736	2	0	2
OG0000737	2	0	2
OG0000738	2	0	2
OG0000739	1	1	2
OG0000740	2	0	2
OG0000741	2	0	2
OG0000742	1	1	2
OG0000743	2	0	2
OG0000744	1	1	2
OG0000745	1	1	2
OG0000746	2	0	2
OG0000747	1	1	2
OG0000748	2	0	2
OG0000749	1	1	2
OG0000750	1	1	2
OG0000751	2	0	2
OG0000752	2	0	2
OG0000753	2	0	2
OG0000754	2	0	2
OG0000755	1	1	2
OG0000756	2	0	2
OG0000757	1	1	2
OG0000758	1	1	2
OG0000759	2	0	2
OG0000760	1	1	2
OG0000761	2	0	2
OG0000762	1	1	2
OG0000763	1	1	2
OG0000764	2	0	2
OG0000765	1	1	2
OG0000766	1	1	2
OG0000767	1	1	2
OG0000768	1	1	2
OG0000769	2	0	2
OG0000770	2	0	2
OG0000771	1	1	2
OG0000772	2	0	2
OG0000773	1	1	2
OG0000774	1	1	2
OG0000775	1	1	2
OG0000776	2	0	2
OG0000777	1	1	2
OG0000778	2	0	2
OG0000779	1	1	2
OG0000780	1	1	2
OG0000781	1	1	2
OG0000782	1	1	2
OG0000783	2	0	2
OG0000784	2	0	2
OG0000785	1	1	2
OG0000786	1	1	2
OG0000787	2	0	2
OG0000788	2	0	2
OG0000789	2	0	2
OG0000790	2	0	2
OG0000791	2	0	2
OG0000792	1	1	2
OG0000793	1	1	2
OG0000794	2	0	2
OG0000795	2	0	2
OG0000796	1	1	2
OG0000797	1	1	2
OG0000798	2	0	2
OG0000799	1	1	2
OG0000800	1	1	2
OG0000801	1	1	2
OG0000802	2	0	2
OG0000803	2	0	2
OG0000804	2	0	2
OG0000805	1	1	2
OG0000806	2	0	2
OG0000807	1	1	2
OG0000808	1	1	2
OG0000809	2	0	2
OG0000810	2	0	2
OG0000811	2	0	2
OG0000812	1	1	2
OG0000813	2	0	2
OG0000814	2	0	2
OG0000815	1	1	2
OG0000816	2	0	2
OG0000817	2	0	2
OG0000818	1	1	2
OG0000819	2	0	2
OG0000820	1	1	2
OG0000821	1	1	2
OG0000822	1	1	2
OG0000823	2	0	2
OG0000824	1	1	2
OG0000825	2	0	2
OG0000826	2	0	2
OG0000827	1	1	2
OG0000828	1	1	2
OG0000829	2	0	2
OG0000830	2	0	2
OG0000831	1	1	2
OG0000832	2	0	2
OG0000833	2	0	2
OG0000834	1	1	2
OG0000835	1	1	2
OG0000836	1	1	2
OG0000837	1	1	2
OG0000838	1	1	2
OG0000839	1	1	2
OG0000840	1	1	2
OG0000841	1	1	2
OG0000842	2	0	2
OG0000843	1	1	2
OG0000844	1	1	2
OG0000845	1	1	2
OG0000846	2	0	2
OG0000847	2	0	2
OG0000848	2	0	2
OG0000849	1	1	2
OG0000850	1	1	2
OG0000851	2	0	2
OG0000852	2	0	2
OG0000853	2	0	2
OG0000854	2	0	2
OG0000855	2	0	2
OG0000856	2	0	2
OG0000857	1	1	2
OG0000858	2	0	2
OG0000859	2	0	2
OG0000860	1	1	2
OG0000861	1	1	2
OG0000862	1	1	2
OG0000863	1	1	2
OG0000864	1	1	2
OG0000865	2	0	2
OG0000866	1	1	2
OG0000867	1	1	2
OG0000868	2	0	2
OG0000869	2	0	2
OG0000870	1	1	2
OG0000871	2	0	2
OG0000872	2	0	2
OG0000873	1	1	2
OG0000874	1	1	2
OG0000875	2	0	2
OG0000876	1	1	2
OG0000877	1	1	2
OG0000878	2	0	2
OG0000879	2	0	2
OG0000880	2	0	2
OG0000881	2	0	2
OG0000882	1	1	2
OG0000883	2	0	2
OG0000884	1	1	2
OG0000885	2	0	2
OG0000886	2	0	2
OG0000887	1	1	2
OG0000888	2	0	2
OG0000889	1	1	2
OG0000890	2	0	2
OG0000891	1	1	2
OG0000892	2	0	2
OG0000893	1	1	2
OG0000894	2	0	2
OG0000895	1	1	2
OG0000896	1	1	2
OG0000897	1	1	2
OG0000898	2	0	2
OG0000899	1	1	2
OG0000900	1	1	2
OG0000901	1	1	2
OG0000902	1	1	2
OG0000903	1	1	2
OG0000904	2	0	2
OG0000905	2	0	2
OG0000906	2	0	2
OG0000907	1	1	2
OG0000908	2	0	2
OG0000909	1	1	2
OG0000910	2	0	2
OG0000911	1	1	2
OG0000912	2	0	2
OG0000913	1	1	2
OG0000914	1	1	2
OG0000915	2	0	2
OG0000916	2	0	2
OG0000917	1	1	2
OG0000918	1	1	2
OG0000919	1	1	2
OG0000920	1	1	2
OG0000921	2	0	2
OG0000922	2	0	2
OG0000923	1	1	2
OG0000924	2	0	2
OG0000925	1	1	2
OG0000926	2	0	2
OG0000927	1	1	2
OG0000928	2	0	2
OG0000929	1	1	2
OG0000930	1	1	2
OG0000931	1	1	2
OG0000932	2	0	2
OG0000933	1	1	2
OG0000934	2	0	2
OG0000935	2	0	2
OG0000936	2	0	2
OG0000937	2	0	2
OG0000938	1	1	2
OG0000939	1	1	2
OG0000940	1	1	2
OG0000941	1	1	2
OG0000942	2	0	2
OG0000943	1	1	2
OG0000944	1	1	2
OG0000945	1	1	2
OG0000946	1	1	2
OG0000947	2	0	2
OG0000948	1	1	2
OG0000949	2	0	2
OG0000950	1	1	2
OG0000951	2	0	2
OG0000952	1	1	2
OG0000953	1	1	2
OG0000954	2	0	2
OG0000955	2	0	2
OG0000956	2	0	2
OG0000957	1	1	2
OG0000958	2	0	2
OG0000959	1	1	2
OG0000960	2	0	2
OG0000961	1	1	2
OG0000962	1	1	2
OG0000963	1	1	2
OG0000964	2	0	2
OG0000965	2	0	2
OG0000966	1	1	2
OG0000967	2	0	2
OG0000968	2	0	2
OG0000969	2	0	2
OG0000970	2	0	2
OG0000971	1	1	2
OG0000972	1	1	2
OG0000973	1	1	2
OG0000974	1	1	2
OG0000975	2	0	2
OG0000976	2	0	2
OG0000977	2	0	2
OG0000978	2	0	2
OG0000979	2	0	2
OG0000980	1	1	2
OG0000981	1	1	2
OG0000982	2	0	2
OG0000983	1	1	2
OG0000984	2	0	2
OG0000985	1	1	2
OG0000986	1	1	2
OG0000987	1	1	2
OG0000988	2	0	2
OG0000989	1	1	2
OG0000990	2	0	2
OG0000991	2	0	2
OG0000992	1	1	2
OG0000993	2	0	2
OG0000994	1	1	2
OG0000995	1	1	2
OG0000996	1	1	2
OG0000997	1	1	2
OG0000998	1	1	2
OG0000999	1	1	2
OG0001000	1	1	2
OG0001001	2	0	2
OG0001002	1	1	2
OG0001003	1	1	2
OG0001004	1	1	2
OG0001005	1	1	2
OG0001006	1	1	2
OG0001007	2	0	2
OG0001008	2	0	2
OG0001009	1	1	2
OG0001010	2	0	2
OG0001011	1	1	2
OG0001012	1	1	2
OG0001013	1	1	2
OG0001014	1	1	2
OG0001015	1	1	2
OG0001016	1	1	2
OG0001017	1	1	2
OG0001018	1	1	2
OG0001019	2	0	2
OG0001020	2	0	2
OG0001021	1	1	2
OG0001022	1	1	2
OG0001023	1	1	2
OG0001024	1	1	2
OG0001025	2	0	2
OG0001026	1	1	2
OG0001027	1	1	2
OG0001028	1	1	2
OG0001029	2	0	2
OG0001030	2	0	2
OG0001031	2	0	2
OG0001032	1	1	2
OG0001033	1	1	2
OG0001034	1	1	2
OG0001035	2	0	2
OG0001036	2	0	2
OG0001037	1	1	2
OG0001038	1	1	2
OG0001039	2	0	2
OG0001040	1	1	2
OG0001041	1	1	2
OG0001042	2	0	2
OG0001043	2	0	2
OG0001044	1	1	2
OG0001045	1	1	2
OG0001046	1	1	2
OG0001047	1	1	2
OG0001048	1	1	2
OG0001049	2	0	2
OG0001050	1	1	2
OG0001051	2	0	2
OG0001052	2	0	2
OG0001053	1	1	2
OG0001054	2	0	2
OG0001055	2	0	2
OG0001056	1	1	2
OG0001057	1	1	2
OG0001058	2	0	2
OG0001059	2	0	2
OG0001060	1	1	2
OG0001061	2	0	2
OG0001062	2	0	2
OG0001063	1	1	2
OG0001064	1	1	2
OG0001065	1	1	2
OG0001066	2	0	2
OG0001067	1	1	2
OG0001068	2	0	2
OG0001069	2	0	2
OG0001070	2	0	2
OG0001071	2	0	2
OG0001072	2	0	2
OG0001073	2	0	2
OG0001074	1	1	2
OG0001075	2	0	2
OG0001076	2	0	2
OG0001077	1	1	2
OG0001078	1	1	2
OG0001079	1	1	2
OG0001080	1	1	2
OG0001081	1	1	2
OG0001082	1	1	2
OG0001083	2	0	2
OG0001084	2	0	2
OG0001085	2	0	2
OG0001086	1	1	2
OG0001087	2	0	2
OG0001088	1	1	2
OG0001089	1	1	2
OG0001090	1	1	2
OG0001091	1	1	2
OG0001092	1	1	2
OG0001093	2	0	2
OG0001094	1	1	2
OG0001095	2	0	2
OG0001096	1	1	2
OG0001097	1	1	2
OG0001098	1	1	2
OG0001099	1	1	2
OG0001100	1	1	2
OG0001101	1	1	2
OG0001102	1	1	2
OG0001103	2	0	2
OG0001104	1	1	2
OG0001105	2	0	2
OG0001106	1	1	2
OG0001107	2	0	2
OG0001108	1	1	2
OG0001109	1	1	2
OG0001110	1	1	2
OG0001111	1	1	2
OG0001112	1	1	2
OG0001113	1	1	2
OG0001114	1	1	2
OG0001115	1	1	2
OG0001116	2	0	2
OG0001117	2	0	2
OG0001118	2	0	2
OG0001119	1	1	2
OG0001120	1	1	2
OG0001121	1	1	2
OG0001122	1	1	2
OG0001123	2	0	2
OG0001124	1	1	2
OG0001125	1	1	2
OG0001126	2	0	2
OG0001127	1	1	2
OG0001128	1	1	2
OG0001129	2	0	2
OG0001130	1	1	2
OG0001131	2	0	2
OG0001132	1	1	2
OG0001133	2	0	2
OG0001134	2	0	2
OG0001135	1	1	2
OG0001136	1	1	2
OG0001137	2	0	2
OG0001138	2	0	2
OG0001139	1	1	2
OG0001140	1	1	2
OG0001141	2	0	2
OG0001142	1	1	2
OG0001143	1	1	2
OG0001144	1	1	2
OG0001145	2	0	2
OG0001146	1	1	2
OG0001147	1	1	2
OG0001148	1	1	2
OG0001149	1	1	2
OG0001150	2	0	2
OG0001151	2	0	2
OG0001152	2	0	2
OG0001153	2	0	2
OG0001154	1	1	2
OG0001155	2	0	2
OG0001156	1	1	2
OG0001157	2	0	2
OG0001158	1	1	2
OG0001159	2	0	2
OG0001160	2	0	2
OG0001161	1	1	2
OG0001162	1	1	2
OG0001163	1	1	2
OG0001164	1	1	2
OG0001165	2	0	2
OG0001166	1	1	2
OG0001167	2	0	2
OG0001168	2	0	2
OG0001169	1	1	2
OG0001170	1	1	2
OG0001171	2	0	2
OG0001172	1	1	2
OG0001173	1	1	2
OG0001174	1	1	2
OG0001175	2	0	2
OG0001176	2	0	2
OG0001177	1	1	2
OG0001178	2	0	2
OG0001179	1	1	2
OG0001180	1	1	2
OG0001181	2	0	2
OG0001182	1	1	2
OG0001183	1	1	2
OG0001184	1	1	2
OG0001185	2	0	2
OG0001186	2	0	2
OG0001187	1	1	2
OG0001188	1	1	2
OG0001189	1	1	2
OG0001190	1	1	2
OG0001191	2	0	2
OG0001192	2	0	2
OG0001193	1	1	2
OG0001194	1	1	2
OG0001195	1	1	2
OG0001196	1	1	2
OG0001197	2	0	2
OG0001198	2	0	2
OG0001199	2	0	2
OG0001200	2	0	2
OG0001201	2	0	2
OG0001202	2	0	2
OG0001203	2	0	2
OG0001204	2	0	2
OG0001205	2	0	2
OG0001206	1	1	2
OG0001207	2	0	2
OG0001208	1	1	2
OG0001209	1	1	2
OG0001210	1	1	2
OG0001211	1	1	2
OG0001212	1	1	2
OG0001213	1	1	2
OG0001214	1	1	2
OG0001215	1	1	2
OG0001216	1	1	2
OG0001217	1	1	2
OG0001218	2	0	2
OG0001219	2	0	2
OG0001220	1	1	2
OG0001221	2	0	2
OG0001222	2	0	2
OG0001223	1	1	2
OG0001224	1	1	2
OG0001225	2	0	2
OG0001226	1	1	2
OG0001227	2	0	2
OG0001228	1	1	2
OG0001229	2	0	2
OG0001230	2	0	2
OG0001231	2	0	2
OG0001232	1	1	2
OG0001233	2	0	2
OG0001234	1	1	2
OG0001235	1	1	2
OG0001236	1	1	2
OG0001237	2	0	2
OG0001238	2	0	2
OG0001239	2	0	2
OG0001240	2	0	2
OG0001241	2	0	2
OG0001242	2	0	2
OG0001243	1	1	2
OG0001244	2	0	2
OG0001245	1	1	2
OG0001246	1	1	2
OG0001247	2	0	2
OG0001248	2	0	2
OG0001249	2	0	2
OG0001250	2	0	2
OG0001251	2	0	2
OG0001252	2	0	2
OG0001253	2	0	2
OG0001254	2	0	2
OG0001255	1	1	2
OG0001256	2	0	2
OG0001257	2	0	2
OG0001258	2	0	2
OG0001259	1	1	2
OG0001260	1	1	2
OG0001261	2	0	2
OG0001262	2	0	2
OG0001263	2	0	2
OG0001264	2	0	2
OG0001265	1	1	2
OG0001266	2	0	2
OG0001267	2	0	2
OG0001268	2	0	2
OG0001269	2	0	2
OG0001270	2	0	2
OG0001271	1	1	2
OG0001272	2	0	2
OG0001273	2	0	2
OG0001274	2	0	2
OG0001275	2	0	2
OG0001276	2	0	2
OG0001277	1	1	2
OG0001278	2	0	2
OG0001279	2	0	2
OG0001280	1	1	2
OG0001281	1	1	2
OG0001282	1	1	2
OG0001283	2	0	2
OG0001284	2	0	2
OG0001285	1	1	2
OG0001286	1	1	2
OG0001287	1	1	2
OG0001288	2	0	2
OG0001289	1	1	2
OG0001290	1	1	2
OG0001291	1	1	2
OG0001292	2	0	2
OG0001293	1	1	2
OG0001294	2	0	2
OG0001295	2	0	2
OG0001296	1	1	2
OG0001297	1	1	2
OG0001298	1	1	2
OG0001299	1	1	2
OG0001300	2	0	2
OG0001301	1	1	2
OG0001302	2	0	2
OG0001303	1	1	2
OG0001304	2	0	2
OG0001305	1	1	2
OG0001306	2	0	2
OG0001307	1	1	2
OG0001308	2	0	2
OG0001309	1	1	2
OG0001310	2	0	2
OG0001311	2	0	2
OG0001312	1	1	2
OG0001313	2	0	2
OG0001314	1	1	2
OG0001315	2	0	2
OG0001316	1	1	2
OG0001317	2	0	2
OG0001318	2	0	2
OG0001319	2	0	2
OG0001320	1	1	2
OG0001321	2	0	2
OG0001322	1	1	2
OG0001323	1	1	2
OG0001324	1	1	2
OG0001325	1	1	2
OG0001326	2	0	2
OG0001327	2	0	2
OG0001328	2	0	2
OG0001329	2	0	2
OG0001330	1	1	2
OG0001331	2	0	2
OG0001332	2	0	2
OG0001333	2	0	2
OG0001334	2	0	2
OG0001335	1	1	2
OG0001336	2	0	2
OG0001337	1	1	2
OG0001338	2	0	2
OG0001339	2	0	2
OG0001340	2	0	2
OG0001341	1	1	2
OG0001342	2	0	2
OG0001343	2	0	2
OG0001344	1	1	2
OG0001345	1	1	2
OG0001346	2	0	2
OG0001347	2	0	2
OG0001348	2	0	2
OG0001349	2	0	2
OG0001350	2	0	2
OG0001351	2	0	2
OG0001352	2	0	2
OG0001353	1	1	2
OG0001354	2	0	2
OG0001355	2	0	2
OG0001356	2	0	2
OG0001357	1	1	2
OG0001358	1	1	2
OG0001359	2	0	2
OG0001360	2	0	2
OG0001361	2	0	2
OG0001362	2	0	2
OG0001363	1	1	2
OG0001364	1	1	2
OG0001365	2	0	2
OG0001366	2	0	2
OG0001367	2	0	2
OG0001368	2	0	2
OG0001369	2	0	2
OG0001370	2	0	2
OG0001371	2	0	2
OG0001372	1	1	2
OG0001373	2	0	2
OG0001374	1	1	2
OG0001375	2	0	2
OG0001376	1	1	2
OG0001377	2	0	2
OG0001378	1	1	2
OG0001379	2	0	2
OG0001380	2	0	2
OG0001381	1	1	2
OG0001382	1	1	2
OG0001383	2	0	2
OG0001384	1	1	2
OG0001385	2	0	2
OG0001386	2	0	2
OG0001387	2	0	2
OG0001388	1	1	2
OG0001389	1	1	2
OG0001390	1	1	2
OG0001391	1	1	2
OG0001392	2	0	2
OG0001393	1	1	2
OG0001394	1	1	2
OG0001395	2	0	2
OG0001396	2	0	2
OG0001397	1	1	2
OG0001398	2	0	2
OG0001399	1	1	2
OG0001400	2	0	2
OG0001401	1	1	2
OG0001402	1	1	2
OG0001403	1	1	2
OG0001404	2	0	2
OG0001405	2	0	2
OG0001406	2	0	2
OG0001407	2	0	2
OG0001408	1	1	2
OG0001409	2	0	2
OG0001410	1	1	2
OG0001411	1	1	2
OG0001412	1	1	2
OG0001413	2	0	2
OG0001414	2	0	2
OG0001415	2	0	2
OG0001416	2	0	2
OG0001417	1	1	2
OG0001418	2	0	2
OG0001419	1	1	2
OG0001420	2	0	2
OG0001421	1	1	2
OG0001422	2	0	2
OG0001423	1	1	2
OG0001424	1	1	2
OG0001425	2	0	2
OG0001426	2	0	2
OG0001427	2	0	2
OG0001428	2	0	2
OG0001429	2	0	2
OG0001430	1	1	2
OG0001431	2	0	2
OG0001432	2	0	2
OG0001433	1	1	2
OG0001434	1	1	2
OG0001435	2	0	2
OG0001436	1	1	2
OG0001437	2	0	2
OG0001438	1	1	2
OG0001439	2	0	2
OG0001440	1	1	2
OG0001441	2	0	2
OG0001442	2	0	2
OG0001443	1	1	2
OG0001444	2	0	2
OG0001445	1	1	2
OG0001446	1	1	2
OG0001447	1	1	2
OG0001448	1	1	2
OG0001449	2	0	2
OG0001450	2	0	2
OG0001451	1	1	2
OG0001452	2	0	2
OG0001453	2	0	2
OG0001454	1	1	2
OG0001455	1	1	2
OG0001456	2	0	2
OG0001457	2	0	2
OG0001458	1	1	2
OG0001459	1	1	2
OG0001460	1	1	2
OG0001461	1	1	2
OG0001462	1	1	2
OG0001463	1	1	2
OG0001464	1	1	2
OG0001465	1	1	2
OG0001466	1	1	2
OG0001467	2	0	2
OG0001468	2	0	2
OG0001469	1	1	2
OG0001470	2	0	2
OG0001471	2	0	2
OG0001472	2	0	2
OG0001473	1	1	2
OG0001474	2	0	2
OG0001475	1	1	2
OG0001476	1	1	2
OG0001477	2	0	2
OG0001478	2	0	2
OG0001479	1	1	2
OG0001480	2	0	2
OG0001481	1	1	2
OG0001482	2	0	2
OG0001483	2	0	2
OG0001484	1	1	2
OG0001485	1	1	2
OG0001486	1	1	2
OG0001487	1	1	2
OG0001488	1	1	2
OG0001489	1	1	2
OG0001490	1	1	2
OG0001491	1	1	2
OG0001492	1	1	2
OG0001493	2	0	2
OG0001494	1	1	2
OG0001495	1	1	2
OG0001496	1	1	2
OG0001497	1	1	2
OG0001498	2	0	2
OG0001499	1	1	2
OG0001500	1	1	2
OG0001501	1	1	2
OG0001502	1	1	2
OG0001503	2	0	2
OG0001504	1	1	2
OG0001505	1	1	2
OG0001506	2	0	2
OG0001507	1	1	2
OG0001508	2	0	2
OG0001509	1	1	2
OG0001510	2	0	2
OG0001511	2	0	2
OG0001512	1	1	2
OG0001513	1	1	2
OG0001514	1	1	2
OG0001515	2	0	2
OG0001516	1	1	2
OG0001517	1	1	2
OG0001518	1	1	2
OG0001519	2	0	2
OG0001520	1	1	2
OG0001521	2	0	2
OG0001522	1	1	2
OG0001523	2	0	2
OG0001524	2	0	2
OG0001525	1	1	2
OG0001526	2	0	2
OG0001527	1	1	2
OG0001528	1	1	2
OG0001529	2	0	2
OG0001530	1	1	2
OG0001531	1	1	2
OG0001532	2	0	2
OG0001533	1	1	2
OG0001534	1	1	2
OG0001535	2	0	2
OG0001536	1	1	2
OG0001537	1	1	2
OG0001538	2	0	2
OG0001539	2	0	2
OG0001540	1	1	2
OG0001541	1	1	2
OG0001542	1	1	2
OG0001543	2	0	2
OG0001544	2	0	2
OG0001545	2	0	2
OG0001546	2	0	2
OG0001547	2	0	2
OG0001548	1	1	2
OG0001549	2	0	2
OG0001550	2	0	2
OG0001551	2	0	2
OG0001552	2	0	2
OG0001553	2	0	2
OG0001554	2	0	2
OG0001555	1	1	2
OG0001556	2	0	2
OG0001557	2	0	2
OG0001558	2	0	2
OG0001559	1	1	2
OG0001560	1	1	2
OG0001561	1	1	2
OG0001562	1	1	2
OG0001563	1	1	2
OG0001564	1	1	2
OG0001565	1	1	2
OG0001566	1	1	2
OG0001567	2	0	2
OG0001568	2	0	2
OG0001569	1	1	2
OG0001570	1	1	2
OG0001571	2	0	2
OG0001572	2	0	2
OG0001573	2	0	2
OG0001574	2	0	2
OG0001575	2	0	2
OG0001576	2	0	2
OG0001577	2	0	2
OG0001578	2	0	2
OG0001579	1	1	2
OG0001580	1	1	2
OG0001581	1	1	2
OG0001582	1	1	2
OG0001583	1	1	2
OG0001584	1	1	2
OG0001585	1	1	2
OG0001586	1	1	2
OG0001587	1	1	2
OG0001588	1	1	2
OG0001589	1	1	2
OG0001590	0	2	2
OG0001591	0	2	2
OG0001592	0	2	2
