Orthogroup	protein_mansoni	sequence_Drosophila melanogaster	Total
OG0000000	113	0	113
OG0000001	52	0	52
OG0000002	49	1	50
OG0000003	42	0	42
OG0000004	36	0	36
OG0000005	33	0	33
OG0000006	32	0	32
OG0000007	28	0	28
OG0000008	26	0	26
OG0000009	26	0	26
OG0000010	23	0	23
OG0000011	22	0	22
OG0000012	22	0	22
OG0000013	22	0	22
OG0000014	22	0	22
OG0000015	21	0	21
OG0000016	21	0	21
OG0000017	21	0	21
OG0000018	20	1	21
OG0000019	21	0	21
OG0000020	20	0	20
OG0000021	20	0	20
OG0000022	19	0	19
OG0000023	19	0	19
OG0000024	19	0	19
OG0000025	18	0	18
OG0000026	17	0	17
OG0000027	16	0	16
OG0000028	8	8	16
OG0000029	16	0	16
OG0000030	16	0	16
OG0000031	16	0	16
OG0000032	16	0	16
OG0000033	16	0	16
OG0000034	15	0	15
OG0000035	15	0	15
OG0000036	15	0	15
OG0000037	15	0	15
OG0000038	15	0	15
OG0000039	15	0	15
OG0000040	14	0	14
OG0000041	13	1	14
OG0000042	14	0	14
OG0000043	14	0	14
OG0000044	14	0	14
OG0000045	14	0	14
OG0000046	13	0	13
OG0000047	13	0	13
OG0000048	13	0	13
OG0000049	13	0	13
OG0000050	13	0	13
OG0000051	13	0	13
OG0000052	12	0	12
OG0000053	12	0	12
OG0000054	12	0	12
OG0000055	6	6	12
OG0000056	12	0	12
OG0000057	12	0	12
OG0000058	12	0	12
OG0000059	12	0	12
OG0000060	12	0	12
OG0000061	12	0	12
OG0000062	12	0	12
OG0000063	11	0	11
OG0000064	11	0	11
OG0000065	11	0	11
OG0000066	10	1	11
OG0000067	11	0	11
OG0000068	10	1	11
OG0000069	11	0	11
OG0000070	11	0	11
OG0000071	11	0	11
OG0000072	11	0	11
OG0000073	11	0	11
OG0000074	11	0	11
OG0000075	11	0	11
OG0000076	11	0	11
OG0000077	10	1	11
OG0000078	11	0	11
OG0000079	11	0	11
OG0000080	10	0	10
OG0000081	10	0	10
OG0000082	10	0	10
OG0000083	10	0	10
OG0000084	10	0	10
OG0000085	10	0	10
OG0000086	10	0	10
OG0000087	10	0	10
OG0000088	10	0	10
OG0000089	10	0	10
OG0000090	9	1	10
OG0000091	10	0	10
OG0000092	10	0	10
OG0000093	10	0	10
OG0000094	10	0	10
OG0000095	9	0	9
OG0000096	9	0	9
OG0000097	9	0	9
OG0000098	9	0	9
OG0000099	9	0	9
OG0000100	9	0	9
OG0000101	9	0	9
OG0000102	9	0	9
OG0000103	9	0	9
OG0000104	9	0	9
OG0000105	9	0	9
OG0000106	9	0	9
OG0000107	9	0	9
OG0000108	9	0	9
OG0000109	8	0	8
OG0000110	3	5	8
OG0000111	8	0	8
OG0000112	8	0	8
OG0000113	8	0	8
OG0000114	8	0	8
OG0000115	8	0	8
OG0000116	8	0	8
OG0000117	8	0	8
OG0000118	4	4	8
OG0000119	8	0	8
OG0000120	8	0	8
OG0000121	8	0	8
OG0000122	8	0	8
OG0000123	8	0	8
OG0000124	8	0	8
OG0000125	8	0	8
OG0000126	8	0	8
OG0000127	2	6	8
OG0000128	7	0	7
OG0000129	7	0	7
OG0000130	7	0	7
OG0000131	7	0	7
OG0000132	7	0	7
OG0000133	7	0	7
OG0000134	7	0	7
OG0000135	7	0	7
OG0000136	7	0	7
OG0000137	7	0	7
OG0000138	7	0	7
OG0000139	7	0	7
OG0000140	7	0	7
OG0000141	7	0	7
OG0000142	6	1	7
OG0000143	7	0	7
OG0000144	7	0	7
OG0000145	7	0	7
OG0000146	7	0	7
OG0000147	7	0	7
OG0000148	7	0	7
OG0000149	7	0	7
OG0000150	7	0	7
OG0000151	7	0	7
OG0000152	7	0	7
OG0000153	7	0	7
OG0000154	4	3	7
OG0000155	6	0	6
OG0000156	6	0	6
OG0000157	6	0	6
OG0000158	6	0	6
OG0000159	6	0	6
OG0000160	6	0	6
OG0000161	4	2	6
OG0000162	6	0	6
OG0000163	6	0	6
OG0000164	6	0	6
OG0000165	6	0	6
OG0000166	6	0	6
OG0000167	6	0	6
OG0000168	6	0	6
OG0000169	6	0	6
OG0000170	6	0	6
OG0000171	6	0	6
OG0000172	6	0	6
OG0000173	6	0	6
OG0000174	6	0	6
OG0000175	6	0	6
OG0000176	6	0	6
OG0000177	6	0	6
OG0000178	4	2	6
OG0000179	6	0	6
OG0000180	6	0	6
OG0000181	6	0	6
OG0000182	6	0	6
OG0000183	6	0	6
OG0000184	6	0	6
OG0000185	6	0	6
OG0000186	6	0	6
OG0000187	6	0	6
OG0000188	6	0	6
OG0000189	6	0	6
OG0000190	6	0	6
OG0000191	6	0	6
OG0000192	5	0	5
OG0000193	5	0	5
OG0000194	5	0	5
OG0000195	5	0	5
OG0000196	4	1	5
OG0000197	5	0	5
OG0000198	5	0	5
OG0000199	4	1	5
OG0000200	4	1	5
OG0000201	5	0	5
OG0000202	5	0	5
OG0000203	5	0	5
OG0000204	5	0	5
OG0000205	1	4	5
OG0000206	5	0	5
OG0000207	5	0	5
OG0000208	5	0	5
OG0000209	5	0	5
OG0000210	5	0	5
OG0000211	5	0	5
OG0000212	4	1	5
OG0000213	5	0	5
OG0000214	5	0	5
OG0000215	5	0	5
OG0000216	5	0	5
OG0000217	5	0	5
OG0000218	3	2	5
OG0000219	5	0	5
OG0000220	5	0	5
OG0000221	5	0	5
OG0000222	5	0	5
OG0000223	4	1	5
OG0000224	5	0	5
OG0000225	5	0	5
OG0000226	5	0	5
OG0000227	5	0	5
OG0000228	5	0	5
OG0000229	5	0	5
OG0000230	5	0	5
OG0000231	2	3	5
OG0000232	5	0	5
OG0000233	5	0	5
OG0000234	5	0	5
OG0000235	3	2	5
OG0000236	5	0	5
OG0000237	5	0	5
OG0000238	5	0	5
OG0000239	2	3	5
OG0000240	2	3	5
OG0000241	5	0	5
OG0000242	5	0	5
OG0000243	5	0	5
OG0000244	3	2	5
OG0000245	5	0	5
OG0000246	5	0	5
OG0000247	5	0	5
OG0000248	5	0	5
OG0000249	5	0	5
OG0000250	5	0	5
OG0000251	5	0	5
OG0000252	2	3	5
OG0000253	5	0	5
OG0000254	5	0	5
OG0000255	3	2	5
OG0000256	5	0	5
OG0000257	5	0	5
OG0000258	5	0	5
OG0000259	5	0	5
OG0000260	2	3	5
OG0000261	5	0	5
OG0000262	0	5	5
OG0000263	4	0	4
OG0000264	4	0	4
OG0000265	4	0	4
OG0000266	4	0	4
OG0000267	4	0	4
OG0000268	4	0	4
OG0000269	4	0	4
OG0000270	4	0	4
OG0000271	4	0	4
OG0000272	4	0	4
OG0000273	4	0	4
OG0000274	4	0	4
OG0000275	3	1	4
OG0000276	4	0	4
OG0000277	4	0	4
OG0000278	2	2	4
OG0000279	4	0	4
OG0000280	4	0	4
OG0000281	4	0	4
OG0000282	4	0	4
OG0000283	4	0	4
OG0000284	4	0	4
OG0000285	4	0	4
OG0000286	4	0	4
OG0000287	4	0	4
OG0000288	4	0	4
OG0000289	4	0	4
OG0000290	4	0	4
OG0000291	3	1	4
OG0000292	4	0	4
OG0000293	4	0	4
OG0000294	4	0	4
OG0000295	4	0	4
OG0000296	4	0	4
OG0000297	4	0	4
OG0000298	3	1	4
OG0000299	4	0	4
OG0000300	4	0	4
OG0000301	4	0	4
OG0000302	4	0	4
OG0000303	4	0	4
OG0000304	4	0	4
OG0000305	4	0	4
OG0000306	4	0	4
OG0000307	4	0	4
OG0000308	2	2	4
OG0000309	4	0	4
OG0000310	4	0	4
OG0000311	4	0	4
OG0000312	4	0	4
OG0000313	4	0	4
OG0000314	3	1	4
OG0000315	4	0	4
OG0000316	4	0	4
OG0000317	3	1	4
OG0000318	4	0	4
OG0000319	4	0	4
OG0000320	4	0	4
OG0000321	4	0	4
OG0000322	4	0	4
OG0000323	4	0	4
OG0000324	4	0	4
OG0000325	4	0	4
OG0000326	4	0	4
OG0000327	4	0	4
OG0000328	4	0	4
OG0000329	4	0	4
OG0000330	3	1	4
OG0000331	4	0	4
OG0000332	4	0	4
OG0000333	4	0	4
OG0000334	4	0	4
OG0000335	4	0	4
OG0000336	4	0	4
OG0000337	4	0	4
OG0000338	4	0	4
OG0000339	4	0	4
OG0000340	4	0	4
OG0000341	4	0	4
OG0000342	4	0	4
OG0000343	4	0	4
OG0000344	4	0	4
OG0000345	4	0	4
OG0000346	4	0	4
OG0000347	3	1	4
OG0000348	2	2	4
OG0000349	4	0	4
OG0000350	4	0	4
OG0000351	4	0	4
OG0000352	4	0	4
OG0000353	4	0	4
OG0000354	4	0	4
OG0000355	4	0	4
OG0000356	4	0	4
OG0000357	4	0	4
OG0000358	3	1	4
OG0000359	4	0	4
OG0000360	4	0	4
OG0000361	4	0	4
OG0000362	4	0	4
OG0000363	4	0	4
OG0000364	3	0	3
OG0000365	3	0	3
OG0000366	3	0	3
OG0000367	2	1	3
OG0000368	3	0	3
OG0000369	3	0	3
OG0000370	3	0	3
OG0000371	3	0	3
OG0000372	3	0	3
OG0000373	3	0	3
OG0000374	3	0	3
OG0000375	3	0	3
OG0000376	3	0	3
OG0000377	3	0	3
OG0000378	3	0	3
OG0000379	3	0	3
OG0000380	3	0	3
OG0000381	3	0	3
OG0000382	3	0	3
OG0000383	3	0	3
OG0000384	2	1	3
OG0000385	3	0	3
OG0000386	2	1	3
OG0000387	3	0	3
OG0000388	3	0	3
OG0000389	3	0	3
OG0000390	3	0	3
OG0000391	3	0	3
OG0000392	3	0	3
OG0000393	3	0	3
OG0000394	3	0	3
OG0000395	1	2	3
OG0000396	3	0	3
OG0000397	3	0	3
OG0000398	3	0	3
OG0000399	3	0	3
OG0000400	3	0	3
OG0000401	3	0	3
OG0000402	3	0	3
OG0000403	3	0	3
OG0000404	2	1	3
OG0000405	3	0	3
OG0000406	3	0	3
OG0000407	3	0	3
OG0000408	3	0	3
OG0000409	3	0	3
OG0000410	3	0	3
OG0000411	3	0	3
OG0000412	3	0	3
OG0000413	3	0	3
OG0000414	3	0	3
OG0000415	3	0	3
OG0000416	3	0	3
OG0000417	3	0	3
OG0000418	2	1	3
OG0000419	3	0	3
OG0000420	3	0	3
OG0000421	3	0	3
OG0000422	3	0	3
OG0000423	3	0	3
OG0000424	3	0	3
OG0000425	3	0	3
OG0000426	3	0	3
OG0000427	3	0	3
OG0000428	3	0	3
OG0000429	3	0	3
OG0000430	1	2	3
OG0000431	3	0	3
OG0000432	3	0	3
OG0000433	3	0	3
OG0000434	3	0	3
OG0000435	3	0	3
OG0000436	3	0	3
OG0000437	3	0	3
OG0000438	2	1	3
OG0000439	3	0	3
OG0000440	3	0	3
OG0000441	3	0	3
OG0000442	3	0	3
OG0000443	3	0	3
OG0000444	1	2	3
OG0000445	3	0	3
OG0000446	3	0	3
OG0000447	3	0	3
OG0000448	3	0	3
OG0000449	2	1	3
OG0000450	3	0	3
OG0000451	3	0	3
OG0000452	3	0	3
OG0000453	3	0	3
OG0000454	3	0	3
OG0000455	2	1	3
OG0000456	3	0	3
OG0000457	2	1	3
OG0000458	3	0	3
OG0000459	3	0	3
OG0000460	2	1	3
OG0000461	3	0	3
OG0000462	3	0	3
OG0000463	3	0	3
OG0000464	3	0	3
OG0000465	3	0	3
OG0000466	3	0	3
OG0000467	3	0	3
OG0000468	3	0	3
OG0000469	3	0	3
OG0000470	3	0	3
OG0000471	3	0	3
OG0000472	3	0	3
OG0000473	3	0	3
OG0000474	3	0	3
OG0000475	2	1	3
OG0000476	3	0	3
OG0000477	3	0	3
OG0000478	3	0	3
OG0000479	3	0	3
OG0000480	3	0	3
OG0000481	3	0	3
OG0000482	3	0	3
OG0000483	3	0	3
OG0000484	3	0	3
OG0000485	3	0	3
OG0000486	3	0	3
OG0000487	3	0	3
OG0000488	3	0	3
OG0000489	3	0	3
OG0000490	3	0	3
OG0000491	3	0	3
OG0000492	3	0	3
OG0000493	3	0	3
OG0000494	3	0	3
OG0000495	3	0	3
OG0000496	3	0	3
OG0000497	3	0	3
OG0000498	3	0	3
OG0000499	1	2	3
OG0000500	2	1	3
OG0000501	2	1	3
OG0000502	3	0	3
OG0000503	3	0	3
OG0000504	3	0	3
OG0000505	3	0	3
OG0000506	3	0	3
OG0000507	3	0	3
OG0000508	2	1	3
OG0000509	2	1	3
OG0000510	3	0	3
OG0000511	2	1	3
OG0000512	3	0	3
OG0000513	3	0	3
OG0000514	3	0	3
OG0000515	3	0	3
OG0000516	3	0	3
OG0000517	3	0	3
OG0000518	3	0	3
OG0000519	3	0	3
OG0000520	3	0	3
OG0000521	3	0	3
OG0000522	3	0	3
OG0000523	3	0	3
OG0000524	3	0	3
OG0000525	3	0	3
OG0000526	3	0	3
OG0000527	3	0	3
OG0000528	3	0	3
OG0000529	3	0	3
OG0000530	3	0	3
OG0000531	1	2	3
OG0000532	3	0	3
OG0000533	3	0	3
OG0000534	3	0	3
OG0000535	3	0	3
OG0000536	3	0	3
OG0000537	3	0	3
OG0000538	3	0	3
OG0000539	3	0	3
OG0000540	3	0	3
OG0000541	3	0	3
OG0000542	3	0	3
OG0000543	3	0	3
OG0000544	3	0	3
OG0000545	3	0	3
OG0000546	3	0	3
OG0000547	3	0	3
OG0000548	3	0	3
OG0000549	3	0	3
OG0000550	3	0	3
OG0000551	3	0	3
OG0000552	3	0	3
OG0000553	3	0	3
OG0000554	3	0	3
OG0000555	3	0	3
OG0000556	3	0	3
OG0000557	3	0	3
OG0000558	3	0	3
OG0000559	3	0	3
OG0000560	3	0	3
OG0000561	2	1	3
OG0000562	3	0	3
OG0000563	3	0	3
OG0000564	3	0	3
OG0000565	1	2	3
OG0000566	3	0	3
OG0000567	3	0	3
OG0000568	3	0	3
OG0000569	2	1	3
OG0000570	3	0	3
OG0000571	2	1	3
OG0000572	2	1	3
OG0000573	1	2	3
OG0000574	3	0	3
OG0000575	2	1	3
OG0000576	3	0	3
OG0000577	3	0	3
OG0000578	3	0	3
OG0000579	3	0	3
OG0000580	2	0	2
OG0000581	2	0	2
OG0000582	2	0	2
OG0000583	2	0	2
OG0000584	2	0	2
OG0000585	2	0	2
OG0000586	2	0	2
OG0000587	2	0	2
OG0000588	2	0	2
OG0000589	2	0	2
OG0000590	2	0	2
OG0000591	2	0	2
OG0000592	2	0	2
OG0000593	1	1	2
OG0000594	1	1	2
OG0000595	2	0	2
OG0000596	1	1	2
OG0000597	2	0	2
OG0000598	2	0	2
OG0000599	2	0	2
OG0000600	1	1	2
OG0000601	1	1	2
OG0000602	2	0	2
OG0000603	2	0	2
OG0000604	2	0	2
OG0000605	2	0	2
OG0000606	2	0	2
OG0000607	2	0	2
OG0000608	2	0	2
OG0000609	2	0	2
OG0000610	1	1	2
OG0000611	1	1	2
OG0000612	2	0	2
OG0000613	2	0	2
OG0000614	2	0	2
OG0000615	2	0	2
OG0000616	2	0	2
OG0000617	1	1	2
OG0000618	2	0	2
OG0000619	2	0	2
OG0000620	2	0	2
OG0000621	2	0	2
OG0000622	2	0	2
OG0000623	2	0	2
OG0000624	2	0	2
OG0000625	2	0	2
OG0000626	2	0	2
OG0000627	2	0	2
OG0000628	2	0	2
OG0000629	2	0	2
OG0000630	2	0	2
OG0000631	2	0	2
OG0000632	1	1	2
OG0000633	2	0	2
OG0000634	2	0	2
OG0000635	1	1	2
OG0000636	2	0	2
OG0000637	1	1	2
OG0000638	2	0	2
OG0000639	2	0	2
OG0000640	2	0	2
OG0000641	2	0	2
OG0000642	2	0	2
OG0000643	2	0	2
OG0000644	2	0	2
OG0000645	2	0	2
OG0000646	2	0	2
OG0000647	2	0	2
OG0000648	2	0	2
OG0000649	2	0	2
OG0000650	2	0	2
OG0000651	1	1	2
OG0000652	2	0	2
OG0000653	1	1	2
OG0000654	2	0	2
OG0000655	2	0	2
OG0000656	1	1	2
OG0000657	2	0	2
OG0000658	2	0	2
OG0000659	2	0	2
OG0000660	2	0	2
OG0000661	2	0	2
OG0000662	1	1	2
OG0000663	1	1	2
OG0000664	2	0	2
OG0000665	2	0	2
OG0000666	2	0	2
OG0000667	2	0	2
OG0000668	2	0	2
OG0000669	1	1	2
OG0000670	2	0	2
OG0000671	2	0	2
OG0000672	2	0	2
OG0000673	2	0	2
OG0000674	2	0	2
OG0000675	1	1	2
OG0000676	2	0	2
OG0000677	2	0	2
OG0000678	2	0	2
OG0000679	2	0	2
OG0000680	2	0	2
OG0000681	2	0	2
OG0000682	2	0	2
OG0000683	2	0	2
OG0000684	2	0	2
OG0000685	2	0	2
OG0000686	2	0	2
OG0000687	2	0	2
OG0000688	2	0	2
OG0000689	2	0	2
OG0000690	2	0	2
OG0000691	1	1	2
OG0000692	2	0	2
OG0000693	2	0	2
OG0000694	2	0	2
OG0000695	2	0	2
OG0000696	2	0	2
OG0000697	2	0	2
OG0000698	2	0	2
OG0000699	2	0	2
OG0000700	2	0	2
OG0000701	2	0	2
OG0000702	1	1	2
OG0000703	2	0	2
OG0000704	2	0	2
OG0000705	2	0	2
OG0000706	2	0	2
OG0000707	2	0	2
OG0000708	2	0	2
OG0000709	2	0	2
OG0000710	1	1	2
OG0000711	1	1	2
OG0000712	2	0	2
OG0000713	2	0	2
OG0000714	2	0	2
OG0000715	2	0	2
OG0000716	2	0	2
OG0000717	2	0	2
OG0000718	2	0	2
OG0000719	2	0	2
OG0000720	2	0	2
OG0000721	2	0	2
OG0000722	2	0	2
OG0000723	2	0	2
OG0000724	2	0	2
OG0000725	1	1	2
OG0000726	2	0	2
OG0000727	2	0	2
OG0000728	2	0	2
OG0000729	2	0	2
OG0000730	2	0	2
OG0000731	2	0	2
OG0000732	2	0	2
OG0000733	2	0	2
OG0000734	2	0	2
OG0000735	2	0	2
OG0000736	1	1	2
OG0000737	2	0	2
OG0000738	2	0	2
OG0000739	1	1	2
OG0000740	2	0	2
OG0000741	2	0	2
OG0000742	2	0	2
OG0000743	1	1	2
OG0000744	2	0	2
OG0000745	2	0	2
OG0000746	2	0	2
OG0000747	2	0	2
OG0000748	2	0	2
OG0000749	2	0	2
OG0000750	2	0	2
OG0000751	2	0	2
OG0000752	1	1	2
OG0000753	2	0	2
OG0000754	1	1	2
OG0000755	2	0	2
OG0000756	2	0	2
OG0000757	2	0	2
OG0000758	2	0	2
OG0000759	2	0	2
OG0000760	2	0	2
OG0000761	1	1	2
OG0000762	2	0	2
OG0000763	2	0	2
OG0000764	2	0	2
OG0000765	2	0	2
OG0000766	1	1	2
OG0000767	2	0	2
OG0000768	2	0	2
OG0000769	2	0	2
OG0000770	2	0	2
OG0000771	2	0	2
OG0000772	1	1	2
OG0000773	2	0	2
OG0000774	2	0	2
OG0000775	2	0	2
OG0000776	2	0	2
OG0000777	2	0	2
OG0000778	2	0	2
OG0000779	2	0	2
OG0000780	1	1	2
OG0000781	2	0	2
OG0000782	2	0	2
OG0000783	2	0	2
OG0000784	2	0	2
OG0000785	1	1	2
OG0000786	2	0	2
OG0000787	2	0	2
OG0000788	2	0	2
OG0000789	1	1	2
OG0000790	2	0	2
OG0000791	1	1	2
OG0000792	2	0	2
OG0000793	1	1	2
OG0000794	1	1	2
OG0000795	2	0	2
OG0000796	2	0	2
OG0000797	2	0	2
OG0000798	2	0	2
OG0000799	2	0	2
OG0000800	2	0	2
OG0000801	2	0	2
OG0000802	2	0	2
OG0000803	2	0	2
OG0000804	2	0	2
OG0000805	2	0	2
OG0000806	2	0	2
OG0000807	2	0	2
OG0000808	2	0	2
OG0000809	2	0	2
OG0000810	2	0	2
OG0000811	2	0	2
OG0000812	2	0	2
OG0000813	2	0	2
OG0000814	2	0	2
OG0000815	2	0	2
OG0000816	1	1	2
OG0000817	2	0	2
OG0000818	1	1	2
OG0000819	1	1	2
OG0000820	2	0	2
OG0000821	2	0	2
OG0000822	2	0	2
OG0000823	1	1	2
OG0000824	2	0	2
OG0000825	2	0	2
OG0000826	1	1	2
OG0000827	2	0	2
OG0000828	1	1	2
OG0000829	2	0	2
OG0000830	2	0	2
OG0000831	2	0	2
OG0000832	1	1	2
OG0000833	2	0	2
OG0000834	2	0	2
OG0000835	2	0	2
OG0000836	2	0	2
OG0000837	2	0	2
OG0000838	2	0	2
OG0000839	1	1	2
OG0000840	1	1	2
OG0000841	2	0	2
OG0000842	2	0	2
OG0000843	2	0	2
OG0000844	2	0	2
OG0000845	2	0	2
OG0000846	2	0	2
OG0000847	1	1	2
OG0000848	1	1	2
OG0000849	2	0	2
OG0000850	2	0	2
OG0000851	1	1	2
OG0000852	2	0	2
OG0000853	1	1	2
OG0000854	2	0	2
OG0000855	2	0	2
OG0000856	2	0	2
OG0000857	1	1	2
OG0000858	2	0	2
OG0000859	1	1	2
OG0000860	2	0	2
OG0000861	2	0	2
OG0000862	2	0	2
OG0000863	2	0	2
OG0000864	2	0	2
OG0000865	1	1	2
OG0000866	1	1	2
OG0000867	2	0	2
OG0000868	1	1	2
OG0000869	2	0	2
OG0000870	2	0	2
OG0000871	1	1	2
OG0000872	1	1	2
OG0000873	1	1	2
OG0000874	1	1	2
OG0000875	2	0	2
OG0000876	2	0	2
OG0000877	2	0	2
OG0000878	2	0	2
OG0000879	2	0	2
OG0000880	2	0	2
OG0000881	1	1	2
OG0000882	2	0	2
OG0000883	1	1	2
OG0000884	2	0	2
OG0000885	2	0	2
OG0000886	1	1	2
OG0000887	2	0	2
OG0000888	2	0	2
OG0000889	1	1	2
OG0000890	2	0	2
OG0000891	2	0	2
OG0000892	1	1	2
OG0000893	2	0	2
OG0000894	2	0	2
OG0000895	2	0	2
OG0000896	2	0	2
OG0000897	2	0	2
OG0000898	1	1	2
OG0000899	2	0	2
OG0000900	2	0	2
OG0000901	2	0	2
OG0000902	2	0	2
OG0000903	2	0	2
OG0000904	2	0	2
OG0000905	2	0	2
OG0000906	2	0	2
OG0000907	2	0	2
OG0000908	2	0	2
OG0000909	2	0	2
OG0000910	1	1	2
OG0000911	1	1	2
OG0000912	1	1	2
OG0000913	2	0	2
OG0000914	2	0	2
OG0000915	2	0	2
OG0000916	2	0	2
OG0000917	2	0	2
OG0000918	1	1	2
OG0000919	1	1	2
OG0000920	1	1	2
OG0000921	2	0	2
OG0000922	1	1	2
OG0000923	1	1	2
OG0000924	2	0	2
OG0000925	2	0	2
OG0000926	2	0	2
OG0000927	2	0	2
OG0000928	2	0	2
OG0000929	2	0	2
OG0000930	1	1	2
OG0000931	1	1	2
OG0000932	1	1	2
OG0000933	2	0	2
OG0000934	2	0	2
OG0000935	2	0	2
OG0000936	2	0	2
OG0000937	2	0	2
OG0000938	2	0	2
OG0000939	1	1	2
OG0000940	2	0	2
OG0000941	2	0	2
OG0000942	2	0	2
OG0000943	1	1	2
OG0000944	2	0	2
OG0000945	2	0	2
OG0000946	2	0	2
OG0000947	2	0	2
OG0000948	2	0	2
OG0000949	2	0	2
OG0000950	2	0	2
OG0000951	2	0	2
OG0000952	2	0	2
OG0000953	1	1	2
OG0000954	2	0	2
OG0000955	1	1	2
OG0000956	2	0	2
OG0000957	2	0	2
OG0000958	2	0	2
OG0000959	1	1	2
OG0000960	2	0	2
OG0000961	2	0	2
OG0000962	2	0	2
OG0000963	2	0	2
OG0000964	2	0	2
OG0000965	1	1	2
OG0000966	2	0	2
OG0000967	1	1	2
OG0000968	2	0	2
OG0000969	1	1	2
OG0000970	2	0	2
OG0000971	2	0	2
OG0000972	2	0	2
OG0000973	2	0	2
OG0000974	2	0	2
OG0000975	2	0	2
OG0000976	2	0	2
OG0000977	2	0	2
OG0000978	2	0	2
OG0000979	2	0	2
OG0000980	2	0	2
OG0000981	2	0	2
OG0000982	1	1	2
OG0000983	2	0	2
OG0000984	2	0	2
OG0000985	1	1	2
OG0000986	1	1	2
OG0000987	1	1	2
OG0000988	2	0	2
OG0000989	2	0	2
OG0000990	2	0	2
OG0000991	2	0	2
OG0000992	1	1	2
OG0000993	2	0	2
OG0000994	2	0	2
OG0000995	2	0	2
OG0000996	2	0	2
OG0000997	2	0	2
OG0000998	2	0	2
OG0000999	1	1	2
OG0001000	2	0	2
OG0001001	2	0	2
OG0001002	2	0	2
OG0001003	2	0	2
OG0001004	2	0	2
OG0001005	2	0	2
OG0001006	2	0	2
OG0001007	2	0	2
OG0001008	2	0	2
OG0001009	2	0	2
OG0001010	2	0	2
OG0001011	2	0	2
OG0001012	2	0	2
OG0001013	2	0	2
OG0001014	2	0	2
OG0001015	2	0	2
OG0001016	2	0	2
OG0001017	2	0	2
OG0001018	2	0	2
OG0001019	2	0	2
OG0001020	1	1	2
OG0001021	2	0	2
OG0001022	2	0	2
OG0001023	2	0	2
OG0001024	2	0	2
OG0001025	2	0	2
OG0001026	1	1	2
OG0001027	2	0	2
OG0001028	2	0	2
OG0001029	2	0	2
OG0001030	2	0	2
OG0001031	2	0	2
OG0001032	2	0	2
OG0001033	2	0	2
OG0001034	2	0	2
OG0001035	2	0	2
OG0001036	2	0	2
OG0001037	2	0	2
OG0001038	2	0	2
OG0001039	2	0	2
OG0001040	2	0	2
OG0001041	1	1	2
OG0001042	1	1	2
OG0001043	1	1	2
OG0001044	2	0	2
OG0001045	1	1	2
OG0001046	2	0	2
OG0001047	2	0	2
OG0001048	2	0	2
OG0001049	2	0	2
OG0001050	2	0	2
OG0001051	2	0	2
OG0001052	2	0	2
OG0001053	1	1	2
OG0001054	2	0	2
OG0001055	2	0	2
OG0001056	2	0	2
OG0001057	1	1	2
OG0001058	2	0	2
OG0001059	2	0	2
OG0001060	2	0	2
OG0001061	2	0	2
OG0001062	2	0	2
OG0001063	2	0	2
OG0001064	2	0	2
OG0001065	2	0	2
OG0001066	2	0	2
OG0001067	2	0	2
OG0001068	2	0	2
OG0001069	1	1	2
OG0001070	2	0	2
OG0001071	2	0	2
OG0001072	1	1	2
OG0001073	2	0	2
OG0001074	2	0	2
OG0001075	2	0	2
OG0001076	1	1	2
OG0001077	2	0	2
OG0001078	2	0	2
OG0001079	2	0	2
OG0001080	2	0	2
OG0001081	2	0	2
OG0001082	2	0	2
OG0001083	2	0	2
OG0001084	2	0	2
OG0001085	2	0	2
OG0001086	2	0	2
OG0001087	2	0	2
OG0001088	2	0	2
OG0001089	2	0	2
OG0001090	2	0	2
OG0001091	2	0	2
OG0001092	1	1	2
OG0001093	2	0	2
OG0001094	1	1	2
OG0001095	2	0	2
OG0001096	2	0	2
OG0001097	1	1	2
OG0001098	2	0	2
OG0001099	2	0	2
OG0001100	2	0	2
OG0001101	2	0	2
OG0001102	2	0	2
OG0001103	2	0	2
OG0001104	2	0	2
OG0001105	2	0	2
OG0001106	2	0	2
OG0001107	1	1	2
OG0001108	2	0	2
OG0001109	2	0	2
OG0001110	2	0	2
OG0001111	1	1	2
OG0001112	1	1	2
OG0001113	2	0	2
OG0001114	2	0	2
OG0001115	1	1	2
OG0001116	1	1	2
OG0001117	1	1	2
OG0001118	1	1	2
OG0001119	2	0	2
OG0001120	1	1	2
OG0001121	2	0	2
OG0001122	2	0	2
OG0001123	2	0	2
OG0001124	2	0	2
OG0001125	2	0	2
OG0001126	1	1	2
OG0001127	2	0	2
OG0001128	2	0	2
OG0001129	2	0	2
OG0001130	2	0	2
OG0001131	2	0	2
OG0001132	1	1	2
OG0001133	2	0	2
OG0001134	2	0	2
OG0001135	1	1	2
OG0001136	1	1	2
OG0001137	2	0	2
OG0001138	1	1	2
OG0001139	2	0	2
OG0001140	2	0	2
OG0001141	1	1	2
OG0001142	2	0	2
OG0001143	2	0	2
OG0001144	2	0	2
OG0001145	1	1	2
OG0001146	1	1	2
OG0001147	2	0	2
OG0001148	2	0	2
OG0001149	2	0	2
OG0001150	2	0	2
OG0001151	2	0	2
OG0001152	2	0	2
OG0001153	2	0	2
OG0001154	2	0	2
OG0001155	2	0	2
OG0001156	1	1	2
OG0001157	1	1	2
OG0001158	2	0	2
OG0001159	2	0	2
OG0001160	1	1	2
OG0001161	1	1	2
OG0001162	2	0	2
OG0001163	1	1	2
OG0001164	2	0	2
OG0001165	2	0	2
OG0001166	2	0	2
OG0001167	2	0	2
OG0001168	2	0	2
OG0001169	1	1	2
OG0001170	2	0	2
OG0001171	2	0	2
OG0001172	2	0	2
OG0001173	1	1	2
OG0001174	2	0	2
OG0001175	1	1	2
OG0001176	2	0	2
OG0001177	2	0	2
OG0001178	2	0	2
OG0001179	1	1	2
OG0001180	1	1	2
OG0001181	1	1	2
OG0001182	1	1	2
OG0001183	2	0	2
OG0001184	2	0	2
OG0001185	2	0	2
OG0001186	2	0	2
OG0001187	2	0	2
OG0001188	2	0	2
OG0001189	2	0	2
OG0001190	2	0	2
OG0001191	1	1	2
OG0001192	2	0	2
OG0001193	1	1	2
OG0001194	2	0	2
OG0001195	2	0	2
OG0001196	2	0	2
OG0001197	2	0	2
OG0001198	2	0	2
OG0001199	1	1	2
OG0001200	2	0	2
OG0001201	1	1	2
OG0001202	1	1	2
OG0001203	2	0	2
OG0001204	2	0	2
OG0001205	2	0	2
OG0001206	2	0	2
OG0001207	1	1	2
OG0001208	2	0	2
OG0001209	1	1	2
OG0001210	1	1	2
OG0001211	1	1	2
OG0001212	1	1	2
OG0001213	1	1	2
OG0001214	2	0	2
OG0001215	2	0	2
OG0001216	1	1	2
OG0001217	1	1	2
OG0001218	2	0	2
OG0001219	2	0	2
OG0001220	2	0	2
OG0001221	1	1	2
OG0001222	2	0	2
OG0001223	1	1	2
OG0001224	2	0	2
OG0001225	2	0	2
OG0001226	2	0	2
OG0001227	1	1	2
OG0001228	1	1	2
OG0001229	1	1	2
OG0001230	1	1	2
OG0001231	1	1	2
OG0001232	1	1	2
OG0001233	2	0	2
OG0001234	2	0	2
OG0001235	2	0	2
OG0001236	2	0	2
OG0001237	2	0	2
OG0001238	2	0	2
OG0001239	2	0	2
OG0001240	2	0	2
OG0001241	2	0	2
OG0001242	2	0	2
OG0001243	2	0	2
OG0001244	2	0	2
OG0001245	2	0	2
OG0001246	2	0	2
OG0001247	1	1	2
OG0001248	1	1	2
OG0001249	1	1	2
OG0001250	1	1	2
OG0001251	2	0	2
OG0001252	2	0	2
OG0001253	2	0	2
OG0001254	2	0	2
OG0001255	2	0	2
OG0001256	2	0	2
OG0001257	2	0	2
OG0001258	2	0	2
OG0001259	2	0	2
OG0001260	2	0	2
OG0001261	1	1	2
OG0001262	2	0	2
OG0001263	1	1	2
OG0001264	1	1	2
OG0001265	1	1	2
OG0001266	1	1	2
OG0001267	0	2	2
