Orthogroup	costa_droso_pos_go	protein_mansoni	Total
OG0000000	0	113	113
OG0000001	1	53	54
OG0000002	0	52	52
OG0000003	1	49	50
OG0000004	0	42	42
OG0000005	0	36	36
OG0000006	0	35	35
OG0000007	0	33	33
OG0000008	0	32	32
OG0000009	0	30	30
OG0000010	0	28	28
OG0000011	0	26	26
OG0000012	1	23	24
OG0000013	0	23	23
OG0000014	0	23	23
OG0000015	0	23	23
OG0000016	0	22	22
OG0000017	0	22	22
OG0000018	0	22	22
OG0000019	0	21	21
OG0000020	0	21	21
OG0000021	0	20	20
OG0000022	0	20	20
OG0000023	0	19	19
OG0000024	0	19	19
OG0000025	0	19	19
OG0000026	0	18	18
OG0000027	0	18	18
OG0000028	0	17	17
OG0000029	0	16	16
OG0000030	0	16	16
OG0000031	0	16	16
OG0000032	0	16	16
OG0000033	0	16	16
OG0000034	0	16	16
OG0000035	0	15	15
OG0000036	0	15	15
OG0000037	0	15	15
OG0000038	0	15	15
OG0000039	0	15	15
OG0000040	0	15	15
OG0000041	0	15	15
OG0000042	0	14	14
OG0000043	0	14	14
OG0000044	0	14	14
OG0000045	0	14	14
OG0000046	0	14	14
OG0000047	0	14	14
OG0000048	0	13	13
OG0000049	0	13	13
OG0000050	0	13	13
OG0000051	0	13	13
OG0000052	0	13	13
OG0000053	0	13	13
OG0000054	0	13	13
OG0000055	0	12	12
OG0000056	0	12	12
OG0000057	0	12	12
OG0000058	0	12	12
OG0000059	0	12	12
OG0000060	0	12	12
OG0000061	0	12	12
OG0000062	0	12	12
OG0000063	0	12	12
OG0000064	0	12	12
OG0000065	0	12	12
OG0000066	0	12	12
OG0000067	1	10	11
OG0000068	1	10	11
OG0000069	0	11	11
OG0000070	0	11	11
OG0000071	0	11	11
OG0000072	0	11	11
OG0000073	0	11	11
OG0000074	0	11	11
OG0000075	0	11	11
OG0000076	0	11	11
OG0000077	0	11	11
OG0000078	0	11	11
OG0000079	0	11	11
OG0000080	0	11	11
OG0000081	0	11	11
OG0000082	0	11	11
OG0000083	0	11	11
OG0000084	5	5	10
OG0000085	0	10	10
OG0000086	0	10	10
OG0000087	0	10	10
OG0000088	0	10	10
OG0000089	0	10	10
OG0000090	0	10	10
OG0000091	0	10	10
OG0000092	0	10	10
OG0000093	0	10	10
OG0000094	0	10	10
OG0000095	0	10	10
OG0000096	0	10	10
OG0000097	0	10	10
OG0000098	0	10	10
OG0000099	0	10	10
OG0000100	0	10	10
OG0000101	0	10	10
OG0000102	0	9	9
OG0000103	0	9	9
OG0000104	0	9	9
OG0000105	0	9	9
OG0000106	0	9	9
OG0000107	0	9	9
OG0000108	0	9	9
OG0000109	0	9	9
OG0000110	0	9	9
OG0000111	0	9	9
OG0000112	0	9	9
OG0000113	0	9	9
OG0000114	0	9	9
OG0000115	0	9	9
OG0000116	1	7	8
OG0000117	0	8	8
OG0000118	0	8	8
OG0000119	0	8	8
OG0000120	0	8	8
OG0000121	0	8	8
OG0000122	0	8	8
OG0000123	0	8	8
OG0000124	0	8	8
OG0000125	0	8	8
OG0000126	0	8	8
OG0000127	0	8	8
OG0000128	0	8	8
OG0000129	0	8	8
OG0000130	0	8	8
OG0000131	0	8	8
OG0000132	0	8	8
OG0000133	4	3	7
OG0000134	1	6	7
OG0000135	1	6	7
OG0000136	0	7	7
OG0000137	0	7	7
OG0000138	0	7	7
OG0000139	0	7	7
OG0000140	0	7	7
OG0000141	0	7	7
OG0000142	0	7	7
OG0000143	0	7	7
OG0000144	0	7	7
OG0000145	0	7	7
OG0000146	0	7	7
OG0000147	0	7	7
OG0000148	0	7	7
OG0000149	0	7	7
OG0000150	0	7	7
OG0000151	0	7	7
OG0000152	0	7	7
OG0000153	0	7	7
OG0000154	0	7	7
OG0000155	0	7	7
OG0000156	0	7	7
OG0000157	4	2	6
OG0000158	2	4	6
OG0000159	3	3	6
OG0000160	1	5	6
OG0000161	0	6	6
OG0000162	0	6	6
OG0000163	0	6	6
OG0000164	0	6	6
OG0000165	0	6	6
OG0000166	0	6	6
OG0000167	0	6	6
OG0000168	0	6	6
OG0000169	0	6	6
OG0000170	0	6	6
OG0000171	0	6	6
OG0000172	0	6	6
OG0000173	0	6	6
OG0000174	0	6	6
OG0000175	0	6	6
OG0000176	0	6	6
OG0000177	0	6	6
OG0000178	0	6	6
OG0000179	0	6	6
OG0000180	0	6	6
OG0000181	0	6	6
OG0000182	0	6	6
OG0000183	0	6	6
OG0000184	0	6	6
OG0000185	0	6	6
OG0000186	0	6	6
OG0000187	0	6	6
OG0000188	0	6	6
OG0000189	0	6	6
OG0000190	0	6	6
OG0000191	0	6	6
OG0000192	0	6	6
OG0000193	0	6	6
OG0000194	0	6	6
OG0000195	0	6	6
OG0000196	0	6	6
OG0000197	0	6	6
OG0000198	0	6	6
OG0000199	1	4	5
OG0000200	2	3	5
OG0000201	3	2	5
OG0000202	1	4	5
OG0000203	1	4	5
OG0000204	1	4	5
OG0000205	0	5	5
OG0000206	0	5	5
OG0000207	0	5	5
OG0000208	0	5	5
OG0000209	0	5	5
OG0000210	0	5	5
OG0000211	0	5	5
OG0000212	0	5	5
OG0000213	0	5	5
OG0000214	0	5	5
OG0000215	0	5	5
OG0000216	0	5	5
OG0000217	0	5	5
OG0000218	0	5	5
OG0000219	0	5	5
OG0000220	0	5	5
OG0000221	0	5	5
OG0000222	0	5	5
OG0000223	0	5	5
OG0000224	0	5	5
OG0000225	0	5	5
OG0000226	0	5	5
OG0000227	0	5	5
OG0000228	0	5	5
OG0000229	0	5	5
OG0000230	0	5	5
OG0000231	0	5	5
OG0000232	0	5	5
OG0000233	0	5	5
OG0000234	0	5	5
OG0000235	0	5	5
OG0000236	0	5	5
OG0000237	0	5	5
OG0000238	0	5	5
OG0000239	0	5	5
OG0000240	0	5	5
OG0000241	0	5	5
OG0000242	0	5	5
OG0000243	0	5	5
OG0000244	0	5	5
OG0000245	0	5	5
OG0000246	0	5	5
OG0000247	0	5	5
OG0000248	0	5	5
OG0000249	0	5	5
OG0000250	0	5	5
OG0000251	0	5	5
OG0000252	0	5	5
OG0000253	0	5	5
OG0000254	0	5	5
OG0000255	0	5	5
OG0000256	0	5	5
OG0000257	0	5	5
OG0000258	0	5	5
OG0000259	0	5	5
OG0000260	0	5	5
OG0000261	1	3	4
OG0000262	1	3	4
OG0000263	3	1	4
OG0000264	1	3	4
OG0000265	1	3	4
OG0000266	1	3	4
OG0000267	0	4	4
OG0000268	0	4	4
OG0000269	0	4	4
OG0000270	0	4	4
OG0000271	0	4	4
OG0000272	0	4	4
OG0000273	0	4	4
OG0000274	0	4	4
OG0000275	0	4	4
OG0000276	0	4	4
OG0000277	0	4	4
OG0000278	0	4	4
OG0000279	0	4	4
OG0000280	0	4	4
OG0000281	0	4	4
OG0000282	0	4	4
OG0000283	0	4	4
OG0000284	0	4	4
OG0000285	0	4	4
OG0000286	0	4	4
OG0000287	0	4	4
OG0000288	0	4	4
OG0000289	0	4	4
OG0000290	0	4	4
OG0000291	0	4	4
OG0000292	0	4	4
OG0000293	0	4	4
OG0000294	0	4	4
OG0000295	0	4	4
OG0000296	0	4	4
OG0000297	0	4	4
OG0000298	0	4	4
OG0000299	0	4	4
OG0000300	0	4	4
OG0000301	0	4	4
OG0000302	0	4	4
OG0000303	0	4	4
OG0000304	0	4	4
OG0000305	0	4	4
OG0000306	0	4	4
OG0000307	0	4	4
OG0000308	0	4	4
OG0000309	0	4	4
OG0000310	0	4	4
OG0000311	0	4	4
OG0000312	0	4	4
OG0000313	0	4	4
OG0000314	0	4	4
OG0000315	0	4	4
OG0000316	0	4	4
OG0000317	0	4	4
OG0000318	0	4	4
OG0000319	0	4	4
OG0000320	0	4	4
OG0000321	0	4	4
OG0000322	0	4	4
OG0000323	0	4	4
OG0000324	0	4	4
OG0000325	0	4	4
OG0000326	0	4	4
OG0000327	0	4	4
OG0000328	0	4	4
OG0000329	0	4	4
OG0000330	0	4	4
OG0000331	0	4	4
OG0000332	0	4	4
OG0000333	0	4	4
OG0000334	0	4	4
OG0000335	0	4	4
OG0000336	0	4	4
OG0000337	0	4	4
OG0000338	0	4	4
OG0000339	0	4	4
OG0000340	0	4	4
OG0000341	0	4	4
OG0000342	0	4	4
OG0000343	0	4	4
OG0000344	0	4	4
OG0000345	0	4	4
OG0000346	0	4	4
OG0000347	0	4	4
OG0000348	0	4	4
OG0000349	0	4	4
OG0000350	0	4	4
OG0000351	0	4	4
OG0000352	0	4	4
OG0000353	0	4	4
OG0000354	0	4	4
OG0000355	0	4	4
OG0000356	0	4	4
OG0000357	0	4	4
OG0000358	0	4	4
OG0000359	0	4	4
OG0000360	1	2	3
OG0000361	2	1	3
OG0000362	2	1	3
OG0000363	1	2	3
OG0000364	1	2	3
OG0000365	2	1	3
OG0000366	1	2	3
OG0000367	1	2	3
OG0000368	1	2	3
OG0000369	2	1	3
OG0000370	2	1	3
OG0000371	1	2	3
OG0000372	1	2	3
OG0000373	1	2	3
OG0000374	1	2	3
OG0000375	1	2	3
OG0000376	1	2	3
OG0000377	1	2	3
OG0000378	1	2	3
OG0000379	1	2	3
OG0000380	1	2	3
OG0000381	0	3	3
OG0000382	0	3	3
OG0000383	0	3	3
OG0000384	0	3	3
OG0000385	0	3	3
OG0000386	0	3	3
OG0000387	0	3	3
OG0000388	0	3	3
OG0000389	0	3	3
OG0000390	0	3	3
OG0000391	0	3	3
OG0000392	0	3	3
OG0000393	0	3	3
OG0000394	0	3	3
OG0000395	0	3	3
OG0000396	0	3	3
OG0000397	0	3	3
OG0000398	0	3	3
OG0000399	0	3	3
OG0000400	0	3	3
OG0000401	0	3	3
OG0000402	0	3	3
OG0000403	0	3	3
OG0000404	0	3	3
OG0000405	0	3	3
OG0000406	0	3	3
OG0000407	0	3	3
OG0000408	0	3	3
OG0000409	0	3	3
OG0000410	0	3	3
OG0000411	0	3	3
OG0000412	0	3	3
OG0000413	0	3	3
OG0000414	0	3	3
OG0000415	0	3	3
OG0000416	0	3	3
OG0000417	0	3	3
OG0000418	0	3	3
OG0000419	0	3	3
OG0000420	0	3	3
OG0000421	0	3	3
OG0000422	0	3	3
OG0000423	0	3	3
OG0000424	0	3	3
OG0000425	0	3	3
OG0000426	0	3	3
OG0000427	0	3	3
OG0000428	0	3	3
OG0000429	0	3	3
OG0000430	0	3	3
OG0000431	0	3	3
OG0000432	0	3	3
OG0000433	0	3	3
OG0000434	0	3	3
OG0000435	0	3	3
OG0000436	0	3	3
OG0000437	0	3	3
OG0000438	0	3	3
OG0000439	0	3	3
OG0000440	0	3	3
OG0000441	0	3	3
OG0000442	0	3	3
OG0000443	0	3	3
OG0000444	0	3	3
OG0000445	0	3	3
OG0000446	0	3	3
OG0000447	0	3	3
OG0000448	0	3	3
OG0000449	0	3	3
OG0000450	0	3	3
OG0000451	0	3	3
OG0000452	0	3	3
OG0000453	0	3	3
OG0000454	0	3	3
OG0000455	0	3	3
OG0000456	0	3	3
OG0000457	0	3	3
OG0000458	0	3	3
OG0000459	0	3	3
OG0000460	0	3	3
OG0000461	0	3	3
OG0000462	0	3	3
OG0000463	0	3	3
OG0000464	0	3	3
OG0000465	0	3	3
OG0000466	0	3	3
OG0000467	0	3	3
OG0000468	0	3	3
OG0000469	0	3	3
OG0000470	0	3	3
OG0000471	0	3	3
OG0000472	0	3	3
OG0000473	0	3	3
OG0000474	0	3	3
OG0000475	0	3	3
OG0000476	0	3	3
OG0000477	0	3	3
OG0000478	0	3	3
OG0000479	0	3	3
OG0000480	0	3	3
OG0000481	0	3	3
OG0000482	0	3	3
OG0000483	0	3	3
OG0000484	0	3	3
OG0000485	0	3	3
OG0000486	0	3	3
OG0000487	0	3	3
OG0000488	0	3	3
OG0000489	0	3	3
OG0000490	0	3	3
OG0000491	0	3	3
OG0000492	0	3	3
OG0000493	0	3	3
OG0000494	0	3	3
OG0000495	0	3	3
OG0000496	0	3	3
OG0000497	0	3	3
OG0000498	0	3	3
OG0000499	0	3	3
OG0000500	0	3	3
OG0000501	0	3	3
OG0000502	0	3	3
OG0000503	0	3	3
OG0000504	0	3	3
OG0000505	0	3	3
OG0000506	0	3	3
OG0000507	0	3	3
OG0000508	0	3	3
OG0000509	0	3	3
OG0000510	0	3	3
OG0000511	0	3	3
OG0000512	0	3	3
OG0000513	0	3	3
OG0000514	0	3	3
OG0000515	0	3	3
OG0000516	0	3	3
OG0000517	0	3	3
OG0000518	0	3	3
OG0000519	0	3	3
OG0000520	0	3	3
OG0000521	0	3	3
OG0000522	0	3	3
OG0000523	0	3	3
OG0000524	0	3	3
OG0000525	0	3	3
OG0000526	0	3	3
OG0000527	0	3	3
OG0000528	0	3	3
OG0000529	0	3	3
OG0000530	0	3	3
OG0000531	0	3	3
OG0000532	0	3	3
OG0000533	0	3	3
OG0000534	0	3	3
OG0000535	0	3	3
OG0000536	0	3	3
OG0000537	0	3	3
OG0000538	0	3	3
OG0000539	0	3	3
OG0000540	0	3	3
OG0000541	0	3	3
OG0000542	0	3	3
OG0000543	0	3	3
OG0000544	0	3	3
OG0000545	0	3	3
OG0000546	0	3	3
OG0000547	0	3	3
OG0000548	0	3	3
OG0000549	0	3	3
OG0000550	0	3	3
OG0000551	0	3	3
OG0000552	0	3	3
OG0000553	0	3	3
OG0000554	0	3	3
OG0000555	0	3	3
OG0000556	0	3	3
OG0000557	0	3	3
OG0000558	0	3	3
OG0000559	0	3	3
OG0000560	0	3	3
OG0000561	0	3	3
OG0000562	0	3	3
OG0000563	0	3	3
OG0000564	0	3	3
OG0000565	0	3	3
OG0000566	0	3	3
OG0000567	0	3	3
OG0000568	0	3	3
OG0000569	0	3	3
OG0000570	0	3	3
OG0000571	0	3	3
OG0000572	0	3	3
OG0000573	0	3	3
OG0000574	1	1	2
OG0000575	1	1	2
OG0000576	1	1	2
OG0000577	1	1	2
OG0000578	1	1	2
OG0000579	1	1	2
OG0000580	1	1	2
OG0000581	1	1	2
OG0000582	1	1	2
OG0000583	1	1	2
OG0000584	1	1	2
OG0000585	1	1	2
OG0000586	1	1	2
OG0000587	1	1	2
OG0000588	2	0	2
OG0000589	1	1	2
OG0000590	1	1	2
OG0000591	1	1	2
OG0000592	1	1	2
OG0000593	1	1	2
OG0000594	1	1	2
OG0000595	1	1	2
OG0000596	1	1	2
OG0000597	1	1	2
OG0000598	1	1	2
OG0000599	1	1	2
OG0000600	1	1	2
OG0000601	1	1	2
OG0000602	1	1	2
OG0000603	1	1	2
OG0000604	1	1	2
OG0000605	1	1	2
OG0000606	1	1	2
OG0000607	1	1	2
OG0000608	1	1	2
OG0000609	1	1	2
OG0000610	1	1	2
OG0000611	1	1	2
OG0000612	1	1	2
OG0000613	1	1	2
OG0000614	1	1	2
OG0000615	1	1	2
OG0000616	1	1	2
OG0000617	1	1	2
OG0000618	1	1	2
OG0000619	1	1	2
OG0000620	1	1	2
OG0000621	1	1	2
OG0000622	1	1	2
OG0000623	1	1	2
OG0000624	1	1	2
OG0000625	1	1	2
OG0000626	1	1	2
OG0000627	2	0	2
OG0000628	1	1	2
OG0000629	1	1	2
OG0000630	1	1	2
OG0000631	1	1	2
OG0000632	1	1	2
OG0000633	1	1	2
OG0000634	1	1	2
OG0000635	1	1	2
OG0000636	1	1	2
OG0000637	1	1	2
OG0000638	1	1	2
OG0000639	1	1	2
OG0000640	1	1	2
OG0000641	1	1	2
OG0000642	1	1	2
OG0000643	1	1	2
OG0000644	1	1	2
OG0000645	1	1	2
OG0000646	1	1	2
OG0000647	1	1	2
OG0000648	1	1	2
OG0000649	1	1	2
OG0000650	1	1	2
OG0000651	1	1	2
OG0000652	1	1	2
OG0000653	1	1	2
OG0000654	1	1	2
OG0000655	1	1	2
OG0000656	1	1	2
OG0000657	2	0	2
OG0000658	1	1	2
OG0000659	1	1	2
OG0000660	1	1	2
OG0000661	1	1	2
OG0000662	1	1	2
OG0000663	1	1	2
OG0000664	1	1	2
OG0000665	1	1	2
OG0000666	1	1	2
OG0000667	1	1	2
OG0000668	1	1	2
OG0000669	1	1	2
OG0000670	1	1	2
OG0000671	1	1	2
OG0000672	1	1	2
OG0000673	1	1	2
OG0000674	1	1	2
OG0000675	1	1	2
OG0000676	1	1	2
OG0000677	1	1	2
OG0000678	1	1	2
OG0000679	0	2	2
OG0000680	0	2	2
OG0000681	0	2	2
OG0000682	0	2	2
OG0000683	0	2	2
OG0000684	0	2	2
OG0000685	0	2	2
OG0000686	0	2	2
OG0000687	0	2	2
OG0000688	0	2	2
OG0000689	0	2	2
OG0000690	0	2	2
OG0000691	0	2	2
OG0000692	0	2	2
OG0000693	0	2	2
OG0000694	0	2	2
OG0000695	0	2	2
OG0000696	0	2	2
OG0000697	0	2	2
OG0000698	0	2	2
OG0000699	0	2	2
OG0000700	0	2	2
OG0000701	0	2	2
OG0000702	0	2	2
OG0000703	0	2	2
OG0000704	0	2	2
OG0000705	0	2	2
OG0000706	0	2	2
OG0000707	0	2	2
OG0000708	0	2	2
OG0000709	0	2	2
OG0000710	0	2	2
OG0000711	0	2	2
OG0000712	0	2	2
OG0000713	0	2	2
OG0000714	0	2	2
OG0000715	0	2	2
OG0000716	0	2	2
OG0000717	0	2	2
OG0000718	0	2	2
OG0000719	0	2	2
OG0000720	0	2	2
OG0000721	0	2	2
OG0000722	0	2	2
OG0000723	0	2	2
OG0000724	0	2	2
OG0000725	0	2	2
OG0000726	0	2	2
OG0000727	0	2	2
OG0000728	0	2	2
OG0000729	0	2	2
OG0000730	0	2	2
OG0000731	0	2	2
OG0000732	0	2	2
OG0000733	0	2	2
OG0000734	0	2	2
OG0000735	0	2	2
OG0000736	0	2	2
OG0000737	0	2	2
OG0000738	0	2	2
OG0000739	0	2	2
OG0000740	0	2	2
OG0000741	0	2	2
OG0000742	0	2	2
OG0000743	0	2	2
OG0000744	0	2	2
OG0000745	0	2	2
OG0000746	0	2	2
OG0000747	0	2	2
OG0000748	0	2	2
OG0000749	0	2	2
OG0000750	0	2	2
OG0000751	0	2	2
OG0000752	0	2	2
OG0000753	0	2	2
OG0000754	0	2	2
OG0000755	0	2	2
OG0000756	0	2	2
OG0000757	0	2	2
OG0000758	0	2	2
OG0000759	0	2	2
OG0000760	0	2	2
OG0000761	0	2	2
OG0000762	0	2	2
OG0000763	0	2	2
OG0000764	0	2	2
OG0000765	0	2	2
OG0000766	0	2	2
OG0000767	0	2	2
OG0000768	0	2	2
OG0000769	0	2	2
OG0000770	0	2	2
OG0000771	0	2	2
OG0000772	0	2	2
OG0000773	0	2	2
OG0000774	0	2	2
OG0000775	0	2	2
OG0000776	0	2	2
OG0000777	0	2	2
OG0000778	0	2	2
OG0000779	0	2	2
OG0000780	0	2	2
OG0000781	0	2	2
OG0000782	0	2	2
OG0000783	0	2	2
OG0000784	0	2	2
OG0000785	0	2	2
OG0000786	0	2	2
OG0000787	0	2	2
OG0000788	0	2	2
OG0000789	0	2	2
OG0000790	0	2	2
OG0000791	0	2	2
OG0000792	0	2	2
OG0000793	0	2	2
OG0000794	0	2	2
OG0000795	0	2	2
OG0000796	0	2	2
OG0000797	0	2	2
OG0000798	0	2	2
OG0000799	0	2	2
OG0000800	0	2	2
OG0000801	0	2	2
OG0000802	0	2	2
OG0000803	0	2	2
OG0000804	0	2	2
OG0000805	0	2	2
OG0000806	0	2	2
OG0000807	0	2	2
OG0000808	0	2	2
OG0000809	0	2	2
OG0000810	0	2	2
OG0000811	0	2	2
OG0000812	0	2	2
OG0000813	0	2	2
OG0000814	0	2	2
OG0000815	0	2	2
OG0000816	0	2	2
OG0000817	0	2	2
OG0000818	0	2	2
OG0000819	0	2	2
OG0000820	0	2	2
OG0000821	0	2	2
OG0000822	0	2	2
OG0000823	0	2	2
OG0000824	0	2	2
OG0000825	0	2	2
OG0000826	0	2	2
OG0000827	0	2	2
OG0000828	0	2	2
OG0000829	0	2	2
OG0000830	0	2	2
OG0000831	0	2	2
OG0000832	0	2	2
OG0000833	0	2	2
OG0000834	0	2	2
OG0000835	0	2	2
OG0000836	0	2	2
OG0000837	0	2	2
OG0000838	0	2	2
OG0000839	0	2	2
OG0000840	0	2	2
OG0000841	0	2	2
OG0000842	0	2	2
OG0000843	0	2	2
OG0000844	0	2	2
OG0000845	0	2	2
OG0000846	0	2	2
OG0000847	0	2	2
OG0000848	0	2	2
OG0000849	0	2	2
OG0000850	0	2	2
OG0000851	0	2	2
OG0000852	0	2	2
OG0000853	0	2	2
OG0000854	0	2	2
OG0000855	0	2	2
OG0000856	0	2	2
OG0000857	0	2	2
OG0000858	0	2	2
OG0000859	0	2	2
OG0000860	0	2	2
OG0000861	0	2	2
OG0000862	0	2	2
OG0000863	0	2	2
OG0000864	0	2	2
OG0000865	0	2	2
OG0000866	0	2	2
OG0000867	0	2	2
OG0000868	0	2	2
OG0000869	0	2	2
OG0000870	0	2	2
OG0000871	0	2	2
OG0000872	0	2	2
OG0000873	0	2	2
OG0000874	0	2	2
OG0000875	0	2	2
OG0000876	0	2	2
OG0000877	0	2	2
OG0000878	0	2	2
OG0000879	0	2	2
OG0000880	0	2	2
OG0000881	0	2	2
OG0000882	0	2	2
OG0000883	0	2	2
OG0000884	0	2	2
OG0000885	0	2	2
OG0000886	0	2	2
OG0000887	0	2	2
OG0000888	0	2	2
OG0000889	0	2	2
OG0000890	0	2	2
OG0000891	0	2	2
OG0000892	0	2	2
OG0000893	0	2	2
OG0000894	0	2	2
OG0000895	0	2	2
OG0000896	0	2	2
OG0000897	0	2	2
OG0000898	0	2	2
OG0000899	0	2	2
OG0000900	0	2	2
OG0000901	0	2	2
OG0000902	0	2	2
OG0000903	0	2	2
OG0000904	0	2	2
OG0000905	0	2	2
OG0000906	0	2	2
OG0000907	0	2	2
OG0000908	0	2	2
OG0000909	0	2	2
OG0000910	0	2	2
OG0000911	0	2	2
OG0000912	0	2	2
OG0000913	0	2	2
OG0000914	0	2	2
OG0000915	0	2	2
OG0000916	0	2	2
OG0000917	0	2	2
OG0000918	0	2	2
OG0000919	0	2	2
OG0000920	0	2	2
OG0000921	0	2	2
OG0000922	0	2	2
OG0000923	0	2	2
OG0000924	0	2	2
OG0000925	0	2	2
OG0000926	0	2	2
OG0000927	0	2	2
OG0000928	0	2	2
OG0000929	0	2	2
OG0000930	0	2	2
OG0000931	0	2	2
OG0000932	0	2	2
OG0000933	0	2	2
OG0000934	0	2	2
OG0000935	0	2	2
OG0000936	0	2	2
OG0000937	0	2	2
OG0000938	0	2	2
OG0000939	0	2	2
OG0000940	0	2	2
OG0000941	0	2	2
OG0000942	0	2	2
OG0000943	0	2	2
OG0000944	0	2	2
OG0000945	0	2	2
OG0000946	0	2	2
OG0000947	0	2	2
OG0000948	0	2	2
OG0000949	0	2	2
OG0000950	0	2	2
OG0000951	0	2	2
OG0000952	0	2	2
OG0000953	0	2	2
OG0000954	0	2	2
OG0000955	0	2	2
OG0000956	0	2	2
OG0000957	0	2	2
OG0000958	0	2	2
OG0000959	0	2	2
OG0000960	0	2	2
OG0000961	0	2	2
OG0000962	0	2	2
OG0000963	0	2	2
OG0000964	0	2	2
OG0000965	0	2	2
OG0000966	0	2	2
OG0000967	0	2	2
OG0000968	0	2	2
OG0000969	0	2	2
OG0000970	0	2	2
OG0000971	0	2	2
OG0000972	0	2	2
OG0000973	0	2	2
OG0000974	0	2	2
OG0000975	0	2	2
OG0000976	0	2	2
OG0000977	0	2	2
OG0000978	0	2	2
OG0000979	0	2	2
OG0000980	0	2	2
OG0000981	0	2	2
OG0000982	0	2	2
OG0000983	0	2	2
OG0000984	0	2	2
OG0000985	0	2	2
OG0000986	0	2	2
OG0000987	0	2	2
OG0000988	0	2	2
OG0000989	0	2	2
OG0000990	0	2	2
OG0000991	0	2	2
OG0000992	0	2	2
OG0000993	0	2	2
OG0000994	0	2	2
OG0000995	0	2	2
OG0000996	0	2	2
OG0000997	0	2	2
OG0000998	0	2	2
OG0000999	0	2	2
OG0001000	0	2	2
OG0001001	0	2	2
OG0001002	0	2	2
OG0001003	0	2	2
OG0001004	0	2	2
OG0001005	0	2	2
OG0001006	0	2	2
OG0001007	0	2	2
OG0001008	0	2	2
OG0001009	0	2	2
OG0001010	0	2	2
OG0001011	0	2	2
OG0001012	0	2	2
OG0001013	0	2	2
OG0001014	0	2	2
OG0001015	0	2	2
OG0001016	0	2	2
OG0001017	0	2	2
OG0001018	0	2	2
OG0001019	0	2	2
OG0001020	0	2	2
OG0001021	0	2	2
OG0001022	0	2	2
OG0001023	0	2	2
OG0001024	0	2	2
OG0001025	0	2	2
OG0001026	0	2	2
OG0001027	0	2	2
OG0001028	0	2	2
OG0001029	0	2	2
OG0001030	0	2	2
OG0001031	0	2	2
OG0001032	0	2	2
OG0001033	0	2	2
OG0001034	0	2	2
OG0001035	0	2	2
OG0001036	0	2	2
OG0001037	0	2	2
OG0001038	0	2	2
OG0001039	0	2	2
OG0001040	0	2	2
OG0001041	0	2	2
OG0001042	0	2	2
OG0001043	0	2	2
OG0001044	0	2	2
OG0001045	0	2	2
OG0001046	0	2	2
OG0001047	0	2	2
OG0001048	0	2	2
OG0001049	0	2	2
OG0001050	0	2	2
OG0001051	0	2	2
OG0001052	0	2	2
OG0001053	0	2	2
OG0001054	0	2	2
OG0001055	0	2	2
OG0001056	0	2	2
OG0001057	0	2	2
OG0001058	0	2	2
OG0001059	0	2	2
OG0001060	0	2	2
OG0001061	0	2	2
OG0001062	0	2	2
OG0001063	0	2	2
OG0001064	0	2	2
OG0001065	0	2	2
OG0001066	0	2	2
OG0001067	0	2	2
OG0001068	0	2	2
OG0001069	0	2	2
OG0001070	0	2	2
OG0001071	0	2	2
OG0001072	0	2	2
OG0001073	0	2	2
OG0001074	0	2	2
OG0001075	0	2	2
OG0001076	0	2	2
OG0001077	0	2	2
OG0001078	0	2	2
OG0001079	0	2	2
OG0001080	0	2	2
OG0001081	0	2	2
OG0001082	0	2	2
OG0001083	0	2	2
OG0001084	0	2	2
OG0001085	0	2	2
OG0001086	0	2	2
OG0001087	0	2	2
OG0001088	0	2	2
OG0001089	0	2	2
OG0001090	0	2	2
OG0001091	0	2	2
OG0001092	0	2	2
OG0001093	0	2	2
OG0001094	0	2	2
OG0001095	0	2	2
OG0001096	0	2	2
OG0001097	0	2	2
OG0001098	0	2	2
OG0001099	0	2	2
OG0001100	0	2	2
OG0001101	0	2	2
OG0001102	0	2	2
OG0001103	0	2	2
OG0001104	0	2	2
OG0001105	0	2	2
OG0001106	0	2	2
OG0001107	0	2	2
OG0001108	0	2	2
OG0001109	0	2	2
OG0001110	0	2	2
OG0001111	0	2	2
OG0001112	0	2	2
OG0001113	0	2	2
OG0001114	0	2	2
OG0001115	0	2	2
OG0001116	0	2	2
OG0001117	0	2	2
OG0001118	0	2	2
OG0001119	0	2	2
OG0001120	0	2	2
OG0001121	0	2	2
OG0001122	0	2	2
OG0001123	0	2	2
OG0001124	0	2	2
OG0001125	0	2	2
OG0001126	0	2	2
OG0001127	0	2	2
OG0001128	0	2	2
OG0001129	0	2	2
OG0001130	0	2	2
OG0001131	0	2	2
OG0001132	0	2	2
OG0001133	0	2	2
OG0001134	0	2	2
OG0001135	0	2	2
OG0001136	0	2	2
OG0001137	0	2	2
OG0001138	0	2	2
OG0001139	0	2	2
OG0001140	0	2	2
OG0001141	0	2	2
OG0001142	0	2	2
OG0001143	0	2	2
OG0001144	0	2	2
OG0001145	0	2	2
OG0001146	0	2	2
OG0001147	0	2	2
OG0001148	0	2	2
OG0001149	0	2	2
OG0001150	0	2	2
OG0001151	0	2	2
OG0001152	0	2	2
OG0001153	0	2	2
OG0001154	0	2	2
OG0001155	0	2	2
OG0001156	0	2	2
OG0001157	0	2	2
OG0001158	0	2	2
OG0001159	0	2	2
OG0001160	0	2	2
OG0001161	0	2	2
OG0001162	0	2	2
OG0001163	0	2	2
OG0001164	0	2	2
OG0001165	0	2	2
OG0001166	0	2	2
OG0001167	0	2	2
OG0001168	0	2	2
OG0001169	0	2	2
OG0001170	0	2	2
OG0001171	0	2	2
OG0001172	0	2	2
OG0001173	0	2	2
OG0001174	0	2	2
OG0001175	0	2	2
OG0001176	0	2	2
OG0001177	0	2	2
OG0001178	0	2	2
OG0001179	0	2	2
OG0001180	0	2	2
OG0001181	0	2	2
OG0001182	0	2	2
OG0001183	0	2	2
OG0001184	0	2	2
OG0001185	0	2	2
OG0001186	0	2	2
OG0001187	0	2	2
OG0001188	0	2	2
OG0001189	0	2	2
OG0001190	0	2	2
OG0001191	0	2	2
OG0001192	0	2	2
OG0001193	0	2	2
OG0001194	0	2	2
OG0001195	0	2	2
OG0001196	0	2	2
OG0001197	0	2	2
OG0001198	0	2	2
OG0001199	0	2	2
OG0001200	0	2	2
OG0001201	0	2	2
OG0001202	0	2	2
OG0001203	0	2	2
