Orthogroup	Total	kog_cerevisiae_pos_go	kog_droso_pos_go	kog_elegans_pos_go	kog_humano_pos_go	protein_mansoni
OG0000004	49	NP_009991.2, NP_012135.1, NP_014331.3	NP_476730.1, NP_476834.1, NP_523814.1, NP_523912.1, NP_524202.1, NP_524495.1, NP_524496.1, NP_524542.1	NP_491826.1, NP_492676.2, NP_494704.1, NP_494775.1, NP_496411.1, NP_508644.1	NP_001442.2, NP_001443.1, NP_001444.2, NP_001445.2, NP_003914.1, NP_004463.1, NP_004464.2, NP_004465.3, NP_004487.2, NP_004488.2, NP_004505.2, NP_005240.3, NP_005242.1, NP_036314.2, NP_036315.1, NP_036316.1, NP_036318.1, NP_036320.2, NP_055762.3, NP_060886.1, NP_068556.2, NP_075555.1, NP_150285.3	6183.Smp_054350.1, 6183.Smp_076300.1, 6183.Smp_098780.1, 6183.Smp_127090.1, 6183.Smp_133480.1, 6183.Smp_135710.1, 6183.Smp_145650.1, 6183.Smp_150430.1, 6183.Smp_158750.1
OG0000011	35	NP_012442.1	NP_511112.1, NP_610349.1, NP_610516.1	NP_491810.2, NP_492381.3, NP_494333.1, NP_494786.5, NP_495727.1, NP_498903.3, NP_505731.3, NP_506091.2, NP_506416.2, NP_507483.1, NP_508031.3, NP_508732.3, NP_509942.4, NP_510284.1, NP_510654.2	NP_002237.1, NP_003731.1, NP_055032.1, NP_066984.1, NP_071753.2, NP_113648.2, NP_115491.1, NP_201567.1, NP_612190.1, NP_612191.1	6183.Smp_034850.1, 6183.Smp_046640.1, 6183.Smp_127170.1, 6183.Smp_141570.1, 6183.Smp_147550.1, 6183.Smp_155970.1
OG0000021	31	NP_010177.1	NP_476793.1, NP_476794.1, NP_477498.1, NP_524521.1	NP_491693.1, NP_492586.2, NP_495392.1, NP_495848.1, NP_507685.1, NP_508131.4	NP_000200.1, NP_001025036.2, NP_001180.1, NP_002720.1, NP_003649.2, NP_005506.3, NP_006158.2, NP_006553.2, NP_036608.1, NP_067545.3, NP_068777.1	6183.Smp_000075.1, 6183.Smp_029620.1, 6183.Smp_060750.1, 6183.Smp_126190.1, 6183.Smp_137140.1, 6183.Smp_138140.1, 6183.Smp_140730.1, 6183.Smp_152980.1, 6183.Smp_158000.1
OG0000028	28	NP_011668.3, NP_014744.1	NP_476699.1, NP_476857.1, NP_477402.1, NP_523917.2, NP_525063.1	NP_496623.1, NP_501549.1, NP_502213.3, NP_506707.2	NP_002515.1, NP_002872.1, NP_002875.1, NP_002877.2, NP_004976.2, NP_005334.1, NP_005393.2, NP_006261.1, NP_036382.2, NP_056461.1, NP_066361.1, NP_067006.3, NP_203524.1	6183.Smp_062510.1, 6183.Smp_071250.1, 6183.Smp_142450.1, 6183.Smp_179910.1
OG0000030	27	NP_015390.1	NP_524066.1, NP_524735.1	NP_510439.1	NP_000337.1, NP_003098.1, NP_003099.1, NP_003131.1, NP_004180.1, NP_005625.2, NP_005677.2, NP_005977.2, NP_008871.3, NP_008872.1, NP_008873.1, NP_008874.2, NP_009015.1, NP_055402.2, NP_055940.3, NP_060889.1, NP_071899.1, NP_113627.1	6183.Smp_142600.1, 6183.Smp_155690.1, 6183.Smp_161600.1, 6183.Smp_179780.1, 6183.Smp_180820.1
OG0000031	27	NP_012701.2, NP_014274.1	NP_573376.2, NP_573378.1, NP_610940.1, NP_612069.1	NP_495464.2, NP_503655.2, NP_503681.2, NP_510308.1, NP_510705.1	NP_003042.3, NP_004198.1, NP_004685.2, NP_004686.1, NP_004687.1, NP_004722.2, NP_006508.2, NP_037488.2, NP_061063.2	6183.Smp_134410.2, 6183.Smp_144760.1, 6183.Smp_150090.1, 6183.Smp_151010.1, 6183.Smp_161430.1, 6183.Smp_161850.1, 6183.Smp_168000.1
OG0000033	26	NP_010419.3, NP_011797.3, NP_011828.1, NP_013052.1, NP_013086.1	NP_609207.1	NP_499598.2, NP_507812.3, NP_508121.1, NP_508122.2, NP_509658.1, NP_510479.1	NP_000343.2, NP_000383.2, NP_001162.5, NP_003777.2, NP_004987.2, NP_005679.2, NP_005682.2, NP_005836.2, NP_063915.2, NP_064693.2, NP_150229.2	6183.Smp_129820.1, 6183.Smp_147250.2, 6183.Smp_171740.1
OG0000034	26	NP_010937.3, NP_011868.1	NP_477502.1	NP_490790.1, NP_492108.1, NP_492312.1, NP_499921.2, NP_501921.1, NP_505157.1, NP_505840.1, NP_506160.1, NP_506290.1	NP_000163.2, NP_002058.2, NP_002060.4, NP_002061.1, NP_002063.2, NP_002064.1, NP_004288.1, NP_005263.1, NP_006487.1, NP_066268.1	6183.Smp_005790.1, 6183.Smp_016250.2, 6183.Smp_016630.1, 6183.Smp_020080.1
OG0000039	25	NP_011569.1, NP_011827.1	NP_524074.1, NP_609542.1	NP_491002.2, NP_493960.3, NP_500425.2, NP_501707.1, NP_505394.2, NP_505905.2, NP_508461.1	NP_003973.3, NP_003974.3, NP_036376.2, NP_055085.1, NP_055146.1, NP_062823.1, NP_620172.2	6183.Smp_054010.1, 6183.Smp_083990.1, 6183.Smp_127000.1, 6183.Smp_150990.1, 6183.Smp_151000.1, 6183.Smp_151090.1, 6183.Smp_181630.1
OG0000041	25	NP_012980.1	NP_523394.1, NP_523591.2, NP_524541.3	NP_491363.1	NP_001264044.1, NP_001360.1, NP_001362.2, NP_001363.2, NP_056327.4, NP_061720.2	6183.Smp_034920.1, 6183.Smp_067620.1, 6183.Smp_130810.1, 6183.Smp_137550.1, 6183.Smp_153140.1, 6183.Smp_153330.1, 6183.Smp_156080.1, 6183.Smp_157410.1, 6183.Smp_158760.1, 6183.Smp_159840.1, 6183.Smp_165820.1, 6183.Smp_176300.1, 6183.Smp_212280.1, 6183.Smp_212290.1
OG0000048	23	NP_009800.1, NP_011411.3	NP_523658.1, NP_523675.1, NP_524731.1, NP_536732.1, NP_608766.1, NP_611234.1	NP_493982.1, NP_503413.2	NP_000331.1, NP_001033.1, NP_003030.1, NP_006507.2, NP_008862.1, NP_055395.2, NP_060055.2, NP_064425.2, NP_110434.3	6183.Smp_012440.1, 6183.Smp_046790.1, 6183.Smp_105410.1, 6183.Smp_127200.1
OG0000060	21	NP_009937.2, NP_014567.2	NP_476787.1, NP_524108.1, NP_608493.2, NP_608760.2	NP_494495.3, NP_497825.2, NP_498425.2, NP_499442.2, NP_502164.1, NP_502352.1	NP_004818.2, NP_004906.3, NP_058198.2, NP_071452.2, NP_071881.1, NP_071882.1	6183.Smp_126450.1, 6183.Smp_137890.1, 6183.Smp_181150.1
OG0000061	21	NP_010321.1	NP_609299.1, NP_610910.1, NP_611187.1	NP_491789.1, NP_491790.1, NP_494954.1, NP_499075.1, NP_499993.2, NP_503421.1, NP_505066.1, NP_506810.1	NP_000173.2, NP_001689.1, NP_001957.2, NP_004083.3, NP_055177.2, NP_060751.2, NP_078969.3	6183.Smp_024930.1, 6183.Smp_187430.1
OG0000062	21	NP_012153.1, NP_014345.3	NP_524273.1	NP_492133.1, NP_492580.2, NP_498399.1, NP_499190.2, NP_508975.2	NP_001385.1, NP_004408.1, NP_004409.1, NP_004410.3, NP_004411.2, NP_008957.1, NP_009138.1, NP_064570.1, NP_071359.3	6183.Smp_034500.1, 6183.Smp_038530.1, 6183.Smp_135160.1, 6183.Smp_169960.1
OG0000067	20	NP_012713.1	NP_476831.1, NP_523740.3	NP_491707.2, NP_502413.1, NP_507487.1, NP_509205.2, NP_509811.2, NP_509901.1, NP_510126.1, NP_510128.1	NP_000434.1, NP_000918.2, NP_003733.2, NP_061337.1, NP_061338.1	6183.Smp_055780.1, 6183.Smp_089200.1, 6183.Smp_137080.1, 6183.Smp_170820.1
OG0000068	20	NP_116615.1, NP_116650.1	NP_523419.1, NP_524172.1, NP_608373.1	NP_491199.2, NP_491857.1, NP_499454.1, NP_503397.1	NP_002861.1, NP_004152.1, NP_005361.2, NP_006852.1, NP_057215.3, NP_057614.1, NP_112243.1	6183.Smp_014660.2, 6183.Smp_104670.1, 6183.Smp_132330.1, 6183.Smp_210430.1
OG0000069	20	NP_009853.3, NP_013193.1, NP_015328.1	NP_611262.1	NP_491138.3, NP_505989.1, NP_505990.3, NP_508944.1, NP_509424.2	NP_000102.1, NP_000103.2, NP_000432.1, NP_071325.2, NP_075062.2, NP_439897.1, NP_443166.1, NP_443193.1, NP_599025.2, NP_602298.2	6183.Smp_145320.1
OG0000070	20	NP_011046.3	NP_570087.1	NP_494227.1, NP_494232.2, NP_494234.1, NP_494237.2, NP_494238.2, NP_494240.1, NP_494241.2, NP_494242.1, NP_494243.2, NP_494244.2, NP_494245.1, NP_494271.1, NP_497677.1, NP_500811.1, NP_505251.2, NP_509564.1	NP_004729.1	6183.Smp_136240.6
OG0000071	20	NP_010126.1, NP_011622.1, NP_011623.3, NP_013311.1, NP_015444.1, NP_015445.1	NP_476959.1	NP_491297.1, NP_501987.1, NP_502047.1, NP_506825.4	NP_001228.2, NP_001229.1, NP_004692.1, NP_079153.2, NP_114172.1, NP_149020.2, NP_477097.1	6183.Smp_082490.1, 6183.Smp_130970.1
OG0000072	20	NP_015512.1	NP_476900.1, NP_524349.1, NP_572731.1, NP_610628.2, NP_611075.1, NP_611944.1	NP_499640.1	NP_001073886.1, NP_003401.2, NP_003402.2, NP_008894.2, NP_055618.2, NP_057415.1, NP_068838.3	6183.Smp_012200.1, 6183.Smp_015840.1, 6183.Smp_086750.1, 6183.Smp_147010.1, 6183.Smp_164720.1
OG0000076	19	NP_014889.3	NP_610309.1, NP_611471.1	NP_491557.1, NP_506570.1, NP_507860.3	NP_057110.3, NP_065956.1, NP_612421.1	6183.Smp_032370.1, 6183.Smp_076580.1, 6183.Smp_081430.1, 6183.Smp_120070.1, 6183.Smp_139680.1, 6183.Smp_139700.1, 6183.Smp_179840.1, 6183.Smp_179850.1, 6183.Smp_203940.1, 6183.Smp_203950.1
OG0000077	19	NP_013625.1	NP_524264.1, NP_524297.1	NP_492268.1, NP_492419.2, NP_496351.1, NP_496352.1, NP_497663.1, NP_499463.1, NP_508555.2, NP_509591.2	NP_006073.2, NP_061816.1, NP_116093.1	6183.Smp_016780.1, 6183.Smp_027920.1, 6183.Smp_090120.1, 6183.Smp_103140.1, 6183.Smp_103790.1
OG0000078	19	NP_010656.1, NP_011972.1, NP_014763.1	NP_610235.1	NP_496924.1, NP_496926.1, NP_506205.1, NP_509242.1, NP_509243.1	NP_001344.2, NP_001345.1, NP_001619.1, NP_001809.4, NP_003730.4, NP_005980.1, NP_006057.1, NP_064695.3	6183.Smp_053220.1, 6183.Smp_150700.1
OG0000079	19	NP_015005.1	NP_525061.2	NP_493343.1	NP_000914.2, NP_000915.1, NP_002591.2, NP_002597.1, NP_005010.2, NP_005011.1, NP_061818.1	6183.Smp_044060.1, 6183.Smp_124250.1, 6183.Smp_129270.1, 6183.Smp_134140.1, 6183.Smp_134500.1, 6183.Smp_141980.1, 6183.Smp_146120.1, 6183.Smp_153650.1, 6183.Smp_197150.1
OG0000086	18	NP_012782.1	NP_477331.1, NP_523540.1, NP_524667.1, NP_609418.1	NP_501877.2, NP_503184.1, NP_503233.1, NP_504662.1, NP_504755.3, NP_505527.1, NP_506229.1, NP_506641.1	NP_000226.2, NP_001010939.2, NP_004181.1	6183.Smp_011000.1, 6183.Smp_146180.1
OG0000087	18	NP_009420.1, NP_010941.1, NP_013670.1	NP_523685.2	NP_496721.2, NP_497498.2, NP_503145.1, NP_504348.1, NP_504648.1, NP_510624.1	NP_000089.1, NP_000746.3, NP_001867.2, NP_003994.3, NP_004368.1, NP_065574.4, NP_066266.4	6183.Smp_146910.1
OG0000100	17	NP_009697.3, NP_011312.1, NP_014026.1	NP_609771.2, NP_612051.1	NP_494846.1, NP_495284.1, NP_495509.1, NP_496507.1, NP_498460.1, NP_509079.2, NP_510452.4	NP_000299.3, NP_067639.1, NP_112601.3	6183.Smp_163970.1, 6183.Smp_172590.1
OG0000101	17	NP_116616.1	NP_523842.2	NP_497728.2, NP_497806.1, NP_499367.1, NP_509313.1, NP_509585.1	NP_001060.1, NP_006077.2, NP_006078.2, NP_006079.1, NP_115914.1	6183.Smp_030730.1, 6183.Smp_078040.1, 6183.Smp_079960.1, 6183.Smp_079970.1, 6183.Smp_192110.1
OG0000104	17	NP_009652.2	NP_611433.3	NP_505663.3	NP_036395.1, NP_055455.3, NP_055887.3, NP_078962.4, NP_114155.4	6183.Smp_043910.1, 6183.Smp_043920.1, 6183.Smp_074830.1, 6183.Smp_155240.1, 6183.Smp_158370.1, 6183.Smp_161800.1, 6183.Smp_163450.1, 6183.Smp_181160.1, 6183.Smp_210200.1
OG0000113	16	NP_013047.1, NP_013048.1, NP_015518.1	NP_476837.1, NP_611810.1, NP_611813.1	NP_505512.3, NP_505691.2	NP_000477.1, NP_001160.2, NP_001641.1, NP_001642.1, NP_001643.2, NP_004019.1, NP_036196.1	6183.Smp_128110.1
OG0000114	16	NP_012394.1	NP_523564.1	NP_510460.2	NP_001387.2, NP_003573.2, NP_004705.1, NP_006473.2, NP_006474.1, NP_006475.1, NP_567824.1, NP_569122.1	6183.Smp_125270.1, 6183.Smp_130250.1, 6183.Smp_141230.1, 6183.Smp_150860.1, 6183.Smp_206070.1
OG0000115	16	NP_009372.1, NP_014972.3	NP_523680.1	NP_500232.3, NP_506093.2	NP_003752.2, NP_003753.2, NP_004772.1, NP_006625.1, NP_055046.1, NP_055047.2, NP_058439.1	6183.Smp_006720.2, 6183.Smp_055870.1, 6183.Smp_102160.1, 6183.Smp_123870.1
OG0000117	16	NP_012107.1, NP_014128.2	NP_476966.1, NP_476981.1, NP_569900.3	NP_497334.2, NP_497505.4, NP_503132.3	NP_005210.3, NP_005883.3, NP_006720.1, NP_009293.1	6183.Smp_068720.1, 6183.Smp_141590.2, 6183.Smp_144430.1, 6183.Smp_145500.1
OG0000118	16	NP_012000.1	NP_609132.1, NP_610819.1	NP_490776.3, NP_492177.2, NP_494213.2, NP_506684.3	NP_001859.1, NP_001860.2, NP_001861.2, NP_001862.2, NP_001863.3, NP_057436.2, NP_065094.3, NP_525124.3	6183.Smp_088270.1
OG0000127	15	NP_009490.1, NP_011299.1	NP_523934.1, NP_524883.2	NP_497178.1	NP_002245.4, NP_004514.2, NP_004789.1, NP_008985.3, NP_112494.3	6183.Smp_035220.1, 6183.Smp_132300.1, 6183.Smp_147970.1, 6183.Smp_149260.1, 6183.Smp_179050.1
OG0000128	15	NP_009647.2, NP_010282.3, NP_015377.1	NP_611553.1	NP_493178.1	NP_002119.1, NP_002120.1, NP_005333.2, NP_006330.2, NP_060670.1	6183.Smp_000980.1, 6183.Smp_063790.1, 6183.Smp_100090.1, 6183.Smp_103530.1, 6183.Smp_173650.1
OG0000129	15	NP_009421.3, NP_010265.1, NP_011940.1	NP_477271.1, NP_611865.1	NP_499448.1, NP_506695.2	NP_002547.1, NP_055650.1, NP_060500.3, NP_110385.1, NP_542164.2	6183.Smp_058980.2, 6183.Smp_128150.1, 6183.Smp_144850.1
OG0000130	15	NP_010807.3, NP_014264.1	NP_476973.1	NP_492792.1, NP_506197.1, NP_508026.1	NP_000792.1, NP_002005.1, NP_004107.1, NP_004108.1, NP_004461.2, NP_057678.1, NP_060416.1	6183.Smp_004780.1, 6183.Smp_079230.1
OG0000131	15	NP_010169.1, NP_012868.1, NP_013530.1	NP_523396.1	NP_499346.2, NP_502083.1, NP_506182.2, NP_506230.1, NP_508282.2	NP_004484.1, NP_055049.1, NP_057370.1, NP_064524.3, NP_116172.2	6183.Smp_151030.1
OG0000132	15	NP_009928.1, NP_011975.1, NP_013418.2	NP_477064.1, NP_523430.1	NP_493388.1	NP_001779.3, NP_002679.2, NP_004395.1, NP_004565.1, NP_006631.2, NP_443070.6	6183.Smp_003620.1, 6183.Smp_041060.1, 6183.Smp_060070.1
OG0000133	15	NP_009521.1, NP_009792.3	NP_524208.1	NP_497351.3	NP_005007.2, NP_006187.2, NP_065151.2, NP_065389.2, NP_112553.1, NP_114366.1, NP_127501.1	6183.Smp_005860.1, 6183.Smp_065580.3, 6183.Smp_132270.1, 6183.Smp_155850.1
OG0000134	15	NP_014161.1	NP_477318.1, NP_524885.1	NP_492974.2	NP_000430.3, NP_002560.1, NP_002561.1, NP_004707.2, NP_612192.1, NP_612196.1, NP_612197.1, NP_612198.2	6183.Smp_077980.1, 6183.Smp_144080.1, 6183.Smp_160240.1
OG0000142	14	NP_010661.3	NP_525093.1	NP_508186.1, NP_508201.2	NP_002140.2, NP_002894.1, NP_003376.2, NP_057341.1, NP_114430.2	6183.Smp_068510.1, 6183.Smp_085650.1, 6183.Smp_151600.1, 6183.Smp_158980.1, 6183.Smp_158990.1
OG0000143	14	NP_009396.2, NP_009478.1, NP_011029.3, NP_013076.1	NP_524063.1, NP_524339.1, NP_524356.1, NP_524474.1	NP_496509.1, NP_503068.1	NP_005336.3, NP_005337.2, NP_006588.1	6183.Smp_106930.1
OG0000144	14	NP_014210.1	NP_477041.1, NP_524167.1	NP_491824.1, NP_501227.1	NP_002255.3, NP_002257.1, NP_002258.2, NP_002259.1, NP_002260.2, NP_036448.1	6183.Smp_051210.1, 6183.Smp_168490.1, 6183.Smp_174910.1
OG0000146	14	NP_009887.1, NP_010806.1	NP_524079.1	NP_491995.1, NP_497746.1, NP_498775.2, NP_508778.1	NP_000909.2, NP_004902.1, NP_005304.3, NP_006840.2	6183.Smp_056760.1, 6183.Smp_079770.1, 6183.Smp_157700.1
OG0000148	14	NP_011059.3	NP_476689.1, NP_477384.1, NP_524484.1, NP_524707.1, NP_524921.1, NP_524937.1	NP_491429.1	NP_002699.1, NP_002700.1, NP_002701.1	6183.Smp_004810.3, 6183.Smp_028990.1, 6183.Smp_035580.1
OG0000149	14	NP_009638.1, NP_010344.1	NP_477137.1	NP_502065.1	NP_003329.1, NP_003330.1, NP_003331.1, NP_003332.1, NP_006348.1, NP_057067.1	6183.Smp_055920.1, 6183.Smp_067980.4, 6183.Smp_067990.4, 6183.Smp_068000.1
OG0000150	14	NP_011856.1, NP_014528.1	NP_524681.1	NP_505809.2	NP_002567.3, NP_002568.2, NP_002569.1, NP_005875.1, NP_064553.1	6183.Smp_064040.1, 6183.Smp_103360.1, 6183.Smp_155140.1, 6183.Smp_159730.1, 6183.Smp_179800.1
OG0000151	14	NP_009537.1, NP_011554.3, NP_013214.1	NP_477163.1, NP_477361.1	NP_501365.1	NP_001306.1, NP_002736.3, NP_002742.3, NP_002745.1, NP_002960.2, NP_620581.1	6183.Smp_047900.1, 6183.Smp_142050.1
OG0000152	14	NP_009523.1, NP_009642.3, NP_013772.1	NP_511109.1, NP_511110.1	NP_491927.1, NP_501440.1, NP_501727.1, NP_504498.2, NP_509733.1	NP_001142.2, NP_001143.2, NP_112581.1	6183.Smp_079220.1
OG0000153	14	NP_012172.1, NP_014361.1, NP_014779.1	NP_611912.1	NP_491989.1, NP_492330.2, NP_497927.2, NP_510362.1	NP_004126.1, NP_005521.1, NP_008830.2	6183.Smp_018680.1, 6183.Smp_056200.1, 6183.Smp_196160.1
OG0000157	14	NP_013750.1	NP_476633.1, NP_524547.1	NP_491862.1, NP_496197.2, NP_498972.1, NP_503446.1	NP_001780.2, NP_001781.2, NP_004349.1, NP_068658.1, NP_068659.1, NP_073720.1	6183.Smp_152200.1
OG0000168	13	NP_010089.1, NP_010144.1	NP_476955.1, NP_524631.1	NP_501242.1, NP_501336.1	NP_001649.1, NP_001650.1, NP_001651.1, NP_001653.1, NP_036229.1	6183.Smp_088650.1, 6183.Smp_104680.1
OG0000170	13	NP_010439.1, NP_013317.1, NP_013633.1	NP_523366.2	NP_499828.1, NP_500632.3, NP_506561.1, NP_506749.1, NP_506751.1	NP_005029.1, NP_005720.1, NP_066953.1	6183.Smp_040130.1
OG0000171	13	NP_009410.1	NP_572415.1	NP_491914.1, NP_510080.2	NP_002488.1, NP_003148.2, NP_055212.2, NP_079076.3, NP_598001.1	6183.Smp_097940.1, 6183.Smp_166540.1, 6183.Smp_176970.1, 6183.Smp_177920.1
OG0000173	13	NP_014888.1	NP_610317.1, NP_610318.1	NP_497659.1, NP_504649.1, NP_505413.1, NP_507469.1	NP_001013597.1, NP_079374.2, NP_115953.2, NP_477513.2	6183.Smp_158510.1, 6183.Smp_158520.1
OG0000177	13	NP_015353.1	NP_611831.2	NP_491033.1, NP_497221.1, NP_499756.3, NP_499990.1	NP_057690.2, NP_075063.1, NP_079508.2, NP_612402.1	6183.Smp_010370.1, 6183.Smp_027040.1, 6183.Smp_099890.1
OG0000179	13	NP_014106.1, NP_014529.1	NP_523736.1	NP_495156.1, NP_497310.2	NP_055503.1, NP_056342.3, NP_078995.2, NP_114143.1	6183.Smp_001420.1, 6183.Smp_145170.1, 6183.Smp_165040.1, 6183.Smp_165700.2
OG0000180	13	NP_011863.1, NP_012928.1	NP_612075.1	NP_491691.1	NP_060254.2, NP_065892.1, NP_065947.1, NP_073613.2, NP_078862.4, NP_663613.1	6183.Smp_089120.1, 6183.Smp_156000.2, 6183.Smp_179720.1
OG0000181	13	NP_012456.1, NP_012457.1, NP_012938.3	NP_608663.1	NP_509706.2, NP_509707.2	NP_071738.1	6183.Smp_012350.2, 6183.Smp_124050.4, 6183.Smp_124060.1, 6183.Smp_124070.1, 6183.Smp_163400.1, 6183.Smp_200460.1
OG0000192	12	NP_013289.1, NP_015053.2	NP_569844.2	NP_490828.3, NP_495537.2, NP_502776.1, NP_503098.2, NP_506645.1, NP_506927.2	NP_009119.2, NP_036221.2	6183.Smp_063000.1
OG0000193	12	NP_014855.3	NP_525090.1	NP_492072.2	NP_002066.1, NP_006569.1, NP_057278.2, NP_067642.1	6183.Smp_010230.1, 6183.Smp_063640.1, 6183.Smp_075130.1, 6183.Smp_094480.1, 6183.Smp_158700.1
OG0000194	12	NP_013915.1	NP_524070.2	NP_495324.2, NP_502390.2	NP_000048.1, NP_000544.2, NP_004250.4, NP_060669.1, NP_116559.1	6183.Smp_056620.1, 6183.Smp_127490.1, 6183.Smp_129130.1
OG0000195	12	NP_012371.2, NP_012755.1, NP_015121.1	NP_476977.1	NP_508671.2	NP_002721.1, NP_002722.1, NP_002723.2, NP_005035.1	6183.Smp_152330.1, 6183.Smp_164380.1, 6183.Smp_194610.1
OG0000196	12	NP_010204.1, NP_013859.1, NP_014092.1, NP_014513.1	NP_609603.1	NP_496356.2, NP_510429.1	NP_002084.2, NP_063937.2	6183.Smp_008260.1, 6183.Smp_125310.1, 6183.Smp_155720.1
OG0000197	12	NP_011551.3	NP_608729.1	NP_491412.1, NP_496552.1, NP_498609.1, NP_499531.1, NP_509822.2	NP_065438.1, NP_078998.1, NP_115736.1	6183.Smp_147930.1, 6183.Smp_149150.1
OG0000198	12	NP_010006.1, NP_011725.3, NP_013144.1	NP_511046.1, NP_523526.1	NP_491142.1	NP_001003936.1, NP_003320.2, NP_036605.2	6183.Smp_008070.1, 6183.Smp_037530.1, 6183.Smp_054470.1
OG0000199	12	NP_012644.1	NP_523489.1	NP_491531.2, NP_499753.1, NP_504038.1	NP_000243.1, NP_056273.2, NP_057240.3, NP_060147.2	6183.Smp_083540.1, 6183.Smp_123210.1, 6183.Smp_180520.1
OG0000200	12	NP_010528.3	NP_610764.1	NP_497103.1, NP_499508.2, NP_499545.1, NP_500017.2, NP_501366.1, NP_501368.1	NP_001432.2	6183.Smp_004220.1, 6183.Smp_124410.1, 6183.Smp_167750.1
OG0000202	12	NP_015012.3	NP_476643.1	NP_491282.1, NP_492849.3, NP_493713.2	NP_001290.2, NP_001830.1, NP_003177.2, NP_003555.1, NP_004359.1, NP_037391.2	6183.Smp_086330.1
OG0000203	12	NP_010996.2, NP_015019.1	NP_609285.1	NP_498081.2, NP_503467.2	NP_000680.2, NP_000681.2, NP_000683.3, NP_000684.2, NP_003879.2	6183.Smp_022960.1, 6183.Smp_050390.1
OG0000230	11	NP_011004.3, NP_012191.1, NP_014125.1	NP_609496.1, NP_610063.4	NP_496868.1	NP_001319.1, NP_001320.1, NP_006614.2, NP_036335.1	6183.Smp_211270.1
OG0000235	11	NP_010193.1, NP_011360.1, NP_015502.1	NP_524894.1	NP_498559.1	NP_002019.1, NP_004573.2, NP_005014.2	6183.Smp_065780.1, 6183.Smp_066960.2, 6183.Smp_150160.1
OG0000239	11	NP_012222.1	NP_477215.1	NP_498928.1	NP_002601.1, NP_002602.2, NP_002603.1, NP_005382.1, NP_005872.2	6183.Smp_068170.1, 6183.Smp_070390.1, 6183.Smp_140580.1
OG0000240	11	NP_009618.2	NP_569969.1	NP_497129.1, NP_510498.1	NP_009213.1, NP_056343.1, NP_057578.1, NP_060904.2	6183.Smp_049970.5, 6183.Smp_071380.4, 6183.Smp_079400.1
OG0000241	11	NP_013908.1, NP_015092.1	NP_524475.1	NP_510323.3	NP_003755.2, NP_004168.1, NP_004594.1, NP_004595.2	6183.Smp_019890.1, 6183.Smp_066670.1, 6183.Smp_179930.1
OG0000242	11	NP_011051.3	NP_476753.1	NP_490865.4	NP_008944.1, NP_008945.2, NP_056092.2, NP_073576.1, NP_113671.3	6183.Smp_123180.1, 6183.Smp_165260.1, 6183.Smp_207020.1
OG0000243	11	NP_009597.2	NP_524723.2, NP_611906.1	NP_502367.3, NP_509509.1	NP_003636.2, NP_005085.2, NP_036386.1, NP_054750.1, NP_077306.3	6183.Smp_143830.1
OG0000244	11	NP_015171.1	NP_525030.1, NP_609235.1, NP_609458.1	NP_509142.2, NP_510191.1	NP_001900.1, NP_001901.1, NP_004842.1	6183.Smp_013040.2, 6183.Smp_136730.1
OG0000245	11	NP_010269.1, NP_012215.1	NP_609203.1	NP_495430.1, NP_501719.1, NP_510071.1, NP_510077.1	NP_000339.2, NP_001038.1, NP_078868.1	6183.Smp_081820.3
OG0000246	11	NP_014094.1	NP_523722.1, NP_610824.1	NP_501350.3, NP_505501.1	NP_036438.2, NP_057140.2, NP_071435.2	6183.Smp_150500.1, 6183.Smp_181470.1, 6183.Smp_210790.1
OG0000247	11	NP_012293.3	NP_477307.1	NP_501797.1	NP_001304.1, NP_001376.1, NP_001377.1, NP_001378.1, NP_006417.2, NP_064519.2	6183.Smp_078780.1, 6183.Smp_085110.2
OG0000250	11	NP_010471.1, NP_013269.1, NP_013294.1	NP_524705.1, NP_610487.3	NP_492952.1, NP_496457.1	NP_037369.1, NP_057129.2	6183.Smp_036250.1, 6183.Smp_059100.1
OG0000252	11	NP_011652.1, NP_015480.1	NP_476858.1	NP_509342.1	NP_002077.1, NP_004801.1, NP_006604.1	6183.Smp_000640.1, 6183.Smp_044530.1, 6183.Smp_062950.1, 6183.Smp_173170.1
OG0000278	10	NP_014626.1, NP_116669.1	NP_524622.1	NP_500139.1	NP_003647.1, NP_065130.1, NP_065172.1, NP_076951.2, NP_149117.1	6183.Smp_065290.1
OG0000279	10	NP_010121.1	NP_524019.1	NP_498514.2, NP_498646.1	NP_001958.2, NP_004388.2	6183.Smp_031010.1, 6183.Smp_097660.1, 6183.Smp_166400.1, 6183.Smp_211330.1
OG0000280	10	NP_116614.1	NP_511052.1	NP_499809.1, NP_508841.1	NP_001092.1, NP_001605.1	6183.Smp_046600.1, 6183.Smp_161920.1, 6183.Smp_183710.1, 6183.Smp_202970.1
OG0000281	10	NP_010741.1, NP_013684.1	NP_477510.1	NP_497892.1	NP_002565.1, NP_005800.3, NP_006784.1	6183.Smp_004470.1, 6183.Smp_059480.1, 6183.Smp_062900.1
OG0000283	10	NP_010213.1, NP_013503.1	NP_611401.2	NP_508124.1, NP_509770.2	NP_001717.3, NP_005095.1, NP_031397.1, NP_490597.1	6183.Smp_147950.1
OG0000286	10	NP_012942.3	NP_477374.1, NP_523399.1	NP_491748.1, NP_491749.2, NP_500829.2	NP_005735.2, NP_006312.1	6183.Smp_130600.1, 6183.Smp_150890.1
OG0000287	10	NP_011893.1, NP_014862.3	NP_524739.1	NP_506850.1, NP_510461.1	NP_001926.2, NP_001927.3, NP_004451.2, NP_570629.2	6183.Smp_057530.1
OG0000288	10	NP_010697.3, NP_014799.1	NP_523664.1	NP_492444.4	NP_004662.2, NP_006090.2, NP_056981.2, NP_057250.1	6183.Smp_153010.1, 6183.Smp_172130.1
OG0000291	10	NP_009504.1	NP_572609.1, NP_572882.1	NP_497796.1	NP_037445.1, NP_057145.1, NP_113665.3	6183.Smp_152180.1, 6183.Smp_171850.1, 6183.Smp_200020.1
OG0000292	10	NP_010712.1	NP_525075.1	NP_502298.2	NP_003737.1	6183.Smp_019310.1, 6183.Smp_040680.1, 6183.Smp_095520.1, 6183.Smp_174520.1, 6183.Smp_200180.1, 6183.Smp_201060.1
OG0000294	10	NP_014079.1	NP_477372.1	NP_490914.3, NP_492210.2, NP_496938.2	NP_067037.1, NP_112490.3, NP_116248.2	6183.Smp_027000.1, 6183.Smp_038830.1
OG0000322	9	NP_012731.1	NP_524741.1	NP_497601.1, NP_503830.2	NP_000936.1, NP_009167.1, NP_071380.1	6183.Smp_026420.1, 6183.Smp_064950.1
OG0000324	9	NP_014931.3	NP_609792.1	NP_499613.1, NP_500961.2, NP_509190.1	NP_005733.1, NP_006801.1, NP_110437.2	6183.Smp_172110.1
OG0000326	9	NP_011399.1, NP_011512.1	NP_477501.1, NP_523494.1, NP_611854.1	NP_496075.1	NP_001246.2	6183.Smp_004060.1, 6183.Smp_132020.1
OG0000327	9	NP_011932.2, NP_012039.1	NP_476927.1	NP_499069.1	NP_057439.2, NP_061943.2	6183.Smp_090440.1, 6183.Smp_123410.2, 6183.Smp_157660.1
OG0000328	9	NP_011437.3, NP_014287.3	NP_572424.1	NP_496973.1	NP_004387.1, NP_006377.2, NP_061135.2	6183.Smp_013790.1, 6183.Smp_133120.2
OG0000332	9	NP_015115.1	NP_476749.1, NP_477336.1	NP_491714.1, NP_505119.1	NP_003151.2, NP_003591.2, NP_004208.2	6183.Smp_135360.1
OG0000333	9	NP_009718.3	NP_477080.1, NP_524420.1	NP_499783.1	NP_001249.1, NP_001789.2, NP_004926.1, NP_439892.2	6183.Smp_073340.1
OG0000334	9	NP_009343.1	NP_572788.2	NP_499176.1, NP_504575.1	NP_001737.1, NP_004334.1, NP_004353.1	6183.Smp_030370.1, 6183.Smp_043150.1
OG0000336	9	NP_012220.3	NP_524458.1	NP_499364.1	NP_036419.3, NP_055531.1, NP_068759.2, NP_085152.2	6183.Smp_000670.1, 6183.Smp_142850.1
OG0000338	9	NP_012802.1, NP_013452.1	NP_610933.1	NP_493694.2, NP_509133.1	NP_003553.2, NP_036272.2	6183.Smp_004080.1, 6183.Smp_121160.1
OG0000339	9	NP_009662.3, NP_014743.1, NP_015383.1	NP_477221.1, NP_609093.1, NP_609380.1	NP_506030.2	NP_000378.1	6183.Smp_064150.1
OG0000341	9	NP_015356.1	NP_610266.1	NP_497691.1, NP_501475.1	NP_004625.2, NP_055550.1, NP_056510.2	6183.Smp_097110.1, 6183.Smp_137970.1
OG0000344	9	NP_012653.1, NP_013901.1	NP_523486.1	NP_502032.2	NP_004178.2, NP_004644.2, NP_006609.3	6183.Smp_019170.1, 6183.Smp_156290.1
OG0000345	9	NP_011917.1, NP_013134.1, NP_014519.1	NP_524425.2	NP_500235.4, NP_509131.2	NP_000569.3, NP_000608.1	6183.Smp_099850.3
OG0000346	9	NP_011261.1, NP_116711.3	NP_524674.1, NP_524848.1	NP_492905.1	NP_000153.1, NP_277042.1, NP_277043.1	6183.Smp_043030.1
OG0000347	9	NP_015297.1	NP_523528.1, NP_612094.2	NP_495455.2, NP_495456.1	NP_000010.1, NP_005882.2, NP_006102.2	6183.Smp_197330.1
OG0000348	9	NP_009380.1	NP_609049.1	NP_506521.2, NP_508795.1, NP_510571.1	NP_001523.2, NP_060814.4	6183.Smp_173820.1, 6183.Smp_201150.1
OG0000350	9	NP_010276.3, NP_014508.1	NP_569852.1	NP_491849.1, NP_497937.1, NP_505496.1	NP_055060.1, NP_055063.1	6183.Smp_028430.1
OG0000353	9	NP_013050.1	NP_477034.1	NP_503427.2	NP_005498.1, NP_006861.1, NP_068733.1	6183.Smp_086590.1, 6183.Smp_120700.1, 6183.Smp_195080.1
OG0000357	9	NP_011517.1	NP_523573.1	NP_495525.2, NP_503151.1	NP_003579.3, NP_003580.1, NP_003581.1	6183.Smp_031000.2, 6183.Smp_082850.2
OG0000362	9	NP_009358.1, NP_013644.1	NP_569847.1	NP_508375.1, NP_510494.2	NP_057050.1, NP_057654.2	6183.Smp_040360.1, 6183.Smp_164200.1
OG0000363	9	NP_014176.2	NP_608563.1	NP_502208.1	NP_037457.3, NP_116241.2, NP_116274.3, NP_443168.2	6183.Smp_039820.1, 6183.Smp_124830.1
OG0000364	9	NP_014548.1	NP_608464.1, NP_611335.1	NP_491647.3, NP_501789.1	NP_060289.2	6183.Smp_181090.1, 6183.Smp_210580.1, 6183.Smp_211190.1
OG0000365	9	NP_010932.1	NP_610233.1	NP_496438.1, NP_507526.1, NP_507528.1	NP_036457.1, NP_036458.2, NP_055083.1	6183.Smp_054540.1
OG0000369	9	NP_012901.3	NP_524038.1	NP_509786.2, NP_510236.1	NP_000467.1, NP_057392.1	6183.Smp_043620.1, 6183.Smp_071390.1, 6183.Smp_194530.1
OG0000370	9	NP_012152.3, NP_014343.1	NP_476813.1	NP_501211.1	NP_003365.1, NP_003366.2, NP_005653.3	6183.Smp_022990.1, 6183.Smp_091240.1
OG0000374	9	NP_012266.1	NP_476902.1	NP_492504.1, NP_495021.1, NP_495022.2, NP_500665.2, NP_500666.2	NP_004634.1	6183.Smp_007630.1
OG0000438	8	NP_009667.1	NP_476988.1, NP_523710.1	NP_503386.1	NP_001734.1, NP_005175.2, NP_005176.1	6183.Smp_026560.2
OG0000441	8	NP_010414.3	NP_523385.1	NP_508051.1	NP_002289.2, NP_002661.2, NP_005023.2	6183.Smp_037230.1, 6183.Smp_149130.1
OG0000443	8	NP_010948.1, NP_011305.1	NP_477170.1	NP_490675.1	NP_004209.2, NP_004654.1	6183.Smp_005670.1, 6183.Smp_190370.1
OG0000444	8	NP_013363.1	NP_477172.1	NP_498993.1, NP_510790.1	NP_002860.2, NP_057661.3, NP_115520.2	6183.Smp_163580.1
OG0000451	8	NP_010858.3	NP_524354.1	NP_492551.1, NP_492552.1	NP_002884.1, NP_005601.1	6183.Smp_068950.1, 6183.Smp_212260.1
OG0000452	8	NP_012218.1	NP_523922.1	NP_506421.1	NP_060785.2, NP_361014.1	6183.Smp_030320.1, 6183.Smp_047540.1, 6183.Smp_125280.1
OG0000453	8	NP_009984.1	NP_569954.1	NP_491653.2	NP_005040.2, NP_077315.2	6183.Smp_122890.1, 6183.Smp_126910.1, 6183.Smp_165460.1
OG0000455	8	NP_012160.2	NP_609364.1	NP_501179.1, NP_502248.2	NP_060691.2, NP_079037.3	6183.Smp_070610.2, 6183.Smp_095470.1
OG0000457	8	NP_012407.2	NP_511098.1	NP_491087.1	NP_002746.1, NP_002748.1, NP_109587.1	6183.Smp_026510.1, 6183.Smp_151670.1
OG0000459	8	NP_010175.1, NP_015294.1	NP_511044.1	NP_502232.2	NP_001790.1, NP_036251.2	6183.Smp_090980.1, 6183.Smp_150040.2
OG0000461	8	NP_011708.3, NP_012483.3	NP_525108.2	NP_496192.1, NP_496237.1, NP_508534.3	NP_002037.2	6183.Smp_056970.1
OG0000465	8	NP_010383.4, NP_011101.3, NP_015266.1	NP_609641.1	NP_499610.1	NP_006532.2	6183.Smp_006550.1, 6183.Smp_212580.2
OG0000466	8	NP_012485.1, NP_013502.3	NP_524929.1	NP_501757.1, NP_502084.2	NP_008860.4	6183.Smp_120360.1, 6183.Smp_212530.1
OG0000470	8	NP_015155.1	NP_572535.1, NP_573087.1	NP_497868.1	NP_006311.3, NP_006658.1, NP_037481.1	6183.Smp_093700.1
OG0000472	8	NP_012003.1, NP_014245.1	NP_524941.3	NP_492694.1	NP_001310.3, NP_004375.2, NP_071331.2	6183.Smp_180400.1
OG0000473	8	NP_011704.3, NP_012521.3	NP_477382.1, NP_608919.1	NP_492051.1	NP_001202.5, NP_004327.1	6183.Smp_210110.1
OG0000475	8	NP_010628.3, NP_011959.1	NP_573081.1	NP_495227.1	NP_002878.2, NP_064716.2	6183.Smp_133280.1, 6183.Smp_153430.1
OG0000476	8	NP_010392.1, NP_013184.1	NP_609669.1, NP_610053.1	NP_509429.1	NP_004791.1, NP_055557.2	6183.Smp_163130.1
OG0000479	8	NP_014377.1	NP_573017.2	NP_496910.1, NP_500787.1	NP_006035.2, NP_114408.3	6183.Smp_138770.1, 6183.Smp_138780.1
OG0000481	8	NP_011325.1	NP_476880.1	NP_492591.1	NP_002708.1, NP_060931.2	6183.Smp_118200.1, 6183.Smp_172910.1, 6183.Smp_173810.1
OG0000482	8	NP_013127.2	NP_611086.1	NP_491413.2, NP_510709.1	NP_002070.1, NP_002071.2	6183.Smp_049150.1, 6183.Smp_064380.1
OG0000483	8	NP_010710.4, NP_010944.1, NP_011307.1	NP_610460.1	NP_499446.1	NP_005390.1	6183.Smp_124310.1, 6183.Smp_170160.1
OG0000487	8	NP_010729.3, NP_013690.1	NP_476637.1	NP_491663.1	NP_000476.1	6183.Smp_054360.1, 6183.Smp_054410.1, 6183.Smp_151260.1
OG0000488	8	NP_010666.2, NP_015508.1	NP_523708.2	NP_498708.1	NP_003086.1, NP_009011.1	6183.Smp_060910.1, 6183.Smp_094150.1
OG0000493	8	NP_012238.1	NP_477268.2, NP_612109.3	NP_506193.1	NP_005853.2, NP_006594.3, NP_036579.2	6183.Smp_032480.1
OG0000494	8	NP_015160.1	NP_524768.2	NP_493620.2, NP_496323.1, NP_499143.1, NP_508850.2	NP_064582.2	6183.Smp_124950.1
OG0000495	8	NP_010150.1	NP_523655.1	NP_499309.1, NP_502412.1	NP_003582.2, NP_003583.2	6183.Smp_052460.1, 6183.Smp_150270.1
OG0000496	8	NP_009362.1, NP_014992.3	NP_608713.2	NP_492458.1, NP_492459.1	NP_000289.1, NP_002645.3	6183.Smp_065610.1
OG0000497	8	NP_012074.3	NP_569959.1	NP_501802.2, NP_506018.1	NP_055489.1, NP_060687.2	6183.Smp_100120.1, 6183.Smp_143170.1
OG0000499	8	NP_011756.1, NP_013932.1	NP_523676.1	NP_505457.1	NP_000280.1, NP_002617.3, NP_002618.1	6183.Smp_043670.2
OG0000501	8	NP_010549.3, NP_014676.1	NP_477145.1	NP_499770.1	NP_003677.4, NP_006018.4, NP_569082.2	6183.Smp_012480.1
OG0000503	8	NP_012241.1	NP_524931.1	NP_503070.2, NP_509719.2, NP_510563.2	NP_008910.2	6183.Smp_139720.1, 6183.Smp_166790.1
OG0000504	8	NP_010262.1, NP_014582.1	NP_476565.1, NP_611760.2	NP_493454.1, NP_499188.2	NP_005267.2	6183.Smp_030500.1
OG0000505	8	NP_014887.3	NP_511051.1	NP_504796.1	NP_006379.2, NP_008998.1, NP_115564.2	6183.Smp_053140.1, 6183.Smp_194520.1
OG0000508	8	NP_010045.1	NP_611656.2	NP_500857.2, NP_504509.1, NP_504511.1, NP_504512.1	NP_064711.1	6183.Smp_030220.1
OG0000510	8	NP_009513.1	NP_477296.1	NP_498282.1	NP_006792.1, NP_006845.1, NP_006846.1	6183.Smp_007730.1, 6183.Smp_154160.1
OG0000511	8	NP_010451.3	NP_477418.1, NP_477463.1	NP_504260.1, NP_504261.1	NP_006275.1	6183.Smp_130430.1, 6183.Smp_205840.1
OG0000516	8	NP_012274.1	NP_511045.1	NP_500504.1, NP_500505.1	NP_003083.1, NP_004587.1	6183.Smp_069870.1, 6183.Smp_069880.1
OG0000573	7	NP_013911.1, NP_015084.1	NP_523899.1	NP_506626.1	NP_005339.3, NP_031381.2	6183.Smp_072330.2
OG0000575	7	NP_009676.1	NP_477375.1, NP_524611.1	NP_498520.1	NP_001393.1, NP_001949.1	6183.Smp_099870.1
OG0000576	7	NP_014732.1	NP_523457.1	NP_492481.1	NP_002859.1, NP_004153.2, NP_004574.2	6183.Smp_040570.1
OG0000578	7	NP_010887.3, NP_015090.1	NP_476801.1	NP_499165.1	NP_001685.1	6183.Smp_004310.1, 6183.Smp_062890.1
OG0000581	7	NP_014847.3, NP_015206.1	NP_536783.1	NP_491113.1	NP_001347.3, NP_004651.2	6183.Smp_033710.1
OG0000582	7	NP_010138.1, NP_012598.1	NP_523707.1	NP_495750.1	NP_006421.2	6183.Smp_004600.1, 6183.Smp_063420.1
OG0000583	7	NP_009777.1, NP_011453.1	NP_610527.1	NP_501777.2	NP_000911.2, NP_064551.3	6183.Smp_141360.1
OG0000585	7	NP_012140.1	NP_536746.1	NP_502082.1	NP_003061.3, NP_003063.2, NP_620614.2	6183.Smp_158050.1
OG0000586	7	NP_013713.1	NP_524472.1, NP_609966.1	NP_496549.1	NP_004242.1, NP_057454.1	6183.Smp_067140.1
OG0000587	7	NP_015234.1	NP_524216.1	NP_498971.1	NP_000628.2, NP_003321.3, NP_006431.2	6183.Smp_048430.1
OG0000589	7	NP_014830.1	NP_524752.1, NP_610288.1	NP_491338.2, NP_497623.1	NP_003312.3	6183.Smp_073500.2
OG0000592	7	NP_009381.1, NP_014600.1	NP_477204.1	NP_502355.2	NP_036250.2	6183.Smp_105040.1, 6183.Smp_172270.1
OG0000593	7	NP_012795.1, NP_013823.1	NP_524675.1	NP_494886.1	NP_002624.2, NP_068800.2	6183.Smp_180530.1
OG0000594	7	NP_011442.3	NP_476575.1	NP_493031.1	NP_001529.2, NP_004497.1, NP_005517.1	6183.Smp_068270.4
OG0000596	7	NP_012229.1, NP_014704.1	NP_524918.1	NP_492811.1	NP_001886.1, NP_001887.1	6183.Smp_099030.1
OG0000598	7	NP_014335.1	NP_609605.1	NP_493570.1, NP_504452.1	NP_001530.1, NP_005871.1	6183.Smp_035200.4
OG0000604	7	NP_010591.1, NP_012409.1	NP_525122.1	NP_499556.1	NP_002003.1, NP_005591.1	6183.Smp_120080.2
OG0000605	7	NP_012918.1	NP_611539.1	NP_501145.1	NP_006126.1, NP_006127.1, NP_201585.1	6183.Smp_118830.1
OG0000606	7	NP_010699.1	NP_608632.1	NP_492721.1	NP_057125.2, NP_077271.1	6183.Smp_019880.1, 6183.Smp_059350.2
OG0000607	7	NP_012600.1, NP_012719.2	NP_524891.1	NP_491549.2, NP_491552.2	NP_004949.1	6183.Smp_122910.1
OG0000608	7	NP_011374.1	NP_611896.1	NP_495842.1, NP_499392.1	NP_055486.2	6183.Smp_130650.1, 6183.Smp_137040.1
OG0000609	7	NP_010381.1, NP_011096.1	NP_610331.1	NP_496969.2	NP_055478.2, NP_060509.2	6183.Smp_132170.1
OG0000615	7	NP_011472.1	NP_476967.1	NP_495941.1	NP_003186.1, NP_003187.1, NP_006747.1	6183.Smp_007660.1
OG0000617	7	NP_014338.3, NP_014376.3	NP_610786.2	NP_493742.1	NP_060514.1	6183.Smp_005080.1, 6183.Smp_211200.1
OG0000621	7	NP_012896.1	NP_611127.1	NP_496968.1	NP_002386.1, NP_002387.1, NP_006671.2	6183.Smp_134440.2
OG0000623	7	NP_009794.3	NP_609887.1	NP_502704.1	NP_000329.2, NP_001037.1, NP_064631.2	6183.Smp_153480.1
OG0000625	7	NP_013500.3	NP_523410.1	NP_495342.2, NP_498920.2	NP_061138.3, NP_075067.2	6183.Smp_069670.1
OG0000628	7	NP_010518.1	NP_477281.1	NP_501991.3	NP_000023.2, NP_000679.1, NP_055106.1	6183.Smp_045260.1
OG0000629	7	NP_013313.1	NP_476804.1, NP_476922.1	NP_499131.1	NP_001061.2, NP_057521.1	6183.Smp_034670.1
OG0000631	7	NP_012633.1	NP_476940.1	NP_504653.2, NP_504654.1	NP_004172.2, NP_005993.1	6183.Smp_168800.2
OG0000632	7	NP_009382.2	NP_608985.1	NP_505392.3	NP_001259.1, NP_036271.1, NP_060661.3	6183.Smp_024240.1
OG0000637	7	NP_012974.1	NP_477128.1	NP_501422.1	NP_004528.1, NP_005960.1, NP_068798.1	6183.Smp_023530.1
OG0000638	7	NP_013793.1	NP_610719.1	NP_497865.2	NP_055847.1	6183.Smp_137780.1, 6183.Smp_137790.1, 6183.Smp_175490.1
OG0000642	7	NP_012392.1	NP_524746.2, NP_608439.2	NP_500627.1	NP_005825.1, NP_006326.1	6183.Smp_155870.1
OG0000643	7	NP_009398.1	NP_524808.3	NP_498737.1, NP_502816.2	NP_001950.1	6183.Smp_003970.1, 6183.Smp_030690.1
OG0000647	7	NP_012729.1	NP_477002.1, NP_477003.1	NP_498574.2, NP_499549.1	NP_004994.1	6183.Smp_015860.1
OG0000648	7	NP_014631.1	NP_524519.1	NP_500569.1	NP_002097.1, NP_036544.1, NP_619541.1	6183.Smp_210630.1
OG0000649	7	NP_010798.1	NP_477411.1	NP_490842.1	NP_003343.1, NP_008867.2, NP_008868.3	6183.Smp_045510.1
OG0000650	7	NP_011905.1	NP_477437.1	NP_491641.1	NP_004879.1, NP_569730.1, NP_573569.1	6183.Smp_054220.1
OG0000651	7	NP_013950.1	NP_524140.2	NP_493434.3	NP_006528.2, NP_056091.1	6183.Smp_074400.1, 6183.Smp_139020.1
OG0000652	7	NP_013352.1	NP_569917.1	NP_508708.3	NP_002428.1, NP_061133.1, NP_116072.2	6183.Smp_036370.1
OG0000654	7	NP_010289.3	NP_572275.1	NP_495787.2	NP_060863.3, NP_061149.1	6183.Smp_131420.1, 6183.Smp_203220.1
OG0000655	7	NP_009573.1	NP_477368.1	NP_496987.1, NP_496988.1	NP_002261.3, NP_038461.2	6183.Smp_142770.1
OG0000657	7	NP_013888.1	NP_610359.2	NP_506380.2	NP_055461.1, NP_663731.1	6183.Smp_147940.2, 6183.Smp_149160.1
OG0000662	7	NP_014271.3	NP_477423.1	NP_499926.1	NP_000305.3, NP_570141.3, NP_954870.3	6183.Smp_154470.1
OG0000664	7	NP_011385.3	NP_572952.1	NP_495959.2	NP_003575.3, NP_003791.3	6183.Smp_132720.1, 6183.Smp_196350.1
OG0000667	7	NP_011831.1	NP_524655.1, NP_610718.1	NP_494721.1	NP_000158.1, NP_149991.2	6183.Smp_141770.1
OG0000670	7	NP_013564.1	NP_609238.1	NP_492189.2	NP_056341.1, NP_078968.3, NP_536724.1	6183.Smp_133390.1
OG0000671	7	NP_011770.3, NP_012044.1	NP_477421.1	NP_495900.1	NP_001419.1, NP_001967.3	6183.Smp_024110.1
OG0000673	7	NP_009769.1, NP_011461.1	NP_477068.1	NP_506278.1	NP_005767.1, NP_054903.1	6183.Smp_082990.1
OG0000675	7	NP_015361.1	NP_523585.2	NP_505171.1, NP_508412.1	NP_057025.2	6183.Smp_015070.1, 6183.Smp_117810.1
OG0000676	7	NP_013296.1	NP_523969.1	NP_498325.1, NP_498326.1	NP_004799.1, NP_066565.1	6183.Smp_121420.1
OG0000677	7	NP_009580.1, NP_009593.1	NP_608884.1	NP_494755.1	NP_004580.1, NP_005129.2	6183.Smp_034700.3
OG0000679	7	NP_010723.1, NP_014500.2	NP_609766.1	NP_497875.1	NP_055608.2, NP_057393.2	6183.Smp_124860.1
OG0000680	7	NP_010598.3, NP_011933.1	NP_476979.1	NP_491108.2	NP_064615.3	6183.Smp_173890.1, 6183.Smp_212510.1
OG0000681	7	NP_011424.3, NP_012263.1	NP_609805.1	NP_492653.2	NP_002475.2, NP_036357.1	6183.Smp_210380.1
OG0000682	7	NP_009901.1, NP_014251.1, NP_015151.1	NP_611425.1	NP_506367.1	NP_001272.2	6183.Smp_055400.1
OG0000683	7	NP_010922.1	NP_610562.1	NP_501395.1	NP_003184.1	6183.Smp_003270.1, 6183.Smp_150440.1, 6183.Smp_150450.1
OG0000684	7	NP_012420.1	NP_524163.1	NP_492567.3, NP_494837.2	NP_054753.1, NP_060624.1	6183.Smp_033020.1
OG0000687	7	NP_010997.3, NP_012195.1	NP_611693.1	NP_499915.2	NP_001017.1, NP_148982.1	6183.Smp_091640.1
OG0000688	7	NP_010875.1, NP_012582.1	NP_477164.1, NP_477176.1	NP_506156.1	NP_061820.1	6183.Smp_033400.1
OG0000691	7	NP_015156.1	NP_524111.3	NP_506568.2	NP_006353.2, NP_071335.1, NP_071336.1	6183.Smp_162430.1
OG0000692	7	NP_010740.3	NP_611904.1	NP_495415.2, NP_509894.2	NP_000534.3, NP_055289.2	6183.Smp_133330.1
OG0000694	7	NP_009640.1, NP_011720.3	NP_476930.1	NP_509362.1	NP_005947.3, NP_006627.2	6183.Smp_147650.1
OG0000776	6	NP_011790.1	NP_476956.3	NP_493426.2	NP_004597.3, NP_620278.2	6183.Smp_166840.1
OG0000781	6	NP_009390.1	NP_611352.1	NP_495449.1, NP_507053.1	NP_001893.2	6183.Smp_083650.1
OG0000783	6	NP_013396.1, NP_014828.1	NP_524082.1	NP_499369.1	NP_006316.1	6183.Smp_079430.2
OG0000787	6	NP_015428.1	NP_611776.1	NP_493558.1	NP_002788.1, NP_004150.1	6183.Smp_164840.1
OG0000788	6	NP_014604.1	NP_525092.1, NP_611920.1	NP_492360.1	NP_002783.1	6183.Smp_076230.1
OG0000789	6	NP_010735.3, NP_013688.1	NP_524002.1	NP_491795.1	NP_001012.1	6183.Smp_055050.1
OG0000796	6	NP_009757.1	NP_476957.1, NP_524827.1	NP_492169.2	NP_055224.1	6183.Smp_160940.1
OG0000798	6	NP_013834.1	NP_477269.1	NP_501859.1	NP_006089.1	6183.Smp_102040.1, 6183.Smp_187870.1
OG0000802	6	NP_013360.1	NP_524925.1, NP_608948.2	NP_497429.1	NP_002147.2	6183.Smp_008545.1
OG0000803	6	NP_011091.1	NP_477197.1	NP_491994.2	NP_001261.2, NP_001262.3	6183.Smp_041760.1
OG0000804	6	NP_013330.1	NP_523414.1	NP_495598.1	NP_001782.1, NP_426359.1	6183.Smp_082810.2
OG0000805	6	NP_015491.1	NP_477098.1	NP_502959.1	NP_001655.1, NP_004031.1	6183.Smp_072140.1
OG0000807	6	NP_012628.3, NP_015368.1	NP_524781.1	NP_496957.1	NP_000989.1	6183.Smp_105320.1
OG0000808	6	NP_009960.2, NP_012344.1	NP_524884.1	NP_498572.1	NP_005608.1	6183.Smp_053830.1
OG0000809	6	NP_010377.3	NP_511150.1, NP_609715.1	NP_500272.2	NP_003339.1	6183.Smp_083400.1
OG0000812	6	NP_009761.4	NP_523984.1	NP_504199.1	NP_005907.3	6183.Smp_032500.1, 6183.Smp_161880.1
OG0000814	6	NP_012503.2	NP_569992.1	NP_500367.1	NP_004572.3	6183.Smp_127700.1, 6183.Smp_208010.1
OG0000815	6	NP_014293.1, NP_014752.3	NP_569729.1	NP_498783.1	NP_003886.3	6183.Smp_159670.1
OG0000816	6	NP_010765.3	NP_477313.1	NP_510710.2	NP_006242.5, NP_006243.2	6183.Smp_142990.1
OG0000819	6	NP_012599.3	NP_523968.1	NP_491066.1	NP_005712.1, NP_065178.1	6183.Smp_210740.1
OG0000820	6	NP_010157.1	NP_477369.1	NP_495705.1, NP_496273.1	NP_009057.1	6183.Smp_018240.3
OG0000821	6	NP_011542.3	NP_609373.1, NP_609721.1	NP_501860.1	NP_116199.2	6183.Smp_084050.1
OG0000822	6	NP_015499.1	NP_573258.1	NP_490816.4	NP_004860.2, NP_037377.1	6183.Smp_025510.1
OG0000825	6	NP_015305.1	NP_573362.1	NP_498095.3	NP_056485.2, NP_067640.2	6183.Smp_033260.2
OG0000827	6	NP_014679.1	NP_524054.1	NP_492422.2	NP_003560.2	6183.Smp_125640.1, 6183.Smp_148320.1
OG0000828	6	NP_014045.1	NP_523532.1, NP_609623.1	NP_504472.1	NP_002777.1	6183.Smp_170730.1
OG0000831	6	NP_011872.1	NP_476925.1	NP_492290.1, NP_510764.1	NP_000627.2	6183.Smp_056440.1
OG0000832	6	NP_011924.1	NP_611695.1	NP_497257.1	NP_000933.1, NP_000934.1	6183.Smp_040790.1
OG0000833	6	NP_010706.3, NP_010860.1	NP_524819.1	NP_502542.1	NP_000967.1	6183.Smp_012750.1
OG0000835	6	NP_010208.1, NP_013510.3	NP_610503.1	NP_493391.1	NP_000984.1	6183.Smp_050280.1
OG0000836	6	NP_009466.1, NP_011042.3	NP_523813.1	NP_498231.1	NP_000969.1	6183.Smp_007900.1
OG0000837	6	NP_013408.1	NP_570014.3	NP_499596.2	NP_477352.3	6183.Smp_053190.1, 6183.Smp_150660.1
OG0000838	6	NP_013523.3	NP_476641.1	NP_495890.2	NP_001348.2, NP_065916.2	6183.Smp_035030.1
OG0000841	6	NP_011309.1	NP_477042.1	NP_499260.1	NP_004850.1, NP_009029.3	6183.Smp_154420.1
OG0000842	6	NP_011896.1, NP_013650.1	NP_608782.1	NP_490774.2	NP_079325.2	6183.Smp_147230.1
OG0000843	6	NP_014615.1	NP_611922.1	NP_506381.1, NP_506382.1	NP_036450.1	6183.Smp_065110.1
OG0000846	6	NP_009877.1	NP_573099.1	NP_497655.1, NP_497656.2	NP_060117.3	6183.Smp_045040.1
OG0000847	6	NP_015317.1	NP_569898.1	NP_499295.2	NP_004390.3, NP_085911.2	6183.Smp_101300.1
OG0000854	6	NP_009685.3	NP_476908.1	NP_491518.1, NP_508711.1	NP_001684.2	6183.Smp_029390.1
OG0000856	6	NP_009938.2	NP_476676.1	NP_491245.1	NP_000282.1, NP_620061.2	6183.Smp_018890.1
OG0000857	6	NP_009575.1	NP_612044.1	NP_508390.1	NP_000394.2, NP_055120.1	6183.Smp_070780.1
OG0000858	6	NP_010893.3	NP_524427.1	NP_491317.1, NP_499291.1	NP_000364.1	6183.Smp_050540.1
OG0000859	6	NP_013580.1	NP_524711.1	NP_504496.1	NP_002121.4, NP_005509.1	6183.Smp_198690.1
OG0000862	6	NP_013481.3	NP_610001.1	NP_491004.1	NP_000498.2, NP_003828.2	6183.Smp_097370.1
OG0000865	6	NP_013547.3, NP_013646.1	NP_477303.1	NP_499347.1	NP_004144.2	6183.Smp_180380.1
OG0000866	6	NP_009793.1	NP_476596.1	NP_499570.1	NP_005711.1, NP_006400.2	6183.Smp_134400.1
OG0000867	6	NP_010065.2	NP_477442.1	NP_498470.1, NP_500841.1	NP_006828.2	6183.Smp_131660.1
OG0000868	6	NP_012732.1	NP_524117.1	NP_496092.1	NP_057373.1, NP_112187.2	6183.Smp_007170.1
OG0000869	6	NP_015080.1	NP_524389.1	NP_499652.1	NP_005818.3	6183.Smp_171120.1, 6183.Smp_172390.1
OG0000872	6	NP_013546.1, NP_013648.1	NP_524618.1	NP_497910.1	NP_000997.1	6183.Smp_073880.1
OG0000875	6	NP_014502.1	NP_524829.1	NP_503123.1, NP_508094.1	NP_001959.1	6183.Smp_001500.1
OG0000877	6	NP_009526.1, NP_009641.1	NP_476631.1	NP_491608.1	NP_000972.1	6183.Smp_171570.1
OG0000878	6	NP_011484.1, NP_011664.3	NP_609649.1	NP_491399.1	NP_000977.1	6183.Smp_001830.1
OG0000879	6	NP_009750.1, NP_015246.1	NP_610144.1	NP_498774.1	NP_000973.2	6183.Smp_022560.2
OG0000881	6	NP_011541.1, NP_013437.1	NP_524315.2	NP_500895.1	NP_001019.1	6183.Smp_017450.1
OG0000883	6	NP_010664.3	NP_477150.1	NP_502573.1	NP_004101.3, NP_077728.3	6183.Smp_166580.1
OG0000884	6	NP_011562.1	NP_524023.1	NP_502348.1, NP_502349.1	NP_005650.2	6183.Smp_196510.1
OG0000885	6	NP_013966.1	NP_477436.1	NP_492599.1	NP_037367.3	6183.Smp_033600.1, 6183.Smp_142510.2
OG0000888	6	NP_014860.1	NP_524229.1	NP_497095.1	NP_079133.3	6183.Smp_004020.1, 6183.Smp_137800.1
OG0000889	6	NP_012157.3, NP_014349.1	NP_610531.1	NP_502354.2	NP_006314.2	6183.Smp_128740.1
OG0000891	6	NP_010091.2	NP_609597.1	NP_495691.1	NP_004779.2, NP_006039.2	6183.Smp_030780.1
OG0000892	6	NP_010704.1	NP_610891.1	NP_491250.1	NP_064581.2	6183.Smp_166240.1, 6183.Smp_166250.1
OG0000895	6	NP_010116.1	NP_609750.1	NP_494772.1, NP_494773.1	NP_055330.1	6183.Smp_024970.1
OG0000897	6	NP_010047.1	NP_608503.1	NP_508988.3	NP_073608.4, NP_078958.2	6183.Smp_130480.1
OG0000898	6	NP_011861.1	NP_477448.1	NP_491710.2	NP_003464.1, NP_005834.4	6183.Smp_126520.1
OG0000899	6	NP_010820.3	NP_620550.1	NP_508866.1	NP_060686.3, NP_078870.1	6183.Smp_064750.1
OG0000900	6	NP_012063.3	NP_477216.1, NP_608561.2	NP_490749.1	NP_005585.1	6183.Smp_018530.2
OG0000901	6	NP_010538.1, NP_015288.1	NP_476853.1	NP_495336.1	NP_001198.2	6183.Smp_002180.1
OG0000904	6	NP_014762.3	NP_608871.1	NP_499173.1	NP_003822.2, NP_113668.2	6183.Smp_022140.1
OG0000907	6	NP_011493.1	NP_524494.1, NP_608425.1	NP_498362.1	NP_689926.1	6183.Smp_158600.1
OG0000910	6	NP_013612.1	NP_612093.1	NP_508208.2	NP_055319.1	6183.Smp_129990.1, 6183.Smp_145180.1
OG0000911	6	NP_010674.3	NP_569873.1	NP_491341.1	NP_079404.3	6183.Smp_055140.1, 6183.Smp_151510.1
OG0000912	6	NP_010507.3	NP_609844.1	NP_496073.1	NP_002734.2, NP_115909.1	6183.Smp_131400.1
OG0000914	6	NP_013071.1	NP_477409.1	NP_491489.1	NP_003390.4, NP_065116.3	6183.Smp_198210.1
OG0000921	6	NP_014728.1	NP_609204.2	NP_498691.1	NP_006756.2, NP_115497.4	6183.Smp_055200.1
OG0000922	6	NP_009952.2	NP_524429.1	NP_510814.1	NP_001111.3, NP_116107.3	6183.Smp_054640.1
OG0000924	6	NP_009462.2	NP_477373.1	NP_492408.2, NP_510627.1	NP_006829.1	6183.Smp_011120.1
OG0000925	6	NP_009825.4, NP_013491.1	NP_573252.1	NP_498397.1	NP_219482.1	6183.Smp_163430.1
OG0000926	6	NP_010541.3	NP_611536.1	NP_508444.1	NP_073599.2, NP_073617.1	6183.Smp_084400.2
OG0000928	6	NP_009965.2	NP_569850.1, NP_609560.2	NP_496483.2	NP_071411.1	6183.Smp_044850.1
OG0000929	6	NP_010283.3, NP_010568.3	NP_573063.1	NP_499694.2	NP_060379.2	6183.Smp_084860.1
OG0000930	6	NP_012113.1, NP_015173.1	NP_573079.1	NP_497617.1	NP_066954.2	6183.Smp_166290.1
OG0000931	6	NP_009926.1, NP_014397.1	NP_476982.1	NP_497842.1	NP_057030.3	6183.Smp_002960.1
OG0000932	6	NP_012597.1	NP_524439.1	NP_506572.1	NP_055411.1	6183.Smp_072800.1, 6183.Smp_078220.1
OG0000935	6	NP_010500.3, NP_014118.1	NP_610121.2	NP_506715.1	NP_036243.1	6183.Smp_083080.1
OG0000936	6	NP_009498.1	NP_610248.4	NP_504476.1	NP_114415.1	6183.Smp_000810.2, 6183.Smp_147810.1
OG0000938	6	NP_013229.1	NP_610828.2	NP_497866.2	NP_065691.2, NP_115675.1	6183.Smp_105330.1
OG0000939	6	NP_011097.3	NP_524312.1	NP_496245.1	NP_037542.1, NP_057366.2	6183.Smp_153160.1
OG0000942	6	NP_014292.3	NP_570015.1	NP_493542.2, NP_502172.1	NP_006521.1	6183.Smp_070760.1
OG0000943	6	NP_014221.3	NP_476632.1	NP_498349.1	NP_000996.2	6183.Smp_027610.1, 6183.Smp_131450.1
OG0000948	6	NP_010760.3	NP_610986.1, NP_611207.1	NP_496593.1	NP_060244.2	6183.Smp_152690.1
OG0000949	6	NP_012202.1	NP_608693.1	NP_491506.1	NP_005708.1, NP_112240.1	6183.Smp_073720.1
OG0000950	6	NP_011990.1	NP_611509.1	NP_499777.1	NP_057146.1, NP_115607.1	6183.Smp_064520.1
OG0000952	6	NP_011862.1, NP_012920.1	NP_523975.1	NP_492576.1	NP_003964.3	6183.Smp_175740.2
OG0000953	6	NP_013162.1, NP_116619.1	NP_477134.1	NP_494932.1	NP_000974.1	6183.Smp_085300.1
OG0000954	6	NP_010670.3, NP_014603.1	NP_523764.1	NP_491944.2	NP_000995.1	6183.Smp_029820.1
OG0000955	6	NP_013920.1, NP_015074.1	NP_476629.1	NP_498573.2	NP_056229.2	6183.Smp_063300.1
OG0000956	6	NP_012010.1, NP_014237.2	NP_609179.2	NP_496375.1	NP_000992.1	6183.Smp_035790.1
OG0000958	6	NP_009693.3	NP_476947.1	NP_490896.1	NP_001817.1, NP_001818.1	6183.Smp_158910.1
OG0000959	6	NP_012399.1, NP_012983.3	NP_523462.2	NP_498579.2	NP_001015.1	6183.Smp_146190.1
OG0000962	6	NP_013740.1	NP_609753.1, NP_611635.1	NP_508025.1	NP_078849.1	6183.Smp_049140.1
OG0000964	6	NP_010660.1	NP_608658.1	NP_491172.2	NP_060648.2, NP_071413.1	6183.Smp_007500.1
OG0000965	6	NP_011800.3	NP_477222.1	NP_492235.1, NP_508970.1	NP_149351.1	6183.Smp_174450.1
OG0000966	6	NP_011845.1	NP_477360.2	NP_491982.2	NP_000272.1, NP_115527.3	6183.Smp_016670.1
OG0000968	6	NP_011899.1	NP_609590.1	NP_505775.3	NP_060386.1	6183.Smp_018160.1, 6183.Smp_077120.1
OG0000969	6	NP_014638.1	NP_609836.1	NP_496942.1	NP_006225.1, NP_116581.3	6183.Smp_040710.1
OG0001117	5	NP_012118.1	NP_476776.1	NP_499695.1	NP_003324.1	6183.Smp_089430.1
OG0001120	5	NP_011070.3	NP_573129.1	NP_500992.1	NP_115717.3	6183.Smp_063670.1
OG0001125	5	NP_009723.3	NP_524098.2	NP_495816.1	NP_001168.1	6183.Smp_086900.1
OG0001127	5	NP_012203.1	NP_477205.1	NP_498565.2	NP_003080.2	6183.Smp_013360.1
OG0001128	5	NP_010232.1	NP_477014.1	NP_491411.1	NP_003133.1	6183.Smp_164650.1
OG0001129	5	NP_012270.1	NP_610003.1	NP_495237.1	NP_057108.2	6183.Smp_170230.1
OG0001131	5	NP_010928.1	NP_609804.1	NP_491261.1	NP_002785.1	6183.Smp_074500.2
OG0001132	5	NP_009512.1	NP_524115.1	NP_498806.1	NP_002784.1	6183.Smp_025800.1
OG0001133	5	NP_013618.1	NP_524328.1	NP_505750.1	NP_002778.1	6183.Smp_067890.1
OG0001135	5	NP_010883.3	NP_609490.1	NP_502165.2	NP_065143.2	6183.Smp_164540.1
OG0001136	5	NP_014794.3	NP_476706.1	NP_498047.2	NP_000929.1	6183.Smp_130680.1
OG0001137	5	NP_014850.1	NP_523706.1	NP_498192.2	NP_060552.4	6183.Smp_153760.2
OG0001138	5	NP_015335.1	NP_476708.1	NP_492476.1	NP_061887.2	6183.Smp_140690.1
OG0001139	5	NP_014551.1	NP_523565.2	NP_491202.1	NP_000242.1	6183.Smp_199070.1
OG0001140	5	NP_010141.1	NP_511124.1	NP_500523.4	NP_000928.1	6183.Smp_156670.1
OG0001143	5	NP_009997.2	NP_477294.2	NP_493745.1	NP_060566.2	6183.Smp_000600.1
OG0001147	5	NP_010136.1	NP_477395.1	NP_491069.1	NP_004362.2	6183.Smp_142910.1
OG0001148	5	NP_010086.2	NP_610414.1	NP_502144.1	NP_056305.1	6183.Smp_212490.1
OG0001149	5	NP_013811.1	NP_569993.1	NP_490990.2	NP_115551.2	6183.Smp_045070.1
OG0001152	5	NP_009700.1	NP_611467.1	NP_491652.1	NP_065147.1	6183.Smp_131360.1
OG0001157	5	NP_010360.1	NP_524803.1	NP_499603.1	NP_002711.1	6183.Smp_030710.1
OG0001158	5	NP_010236.1	NP_511061.1	NP_497714.2	NP_002712.1	6183.Smp_023150.1
OG0001163	5	NP_011352.1	NP_476661.1	NP_492438.1	NP_003570.2	6183.Smp_194820.1
OG0001164	5	NP_010349.3	NP_476938.1	NP_498393.1	NP_001008.1	6183.Smp_096750.1
OG0001165	5	NP_010904.2	NP_572438.1	NP_500245.3	NP_003335.1	6183.Smp_145350.1
OG0001167	5	NP_011608.1	NP_524838.1	NP_493377.1	NP_006286.1	6183.Smp_097590.1
OG0001169	5	NP_010864.3	NP_524022.1	NP_499987.2	NP_057034.2	6183.Smp_199450.1
OG0001170	5	NP_012638.1	NP_476735.1	NP_494779.1	NP_000445.1	6183.Smp_176200.2
OG0001171	5	NP_015303.1	NP_525068.1	NP_496498.1	NP_005227.1	6183.Smp_153770.1
OG0001181	5	NP_014288.3	NP_572304.5	NP_510335.2	NP_085056.2	6183.Smp_066010.2
OG0001182	5	NP_009713.1	NP_525106.2	NP_495087.1	NP_004614.3	6183.Smp_155480.1
OG0001183	5	NP_009953.1	NP_611176.1	NP_499478.2	NP_078954.4	6183.Smp_169030.1
OG0001184	5	NP_013083.1	NP_476609.1	NP_499089.1	NP_001340.2	6183.Smp_053510.1
OG0001192	5	NP_013866.1	NP_523478.1	NP_490988.2	NP_003748.1	6183.Smp_006000.1
OG0001193	5	NP_011033.3	NP_611597.1	NP_492650.1	NP_003601.1	6183.Smp_060170.1
OG0001194	5	NP_014760.3	NP_524464.1	NP_491672.1	NP_002795.2	6183.Smp_042270.2
OG0001195	5	NP_014717.2	NP_477367.1	NP_491532.3	NP_001062.1	6183.Smp_200410.1
OG0001196	5	NP_013186.1	NP_511165.1	NP_495681.4	NP_071941.1	6183.Smp_135570.1
OG0001197	5	NP_014733.1	NP_572404.1	NP_491357.1	NP_060914.2	6183.Smp_087980.1
OG0001199	5	NP_012368.1	NP_477380.1	NP_493027.1	NP_001995.1	6183.Smp_070710.1
OG0001200	5	NP_010682.3	NP_572686.1	NP_498429.1	NP_006494.1	6183.Smp_072340.1
OG0001201	5	NP_011467.1	NP_608447.1	NP_499609.1	NP_002796.4	6183.Smp_119310.1
OG0001202	5	NP_012777.1	NP_477473.1	NP_506005.1	NP_002794.1	6183.Smp_012470.1
OG0001209	5	NP_015413.1	NP_523931.1	NP_501507.1	NP_003127.1	6183.Smp_059540.1
OG0001210	5	NP_014373.3	NP_476848.1	NP_497548.2	NP_005181.2	6183.Smp_088250.1
OG0001211	5	NP_013126.1	NP_523582.4	NP_505968.1	NP_003155.2	6183.Smp_176270.1
OG0001213	5	NP_013444.1	NP_524211.1	NP_492766.1	NP_000993.1	6183.Smp_009690.1
OG0001214	5	NP_012916.1	NP_610554.1	NP_495470.1	NP_057267.2	6183.Smp_134420.1
OG0001216	5	NP_011859.1	NP_523473.2	NP_505180.1	NP_057118.1	6183.Smp_102840.1
OG0001219	5	NP_014115.1	NP_524185.1	NP_490854.1	NP_054894.1	6183.Smp_021080.1
OG0001220	5	NP_009404.1	NP_524274.1	NP_495606.1	NP_002936.1	6183.Smp_121800.1
OG0001222	5	NP_013370.1	NP_569863.1	NP_508198.1	NP_004883.3	6183.Smp_035300.2
OG0001223	5	NP_011392.1	NP_476874.1	NP_501322.1	NP_002943.2	6183.Smp_013470.2
OG0001225	5	NP_009694.3	NP_523369.2	NP_505487.3	NP_001175.2	6183.Smp_162340.1
OG0001226	5	NP_014602.1	NP_611136.1	NP_492384.1	NP_001009.1	6183.Smp_130850.1
OG0001228	5	NP_010929.3	NP_610928.1	NP_495019.1	NP_004932.1	6183.Smp_157510.1
OG0001229	5	NP_014408.1	NP_609946.1	NP_497027.1	NP_003578.2	6183.Smp_027970.1
OG0001230	5	NP_010953.1	NP_573057.1	NP_499779.1	NP_005683.2	6183.Smp_040540.1
OG0001233	5	NP_116687.1	NP_610995.1	NP_496331.1	NP_006435.2	6183.Smp_171710.1
OG0001240	5	NP_014547.1	NP_523915.1	NP_500069.1	NP_002905.2	6183.Smp_140530.1
OG0001248	5	NP_014040.1	NP_611242.1	NP_492638.1	NP_003743.1	6183.Smp_000480.1
OG0001254	5	NP_009986.1	NP_477441.1	NP_491781.2	NP_005852.2	6183.Smp_165540.1
OG0001258	5	NP_012903.1	NP_477397.1	NP_495712.1	NP_003894.3	6183.Smp_070690.1
OG0001263	5	NP_013354.1	NP_611947.2	NP_505980.1	NP_065154.2	6183.Smp_098370.2
OG0001264	5	NP_013451.1	NP_477496.1	NP_491477.2	NP_002256.2	6183.Smp_038080.1
OG0001265	5	NP_011671.3	NP_608424.1	NP_494215.2	NP_000062.1	6183.Smp_125070.2
OG0001273	5	NP_010096.1	NP_609595.1	NP_506559.1	NP_001681.2	6183.Smp_147050.1
OG0001274	5	NP_010347.1	NP_476614.1	NP_505065.1	NP_004854.1	6183.Smp_079380.1
OG0001275	5	NP_015153.1	NP_609382.1	NP_496708.2	NP_001294.2	6183.Smp_057930.1
OG0001281	5	NP_011418.1	NP_523943.1	NP_495753.1	NP_001260.1	6183.Smp_076530.1
OG0001283	5	NP_012706.1	NP_477224.1	NP_491930.1	NP_001352.2	6183.Smp_078730.1
OG0001285	5	NP_009585.1	NP_524661.1	NP_501298.1	NP_001254.2	6183.Smp_144030.1
OG0001286	5	NP_013394.1	NP_570020.1	NP_493014.1	NP_055054.1	6183.Smp_014620.1
OG0001292	5	NP_012243.3	NP_477419.1	NP_492361.2	NP_116558.1	6183.Smp_099170.1
OG0001295	5	NP_012606.3	NP_569872.1	NP_498118.1	NP_009197.3	6183.Smp_072790.1
OG0001298	5	NP_009912.2	NP_609533.1	NP_492812.2	NP_066923.3	6183.Smp_075470.1
OG0001303	5	NP_009503.1	NP_524180.1	NP_505099.2	NP_003818.2	6183.Smp_060950.1
OG0001305	5	NP_010270.1	NP_523817.1	NP_506691.1	NP_001427.2	6183.Smp_044280.1
OG0001306	5	NP_015411.1	NP_476888.1	NP_503146.1	NP_001505.1	6183.Smp_063650.4
OG0001308	5	NP_013687.1	NP_524939.1	NP_505181.1	NP_057040.2	6183.Smp_124320.1
OG0001309	5	NP_009645.1	NP_476905.1	NP_500466.3	NP_002583.1	6183.Smp_046500.2
OG0001310	5	NP_015111.1	NP_610315.1	NP_494763.1	NP_003081.2	6183.Smp_141330.1
OG0001311	5	NP_010863.1	NP_610753.1	NP_499094.1	NP_057078.1	6183.Smp_103200.1
OG0001312	5	NP_014977.3	NP_524237.1	NP_501040.1	NP_001687.1	6183.Smp_085520.1
OG0001313	5	NP_013924.1	NP_612053.1	NP_502781.1	NP_006361.1	6183.Smp_068480.1
OG0001314	5	NP_010890.3	NP_524748.2	NP_501361.1	NP_005994.2	6183.Smp_061870.1
OG0001319	5	NP_014746.2	NP_609222.1	NP_491889.1	NP_001335.1	6183.Smp_020770.1
OG0001320	5	NP_011633.3	NP_610939.2	NP_502365.1	NP_001016.1	6183.Smp_074470.1
OG0001321	5	NP_014434.1	NP_525050.1	NP_508023.1	NP_066930.1	6183.Smp_095590.1
OG0001323	5	NP_010280.1	NP_572610.1	NP_495286.1	NP_001678.1	6183.Smp_082120.1
OG0001326	5	NP_116636.1	NP_573139.1	NP_491032.1	NP_003087.1	6183.Smp_038680.1
OG0001327	5	NP_014252.2	NP_609807.1	NP_502034.1	NP_057283.1	6183.Smp_210830.1
OG0001329	5	NP_012035.1	NP_610735.1	NP_498785.1	NP_006436.3	6183.Smp_140890.1
OG0001330	5	NP_013986.1	NP_608361.3	NP_490861.3	NP_071348.3	6183.Smp_138200.1
OG0001334	5	NP_010610.3	NP_609186.1	NP_501352.1	NP_071735.2	6183.Smp_052640.1
OG0001335	5	NP_011612.3	NP_523935.1	NP_491160.1	NP_036423.4	6183.Smp_167810.1
OG0001338	5	NP_012912.1	NP_608996.1	NP_498020.1	NP_005709.1	6183.Smp_160770.1
OG0001340	5	NP_014074.1	NP_608841.1	NP_492266.2	NP_055660.1	6183.Smp_157920.1
OG0001341	5	NP_012710.1	NP_612087.1	NP_492518.2	NP_054735.3	6183.Smp_060420.1
OG0001346	5	NP_013218.1	NP_477118.1	NP_504547.1	NP_057736.4	6183.Smp_148230.1
OG0001348	5	NP_009795.3	NP_523568.2	NP_492674.2	NP_003790.1	6183.Smp_038940.1
OG0001349	5	NP_013890.1	NP_477022.1	NP_499796.2	NP_000240.1	6183.Smp_009550.1
OG0001353	5	NP_014152.1	NP_611087.1	NP_491014.2	NP_001742.1	6183.Smp_170800.2
OG0001354	5	NP_015391.1	NP_610913.1	NP_498534.2	NP_003959.3	6183.Smp_211070.1
OG0001355	5	NP_010784.1	NP_523429.1	NP_496178.1	NP_055693.4	6183.Smp_098450.1
OG0001356	5	NP_012466.1	NP_611121.1	NP_498555.1	NP_057085.2	6183.Smp_046680.1
OG0001357	5	NP_010514.3	NP_610999.4	NP_498068.1	NP_056969.2	6183.Smp_084870.1
OG0001361	5	NP_012788.2	NP_610183.1	NP_502558.2	NP_005923.3	6183.Smp_075220.1
OG0001362	5	NP_014991.1	NP_612047.1	NP_495663.1	NP_057400.1	6183.Smp_143760.1
OG0001364	5	NP_010925.1	NP_608422.1	NP_492322.1	NP_005787.1	6183.Smp_037700.1
OG0001366	5	NP_013069.1	NP_611332.1	NP_491750.3	NP_116023.2	6183.Smp_021980.1
OG0001367	5	NP_014544.1	NP_524826.1	NP_507683.2	NP_004175.2	6183.Smp_082860.1
OG0001368	5	NP_015470.1	NP_570069.1	NP_498634.1	NP_076983.1	6183.Smp_017640.1
OG0001369	5	NP_013228.1	NP_611862.1	NP_498762.2	NP_037498.1	6183.Smp_152400.1
OG0001370	5	NP_014039.1	NP_524226.1	NP_490715.1	NP_002262.4	6183.Smp_032510.1
OG0001371	5	NP_010132.1	NP_611114.1	NP_503178.2	NP_076990.4	6183.Smp_149960.1
OG0001374	5	NP_011089.4	NP_476861.1	NP_500156.2	NP_004619.3	6183.Smp_021550.1
OG0001375	5	NP_013528.1	NP_609331.1	NP_501296.1	NP_115916.3	6183.Smp_017080.1
OG0001376	5	NP_010011.1	NP_610573.1	NP_497829.1	NP_060286.1	6183.Smp_150840.2
OG0001379	5	NP_014849.3	NP_610095.1	NP_496224.2	NP_056473.3	6183.Smp_154980.1
OG0001382	5	NP_012246.1	NP_524726.1	NP_507940.1	NP_000964.1	6183.Smp_051260.1
OG0001383	5	NP_013951.1	NP_523547.1	NP_505736.2	NP_005582.1	6183.Smp_068110.1
OG0001385	5	NP_010653.1	NP_569906.1	NP_502195.3	NP_057733.2	6183.Smp_002230.1
OG0001386	5	NP_011661.2	NP_609711.1	NP_501233.1	NP_079170.2	6183.Smp_180370.1
OG0001387	5	NP_014412.1	NP_572950.2	NP_493554.1	NP_060273.1	6183.Smp_149450.1
OG0001388	5	NP_013509.1	NP_609939.1	NP_498078.2	NP_853559.1	6183.Smp_026700.1
OG0001390	5	NP_012175.1	NP_611851.1	NP_499516.1	NP_055203.4	6183.Smp_158840.1
OG0001391	5	NP_010861.3	NP_611891.1	NP_505179.1	NP_078911.3	6183.Smp_054820.1
OG0001395	5	NP_010862.1	NP_610780.1	NP_491986.1	NP_660358.2	6183.Smp_015780.1
OG0001397	5	NP_010180.1	NP_609032.1	NP_497777.1	NP_003106.3	6183.Smp_043350.1
OG0001399	5	NP_011001.1	NP_608376.1	NP_490725.3	NP_071381.1	6183.Smp_210480.1
OG0001400	5	NP_014451.1	NP_611232.1	NP_492275.2	NP_037417.1	6183.Smp_087810.1
OG0001402	5	NP_014766.1	NP_524240.1	NP_502135.1	NP_620147.1	6183.Smp_172160.1
OG0001403	5	NP_009370.1	NP_511093.2	NP_505950.1	NP_036377.1	6183.Smp_105860.1
OG0001404	5	NP_012822.1	NP_523444.1	NP_502079.1	NP_620584.2	6183.Smp_203140.1
OG0001405	5	NP_011415.1	NP_610343.1	NP_499740.1	NP_112493.2	6183.Smp_060180.1
OG0001407	5	NP_009681.3	NP_609947.1	NP_497808.1	NP_036219.2	6183.Smp_050740.1
OG0001408	5	NP_013204.1	NP_569880.1	NP_497756.2	NP_003495.1	6183.Smp_047610.1
OG0001410	5	NP_011617.1	NP_609305.1	NP_498661.1	NP_055118.1	6183.Smp_055800.1
OG0001412	5	NP_011875.1	NP_524365.1	NP_500549.1	NP_060297.1	6183.Smp_057230.1
OG0001413	5	NP_012809.1	NP_523765.1	NP_491168.1	NP_004102.1	6183.Smp_186980.1
OG0001415	5	NP_013276.1	NP_525120.1	NP_499370.1	NP_001354.1	6183.Smp_068920.3
OG0001417	5	NP_015239.1	NP_608834.1	NP_506055.2	NP_060561.3	6183.Smp_085500.1
OG0001418	5	NP_011403.1	NP_524161.2	NP_493919.1	NP_005632.1	6183.Smp_061300.1
OG0001420	5	NP_116655.1	NP_611646.1	NP_496062.3	NP_112597.4	6183.Smp_171830.1
OG0001423	5	NP_010938.1	NP_477300.1	NP_498869.1	NP_002800.2	6183.Smp_085310.2
OG0001425	5	NP_012897.3	NP_524026.1	NP_503060.1	NP_005504.2	6183.Smp_178750.1
OG0001426	5	NP_012040.1	NP_477332.1	NP_492114.2	NP_057022.2	6183.Smp_076630.2
OG0001428	5	NP_010254.1	NP_477114.1	NP_495799.1	NP_006793.1	6183.Smp_003630.1
OG0001433	5	NP_015089.1	NP_524156.1	NP_501067.1	NP_006657.1	6183.Smp_132690.1
OG0001435	5	NP_011727.3	NP_572532.1	NP_503138.1	NP_003895.1	6183.Smp_134010.1
OG0001437	5	NP_010179.1	NP_608347.1	NP_506713.1	NP_071748.2	6183.Smp_198940.1
OG0001438	5	NP_013753.1	NP_477136.1	NP_501750.1	NP_006704.3	6183.Smp_084620.1
OG0001439	5	NP_012651.1	NP_611175.1	NP_492582.1	NP_005848.2	6183.Smp_082620.1
OG0001440	5	NP_011068.1	NP_611855.1	NP_496402.1	NP_510870.1	6183.Smp_199730.1
OG0001442	5	NP_015087.1	NP_524043.1	NP_492209.1	NP_003899.2	6183.Smp_103460.1
OG0001443	5	NP_010302.1	NP_609441.1	NP_504502.1	NP_000472.2	6183.Smp_128980.1
OG0001445	5	NP_011956.1	NP_477479.1	NP_495918.1	NP_079341.2	6183.Smp_145800.1
OG0001446	5	NP_015372.2	NP_477283.1	NP_507852.2	NP_006558.1	6183.Smp_149430.1
OG0001447	5	NP_116631.1	NP_572448.1	NP_491792.1	NP_004452.1	6183.Smp_101240.1
OG0001448	5	NP_014441.1	NP_573068.3	NP_496966.1	NP_002452.1	6183.Smp_172660.1
OG0001452	5	NP_009872.1	NP_477240.1	NP_504837.1	NP_008974.5	6183.Smp_115060.1
OG0001454	5	NP_012070.3	NP_524204.1	NP_492809.1	NP_002801.1	6183.Smp_000740.2
OG0001460	5	NP_013552.3	NP_570080.1	NP_491515.2	NP_004682.2	6183.Smp_079950.1
OG0001461	5	NP_011615.1	NP_523704.1	NP_491125.4	NP_061092.3	6183.Smp_032420.1
OG0001463	5	NP_011485.1	NP_524687.1	NP_492728.2	NP_000980.1	6183.Smp_044580.1
OG0001467	5	NP_010368.5	NP_611400.1	NP_499920.1	NP_056139.1	6183.Smp_079750.1
OG0001468	5	NP_013059.1	NP_477101.1	NP_495992.1	NP_002991.2	6183.Smp_089640.2
OG0001469	5	NP_012116.1	NP_610097.2	NP_499456.1	NP_060988.3	6183.Smp_147570.1
OG0001471	5	NP_009377.2	NP_572508.1	NP_498395.1	NP_115898.2	6183.Smp_050360.1
OG0001475	5	NP_013273.1	NP_524452.4	NP_496427.1	NP_057042.2	6183.Smp_025570.1
OG0001476	5	NP_011736.1	NP_511166.2	NP_498045.2	NP_009139.1	6183.Smp_087440.1
OG0001477	5	NP_010626.1	NP_524867.2	NP_492523.1	NP_057046.1	6183.Smp_083180.2
OG0001480	5	NP_012230.3	NP_477005.1	NP_496336.1	NP_004921.1	6183.Smp_186650.1
OG0001483	5	NP_012438.1	NP_609534.1	NP_504740.2	NP_055056.3	6183.Smp_022700.2
OG0001485	5	NP_014793.1	NP_523598.2	NP_492067.1	NP_054797.2	6183.Smp_121790.1
OG0001486	5	NP_009712.1	NP_610630.1	NP_491961.1	NP_002686.3	6183.Smp_126370.1
OG0001487	5	NP_015456.2	NP_608331.1	NP_505053.1	NP_057184.1	6183.Smp_048260.2
OG0001490	5	NP_012551.2	NP_523428.1	NP_494393.2	NP_006212.1	6183.Smp_162890.1
OG0001491	5	NP_014788.1	NP_608387.1	NP_496099.1	NP_064528.1	6183.Smp_073080.2
OG0001493	5	NP_012472.1	NP_523870.2	NP_491114.2	NP_071344.1	6183.Smp_174980.1
OG0001494	5	NP_012657.1	NP_523382.1	NP_502077.1	NP_001000.2	6183.Smp_093440.1
OG0001504	5	NP_013963.1	NP_523391.3	NP_499814.1	NP_003178.1	6183.Smp_166980.1
OG0001509	5	NP_011328.1	NP_609047.1	NP_492601.1	NP_001853.2	6183.Smp_066200.1
OG0001511	5	NP_014942.4	NP_524110.1	NP_502166.1	NP_003783.1	6183.Smp_140680.1
OG0001513	5	NP_015513.1	NP_524910.1	NP_496278.1	NP_068809.1	6183.Smp_073570.1
OG0001514	5	NP_013175.1	NP_572335.1	NP_499552.1	NP_056955.2	6183.Smp_070130.1
OG0001516	5	NP_010163.1	NP_511094.1	NP_495183.1	NP_000135.2	6183.Smp_137190.1
OG0001518	5	NP_014527.1	NP_609416.1	NP_498174.1	NP_001536.1	6183.Smp_086710.1
OG0001519	5	NP_015425.1	NP_523828.1	NP_492686.1	NP_115488.2	6183.Smp_034430.1
OG0001520	5	NP_012865.1	NP_524467.1	NP_499644.1	NP_004483.1	6183.Smp_071830.1
OG0001525	5	NP_015052.1	NP_524682.1	NP_504198.1	NP_008817.1	6183.Smp_064330.1
OG0001530	5	NP_014975.2	NP_476821.1	NP_496592.1	NP_002684.1	6183.Smp_161380.1
OG0001531	5	NP_012327.1	NP_610737.1	NP_491371.1	NP_004426.2	6183.Smp_105080.1
OG0001533	5	NP_011771.1	NP_608934.1	NP_505415.2	NP_872282.1	6183.Smp_153460.1
OG0001535	5	NP_011404.1	NP_610200.1	NP_506824.1	NP_060563.2	6183.Smp_156570.1
OG0001538	5	NP_013611.1	NP_610024.1	NP_496289.2	NP_005636.1	6183.Smp_210960.1
OG0001545	5	NP_013928.1	NP_476866.1	NP_492025.1	NP_000371.1	6183.Smp_010260.1
OG0001546	5	NP_012997.3	NP_524938.1	NP_498632.1	NP_064709.2	6183.Smp_207000.1
OG0001547	5	NP_009996.2	NP_572839.1	NP_506179.2	NP_004918.1	6183.Smp_024030.1
OG0001549	5	NP_011918.1	NP_477217.1	NP_499681.1	NP_004246.2	6183.Smp_148800.1
OG0001550	5	NP_014409.1	NP_611206.3	NP_502350.1	NP_060329.2	6183.Smp_207070.1
OG0001554	5	NP_012923.3	NP_523925.1	NP_491318.2	NP_115865.1	6183.Smp_203610.1
