Orthogroup	Total	kog_droso_pos_go	protein_mansoni
OG0000000	113	NP_611465.2	6183.Smp_001085.1, 6183.Smp_004230.1, 6183.Smp_004530.1, 6183.Smp_004540.1, 6183.Smp_015160.1, 6183.Smp_061930.1, 6183.Smp_071210.1, 6183.Smp_072440.1, 6183.Smp_072670.1, 6183.Smp_079720.1, 6183.Smp_081030.1, 6183.Smp_082460.1, 6183.Smp_082500.1, 6183.Smp_091070.1, 6183.Smp_095200.1, 6183.Smp_097670.1, 6183.Smp_097680.1, 6183.Smp_100790.1, 6183.Smp_101450.1, 6183.Smp_114740.1, 6183.Smp_122190.1, 6183.Smp_122320.1, 6183.Smp_123400.1, 6183.Smp_123720.1, 6183.Smp_124560.1, 6183.Smp_125830.1, 6183.Smp_126570.1, 6183.Smp_127260.1, 6183.Smp_130150.1, 6183.Smp_130720.1, 6183.Smp_131750.1, 6183.Smp_131920.1, 6183.Smp_132110.1, 6183.Smp_132360.1, 6183.Smp_132960.1, 6183.Smp_133870.1, 6183.Smp_136090.1, 6183.Smp_137290.1, 6183.Smp_138650.1, 6183.Smp_138820.1, 6183.Smp_139340.1, 6183.Smp_139730.1, 6183.Smp_139870.1, 6183.Smp_140280.1, 6183.Smp_141870.1, 6183.Smp_144150.1, 6183.Smp_145340.1, 6183.Smp_147130.1, 6183.Smp_149190.1, 6183.Smp_150000.1, 6183.Smp_151170.1, 6183.Smp_154310.1, 6183.Smp_155660.1, 6183.Smp_155710.1, 6183.Smp_155830.1, 6183.Smp_157030.1, 6183.Smp_159500.1, 6183.Smp_159610.1, 6183.Smp_160720.1, 6183.Smp_160980.1, 6183.Smp_160990.1, 6183.Smp_161690.1, 6183.Smp_162950.1, 6183.Smp_163370.1, 6183.Smp_163390.1, 6183.Smp_164870.1, 6183.Smp_165450.1, 6183.Smp_166600.1, 6183.Smp_166810.1, 6183.Smp_166950.1, 6183.Smp_167560.1, 6183.Smp_167720.1, 6183.Smp_169810.1, 6183.Smp_170000.1, 6183.Smp_170190.1, 6183.Smp_172230.1, 6183.Smp_173140.1, 6183.Smp_173310.1, 6183.Smp_173950.1, 6183.Smp_174330.1, 6183.Smp_174460.1, 6183.Smp_174560.1, 6183.Smp_174600.1, 6183.Smp_175080.1, 6183.Smp_175880.1, 6183.Smp_177070.1, 6183.Smp_177750.1, 6183.Smp_179530.1, 6183.Smp_179640.1, 6183.Smp_180770.1, 6183.Smp_183420.1, 6183.Smp_184420.1, 6183.Smp_184840.1, 6183.Smp_185870.1, 6183.Smp_185890.1, 6183.Smp_186170.1, 6183.Smp_189170.1, 6183.Smp_189480.1, 6183.Smp_189980.1, 6183.Smp_190300.1, 6183.Smp_190540.1, 6183.Smp_190710.1, 6183.Smp_190760.1, 6183.Smp_192010.1, 6183.Smp_192230.1, 6183.Smp_192880.1, 6183.Smp_193940.1, 6183.Smp_193950.1, 6183.Smp_194440.1, 6183.Smp_198040.1, 6183.Smp_199970.1, 6183.Smp_212070.1
OG0000002	38	NP_477497.1	6183.Smp_011430.1, 6183.Smp_013630.1, 6183.Smp_016230.1, 6183.Smp_069720.1, 6183.Smp_083220.1, 6183.Smp_124580.1, 6183.Smp_126050.1, 6183.Smp_129530.1, 6183.Smp_131010.1, 6183.Smp_132320.1, 6183.Smp_135610.1, 6183.Smp_135630.1, 6183.Smp_135640.1, 6183.Smp_141740.1, 6183.Smp_145210.1, 6183.Smp_149010.1, 6183.Smp_149120.1, 6183.Smp_149140.1, 6183.Smp_149330.1, 6183.Smp_151620.1, 6183.Smp_151630.1, 6183.Smp_155600.1, 6183.Smp_155810.1, 6183.Smp_158870.1, 6183.Smp_159920.1, 6183.Smp_161520.1, 6183.Smp_162520.1, 6183.Smp_162550.1, 6183.Smp_166440.1, 6183.Smp_167460.1, 6183.Smp_167470.1, 6183.Smp_176390.1, 6183.Smp_176470.1, 6183.Smp_179750.1, 6183.Smp_193230.1, 6183.Smp_196240.1, 6183.Smp_199910.1
OG0000004	29	NP_610821.1	6183.Smp_001890.1, 6183.Smp_002060.1, 6183.Smp_002070.1, 6183.Smp_002630.1, 6183.Smp_070240.1, 6183.Smp_070250.1, 6183.Smp_078490.1, 6183.Smp_120670.1, 6183.Smp_123090.1, 6183.Smp_123540.1, 6183.Smp_123550.1, 6183.Smp_127130.1, 6183.Smp_139450.1, 6183.Smp_141550.1, 6183.Smp_141560.1, 6183.Smp_154260.1, 6183.Smp_154290.1, 6183.Smp_159280.1, 6183.Smp_159290.1, 6183.Smp_160250.1, 6183.Smp_176160.1, 6183.Smp_176170.1, 6183.Smp_176180.1, 6183.Smp_179480.1, 6183.Smp_193680.1, 6183.Smp_193710.1, 6183.Smp_199890.1, 6183.Smp_210620.1
OG0000006	28	NP_476709.1, NP_476771.1, NP_523691.1, NP_523692.1, NP_523693.1, NP_523695.1, NP_524554.1, NP_524555.1, NP_525112.1, NP_536776.2, NP_569865.1, NP_569939.2, NP_572492.1, NP_573072.1, NP_573151.1, NP_608517.1, NP_608662.1, NP_609550.1, NP_609708.2, NP_610109.1, NP_610441.2, NP_610673.1, NP_610674.5, NP_611736.1	6183.Smp_002150.1, 6183.Smp_030350.1, 6183.Smp_065530.1, 6183.Smp_103680.1
OG0000012	18	NP_609331.1	6183.Smp_056290.1, 6183.Smp_112270.1, 6183.Smp_117990.1, 6183.Smp_122020.1, 6183.Smp_123710.1, 6183.Smp_132850.2, 6183.Smp_139510.1, 6183.Smp_165020.1, 6183.Smp_165800.1, 6183.Smp_167350.1, 6183.Smp_176350.1, 6183.Smp_176450.1, 6183.Smp_187770.1, 6183.Smp_191250.1, 6183.Smp_192030.1, 6183.Smp_199470.1, 6183.Smp_206030.1
OG0000017	15	NP_569969.1	6183.Smp_001560.1, 6183.Smp_016920.1, 6183.Smp_047420.1, 6183.Smp_047700.1, 6183.Smp_048680.1, 6183.Smp_049970.5, 6183.Smp_071380.4, 6183.Smp_079400.1, 6183.Smp_125460.1, 6183.Smp_134780.1, 6183.Smp_150830.1, 6183.Smp_176120.1, 6183.Smp_201820.1, 6183.Smp_205270.1
OG0000021	14	NP_477264.1, NP_610829.1	6183.Smp_001280.1, 6183.Smp_001330.1, 6183.Smp_034160.1, 6183.Smp_050520.1, 6183.Smp_122740.1, 6183.Smp_122750.1, 6183.Smp_135370.1, 6183.Smp_140600.1, 6183.Smp_140800.1, 6183.Smp_143300.1, 6183.Smp_173560.1, 6183.Smp_183600.1
OG0000026	12	NP_610309.1, NP_611471.1	6183.Smp_032370.1, 6183.Smp_076580.1, 6183.Smp_081430.1, 6183.Smp_120070.1, 6183.Smp_139680.1, 6183.Smp_139700.1, 6183.Smp_179840.1, 6183.Smp_179850.1, 6183.Smp_203940.1, 6183.Smp_203950.1
OG0000027	12	NP_523649.5	6183.Smp_130560.1, 6183.Smp_130570.1, 6183.Smp_134180.1, 6183.Smp_134190.1, 6183.Smp_135210.1, 6183.Smp_144050.1, 6183.Smp_152750.1, 6183.Smp_156220.1, 6183.Smp_157620.1, 6183.Smp_160050.1, 6183.Smp_169380.1
OG0000028	12	NP_524599.1	6183.Smp_043260.1, 6183.Smp_043270.1, 6183.Smp_043290.1, 6183.Smp_043300.1, 6183.Smp_043320.1, 6183.Smp_043340.1, 6183.Smp_059400.1, 6183.Smp_126730.1, 6183.Smp_134460.1, 6183.Smp_145520.1, 6183.Smp_148210.1
OG0000035	11	NP_476616.1	6183.Smp_084330.1, 6183.Smp_104170.1, 6183.Smp_117880.1, 6183.Smp_124900.1, 6183.Smp_144740.1, 6183.Smp_147200.1, 6183.Smp_154120.1, 6183.Smp_158920.1, 6183.Smp_159900.1, 6183.Smp_179400.1
OG0000038	11	NP_524019.1	6183.Smp_003660.1, 6183.Smp_031010.1, 6183.Smp_034190.1, 6183.Smp_096530.1, 6183.Smp_096560.1, 6183.Smp_097660.1, 6183.Smp_166400.1, 6183.Smp_171180.1, 6183.Smp_175130.1, 6183.Smp_211330.1
OG0000042	10	NP_523516.1, NP_523612.3	6183.Smp_011560.1, 6183.Smp_013370.3, 6183.Smp_017430.1, 6183.Smp_075720.1, 6183.Smp_142230.1, 6183.Smp_173150.1, 6183.Smp_176870.1, 6183.Smp_181530.1
OG0000049	9	NP_523386.1, NP_523387.1	6183.Smp_001980.1, 6183.Smp_060750.1, 6183.Smp_125600.1, 6183.Smp_152980.1, 6183.Smp_158000.1, 6183.Smp_186930.1, 6183.Smp_189380.1
OG0000050	9	NP_573251.1	6183.Smp_050630.1, 6183.Smp_069120.1, 6183.Smp_145120.1, 6183.Smp_150350.1, 6183.Smp_150920.1, 6183.Smp_159640.1, 6183.Smp_175900.1, 6183.Smp_194330.1
OG0000051	9	NP_477167.1, NP_477168.1, NP_477169.1, NP_610108.1	6183.Smp_033550.1, 6183.Smp_073920.1, 6183.Smp_124240.1, 6183.Smp_160290.1, 6183.Smp_163170.1
OG0000062	8	NP_476900.1, NP_572731.1, NP_610627.2, NP_611075.1, NP_611944.1	6183.Smp_015840.1, 6183.Smp_147010.1, 6183.Smp_164720.1
OG0000063	8	NP_476901.1	6183.Smp_006930.1, 6183.Smp_042720.1, 6183.Smp_102400.1, 6183.Smp_133290.1, 6183.Smp_151200.1, 6183.Smp_151210.1, 6183.Smp_151220.1
OG0000064	8	NP_523919.1, NP_572582.1, NP_609374.1, NP_609640.1, NP_609840.1, NP_610402.1, NP_610403.1	6183.Smp_129230.1
OG0000081	7	NP_609603.1	6183.Smp_008260.1, 6183.Smp_100360.1, 6183.Smp_125310.1, 6183.Smp_135200.1, 6183.Smp_155720.1, 6183.Smp_157500.1
OG0000082	7	NP_476604.1	6183.Smp_045490.1, 6183.Smp_045500.1, 6183.Smp_045550.1, 6183.Smp_045560.1, 6183.Smp_146690.1, 6183.Smp_207040.1
OG0000083	7	NP_608397.1	6183.Smp_085380.1, 6183.Smp_096320.1, 6183.Smp_122340.1, 6183.Smp_141890.1, 6183.Smp_143070.1, 6183.Smp_158450.2
OG0000084	7	NP_477122.1	6183.Smp_079270.1, 6183.Smp_087250.1, 6183.Smp_153990.1, 6183.Smp_162180.1, 6183.Smp_162190.1, 6183.Smp_169700.2
OG0000085	7	NP_524873.1	6183.Smp_047640.1, 6183.Smp_047650.1, 6183.Smp_047660.1, 6183.Smp_047680.1, 6183.Smp_063530.2, 6183.Smp_087760.1
OG0000087	7	NP_524245.3	6183.Smp_018690.1, 6183.Smp_118040.1, 6183.Smp_132410.1, 6183.Smp_134350.1, 6183.Smp_141880.1, 6183.Smp_170020.1
OG0000088	7	NP_609755.1, NP_609756.1, NP_609757.1, NP_609758.1, NP_609759.1, NP_609760.1	6183.Smp_047460.1
OG0000089	7	NP_610946.1	6183.Smp_021370.1, 6183.Smp_056260.1, 6183.Smp_146430.1, 6183.Smp_153110.1, 6183.Smp_210290.1, 6183.Smp_211240.1
OG0000090	7	NP_476923.1, NP_523599.1, NP_524511.1, NP_524513.1, NP_525094.1, NP_536753.1	6183.Smp_152190.1
OG0000109	6	NP_476831.1, NP_523740.3	6183.Smp_055780.1, 6183.Smp_089200.1, 6183.Smp_137080.1, 6183.Smp_170820.1
OG0000110	6	NP_523419.1, NP_523970.1, NP_524172.1, NP_609094.1	6183.Smp_014660.2, 6183.Smp_104670.1
OG0000111	6	NP_477170.1	6183.Smp_005670.1, 6183.Smp_023550.1, 6183.Smp_134000.1, 6183.Smp_173990.1, 6183.Smp_190370.1
OG0000112	6	NP_476807.1, NP_476935.1, NP_524520.1, NP_524543.1	6183.Smp_043100.1, 6183.Smp_053940.1
OG0000113	6	NP_476699.1, NP_477211.1, NP_523917.2, NP_525063.1	6183.Smp_062510.1, 6183.Smp_179910.1
OG0000114	6	NP_569835.1, NP_569875.2, NP_573109.1, NP_610724.1	6183.Smp_042680.1, 6183.Smp_212250.1
OG0000115	6	NP_612031.3	6183.Smp_018670.1, 6183.Smp_024070.1, 6183.Smp_129640.1, 6183.Smp_169390.1, 6183.Smp_196300.1
OG0000116	6	NP_477510.1, NP_525002.1	6183.Smp_004470.1, 6183.Smp_059480.1, 6183.Smp_062900.1, 6183.Smp_093780.1
OG0000117	6	NP_524074.1, NP_609542.1	6183.Smp_054010.1, 6183.Smp_150990.1, 6183.Smp_151000.1, 6183.Smp_151090.1
OG0000118	6	NP_476882.1, NP_476883.1, NP_536788.2	6183.Smp_049160.1, 6183.Smp_152210.1, 6183.Smp_158490.1
OG0000119	6	NP_523776.1, NP_610572.1	6183.Smp_003230.1, 6183.Smp_036990.1, 6183.Smp_122030.1, 6183.Smp_147670.1
OG0000120	6	NP_569904.1	6183.Smp_005640.1, 6183.Smp_058050.1, 6183.Smp_153400.1, 6183.Smp_180200.1, 6183.Smp_180420.1
OG0000122	6	NP_477331.1, NP_523540.1, NP_524667.1, NP_609418.1	6183.Smp_011000.1, 6183.Smp_146180.1
OG0000123	6	NP_523940.2	6183.Smp_059600.1, 6183.Smp_147440.1, 6183.Smp_154300.1, 6183.Smp_162540.1, 6183.Smp_165950.1
OG0000124	6	NP_608663.1	6183.Smp_124050.4, 6183.Smp_124060.1, 6183.Smp_124070.1, 6183.Smp_163400.1, 6183.Smp_200460.1
OG0000125	6	NP_511056.2, NP_523417.2, NP_573160.1, NP_609019.1, NP_609022.1	6183.Smp_159370.1
OG0000126	6	NP_524406.1	6183.Smp_015630.1, 6183.Smp_096480.1, 6183.Smp_099500.1, 6183.Smp_104890.1, 6183.Smp_176730.1
OG0000127	6	NP_477413.1	6183.Smp_046180.1, 6183.Smp_122730.1, 6183.Smp_122770.1, 6183.Smp_182200.1, 6183.Smp_186690.1
OG0000128	6	NP_572740.1	6183.Smp_030650.1, 6183.Smp_138730.1, 6183.Smp_138750.1, 6183.Smp_175120.2, 6183.Smp_212520.1
OG0000150	5	NP_476988.1, NP_523710.1, NP_609925.1, NP_610336.1	6183.Smp_026560.2
OG0000151	5	NP_523538.1	6183.Smp_021920.3, 6183.Smp_035210.1, 6183.Smp_046060.1, 6183.Smp_085540.6
OG0000152	5	NP_610052.1, NP_611451.1	6183.Smp_128690.1, 6183.Smp_132080.1, 6183.Smp_171870.1
OG0000153	5	NP_610623.1	6183.Smp_015390.1, 6183.Smp_145610.1, 6183.Smp_145840.1, 6183.Smp_178480.1
OG0000154	5	NP_611804.1	6183.Smp_045620.1, 6183.Smp_049520.1, 6183.Smp_174390.1, 6183.Smp_192670.1
OG0000155	5	NP_476628.2	6183.Smp_037540.2, 6183.Smp_052510.1, 6183.Smp_142810.1, 6183.Smp_156550.1
OG0000156	5	NP_476606.1, NP_572505.1	6183.Smp_129480.1, 6183.Smp_129490.1, 6183.Smp_148570.1
OG0000157	5	NP_523584.1	6183.Smp_010930.1, 6183.Smp_072970.1, 6183.Smp_138680.2, 6183.Smp_152850.1
OG0000158	5	NP_511090.1, NP_523575.1	6183.Smp_001900.1, 6183.Smp_121960.1, 6183.Smp_148020.1
OG0000159	5	NP_611912.1	6183.Smp_018680.1, 6183.Smp_056200.1, 6183.Smp_196160.1, 6183.Smp_203680.1
OG0000160	5	NP_476759.1	6183.Smp_009990.1, 6183.Smp_074030.1, 6183.Smp_093930.2, 6183.Smp_165470.1
OG0000161	5	NP_477322.1	6183.Smp_135790.1, 6183.Smp_167650.1, 6183.Smp_168370.1, 6183.Smp_176920.1
OG0000162	5	NP_523610.2, NP_608557.4	6183.Smp_140920.1, 6183.Smp_147430.1, 6183.Smp_153780.1
OG0000164	5	NP_523939.1, NP_610507.1	6183.Smp_080210.1, 6183.Smp_165340.1, 6183.Smp_170200.1
OG0000165	5	NP_476581.1	6183.Smp_033040.1, 6183.Smp_038950.1, 6183.Smp_038960.1, 6183.Smp_047370.1
OG0000166	5	NP_573357.1	6183.Smp_003440.1, 6183.Smp_061140.1, 6183.Smp_122810.1, 6183.Smp_196010.1
OG0000168	5	NP_477228.1, NP_608596.1, NP_608598.1	6183.Smp_042390.1, 6183.Smp_178890.1
OG0000169	5	NP_524451.1	6183.Smp_026630.1, 6183.Smp_078320.1, 6183.Smp_126690.1, 6183.Smp_210570.1
OG0000170	5	NP_476974.1, NP_477249.3, NP_477462.1, NP_524017.1	6183.Smp_032000.1
OG0000171	5	NP_477507.1, NP_611244.1	6183.Smp_130160.1, 6183.Smp_158550.1, 6183.Smp_159050.1
OG0000173	5	NP_477012.1	6183.Smp_078930.1, 6183.Smp_143800.1, 6183.Smp_156320.1, 6183.Smp_160360.1
OG0000174	5	NP_572577.1, NP_608322.1, NP_610836.1	6183.Smp_124340.1, 6183.Smp_162060.1
OG0000175	5	NP_476879.1, NP_524487.2	6183.Smp_134430.1, 6183.Smp_149230.1, 6183.Smp_202880.1
OG0000176	5	NP_523771.1, NP_608667.1, NP_611916.1, NP_612110.1	6183.Smp_056780.1
OG0000178	5	NP_572237.1	6183.Smp_152940.1, 6183.Smp_168630.1, 6183.Smp_174870.1, 6183.Smp_179570.1
OG0000214	4	NP_610592.1	6183.Smp_067480.3, 6183.Smp_067490.1, 6183.Smp_136640.1
OG0000215	4	NP_524059.4	6183.Smp_041280.1, 6183.Smp_041350.1, 6183.Smp_131780.1
OG0000216	4	NP_476849.1, NP_524843.2	6183.Smp_128790.1, 6183.Smp_212730.1
OG0000217	4	NP_476837.1, NP_611810.1, NP_611813.1	6183.Smp_128110.1
OG0000219	4	NP_524871.1	6183.Smp_027750.1, 6183.Smp_045250.1, 6183.Smp_125760.1
OG0000220	4	NP_524484.1, NP_524921.1, NP_524937.1	6183.Smp_028990.1
OG0000221	4	NP_523388.1	6183.Smp_012600.1, 6183.Smp_128930.1, 6183.Smp_143470.2
OG0000222	4	NP_524066.1	6183.Smp_155690.1, 6183.Smp_179780.1, 6183.Smp_180820.1
OG0000223	4	NP_476973.1, NP_611837.1	6183.Smp_004780.1, 6183.Smp_079230.1
OG0000224	4	NP_523658.1, NP_524731.1	6183.Smp_046790.1, 6183.Smp_127200.1
OG0000225	4	NP_476959.1	6183.Smp_047620.1, 6183.Smp_082490.1, 6183.Smp_130970.1
OG0000226	4	NP_477163.1, NP_477361.1	6183.Smp_047900.1, 6183.Smp_142050.1
OG0000227	4	NP_609154.1, NP_612039.1	6183.Smp_020040.2, 6183.Smp_148510.1
OG0000228	4	NP_572633.1	6183.Smp_020920.1, 6183.Smp_104730.1, 6183.Smp_172510.1
OG0000229	4	NP_573246.1, NP_608976.1, NP_610933.1	6183.Smp_193410.1
OG0000230	4	NP_608502.1	6183.Smp_147790.1, 6183.Smp_174150.1, 6183.Smp_174170.1
OG0000231	4	NP_610317.1, NP_610318.1	6183.Smp_158510.1, 6183.Smp_158520.1
OG0000232	4	NP_608558.1	6183.Smp_094950.1, 6183.Smp_094980.1, 6183.Smp_128560.1
OG0000233	4	NP_610764.1	6183.Smp_004220.1, 6183.Smp_124410.1, 6183.Smp_167750.1
OG0000234	4	NP_525030.1, NP_609235.1, NP_609458.1	6183.Smp_013040.2
OG0000235	4	NP_477378.1, NP_523528.1, NP_612094.2	6183.Smp_197330.1
OG0000236	4	NP_608449.1	6183.Smp_055390.1, 6183.Smp_131560.1, 6183.Smp_196690.1
OG0000237	4	NP_524839.3	6183.Smp_055850.1, 6183.Smp_123980.1, 6183.Smp_123990.1
OG0000238	4	NP_524808.3, NP_609361.1	6183.Smp_003970.1, 6183.Smp_030690.1
OG0000239	4	NP_476637.1	6183.Smp_054360.1, 6183.Smp_054410.1, 6183.Smp_151260.1
OG0000240	4	NP_477390.1, NP_610729.1, NP_611796.1	6183.Smp_052910.1
OG0000241	4	NP_611831.2	6183.Smp_010370.1, 6183.Smp_027040.1, 6183.Smp_099890.1
OG0000242	4	NP_477034.1	6183.Smp_086590.1, 6183.Smp_120700.1, 6183.Smp_195080.1
OG0000243	4	NP_611177.1	6183.Smp_124110.1, 6183.Smp_137380.1, 6183.Smp_157940.1
OG0000244	4	NP_476755.1, NP_524199.1, NP_573229.1	6183.Smp_179650.1
OG0000245	4	NP_609252.1	6183.Smp_102210.1, 6183.Smp_131580.1, 6183.Smp_160310.1
OG0000246	4	NP_612021.1	6183.Smp_101780.1, 6183.Smp_118190.1, 6183.Smp_166110.1
OG0000247	4	NP_523912.1	6183.Smp_076300.1, 6183.Smp_133480.1, 6183.Smp_187740.1
OG0000248	4	NP_523722.1, NP_610824.1	6183.Smp_150500.1, 6183.Smp_181470.1
OG0000249	4	NP_476600.1, NP_476601.1, NP_476732.1	6183.Smp_054430.1
OG0000250	4	NP_523924.1, NP_525081.1	6183.Smp_053900.1, 6183.Smp_134300.1
OG0000251	4	NP_608873.1, NP_611462.1	6183.Smp_048040.1, 6183.Smp_096520.1
OG0000253	4	NP_573024.1	6183.Smp_098570.1, 6183.Smp_131350.1, 6183.Smp_136310.1
OG0000254	4	NP_536791.1, NP_610228.1, NP_611263.1	6183.Smp_089880.1
OG0000255	4	NP_572668.1	6183.Smp_051640.1, 6183.Smp_177670.1, 6183.Smp_212450.1
OG0000256	4	NP_524705.1, NP_610487.3	6183.Smp_036250.1, 6183.Smp_059100.1
OG0000257	4	NP_572609.1, NP_572882.1	6183.Smp_171850.1, 6183.Smp_200020.1
OG0000258	4	NP_609642.1	6183.Smp_047060.1, 6183.Smp_177970.1, 6183.Smp_185160.1
OG0000259	4	NP_476579.1, NP_612571.1	6183.Smp_126640.1, 6183.Smp_174040.1
OG0000260	4	NP_573001.2	6183.Smp_080680.1, 6183.Smp_125290.1, 6183.Smp_158820.1
OG0000261	4	NP_524031.2	6183.Smp_101790.1, 6183.Smp_145230.1, 6183.Smp_163240.1
OG0000262	4	NP_570013.3	6183.Smp_165230.1, 6183.Smp_165660.1, 6183.Smp_199610.1
OG0000263	4	NP_524548.1	6183.Smp_150180.1, 6183.Smp_159850.1, 6183.Smp_202470.1
OG0000264	4	NP_476681.1, NP_523976.1, NP_524988.1	6183.Smp_126080.1
OG0000265	4	NP_511054.4, NP_523985.1, NP_524132.1	6183.Smp_024820.2
OG0000266	4	NP_524500.1	6183.Smp_062980.1, 6183.Smp_095630.1, 6183.Smp_100080.1
OG0000268	4	NP_477344.1, NP_477446.1, NP_524376.2	6183.Smp_082290.1
OG0000269	4	NP_573047.1, NP_610496.1	6183.Smp_145290.1, 6183.Smp_155890.1
OG0000342	3	NP_476776.1, NP_476778.1	6183.Smp_089430.1
OG0000343	3	NP_511057.1, NP_524586.1	6183.Smp_132670.1
OG0000344	3	NP_523385.1	6183.Smp_037230.1, 6183.Smp_149130.1
OG0000345	3	NP_477375.1, NP_524611.1	6183.Smp_099870.1
OG0000346	3	NP_609496.1, NP_610063.4	6183.Smp_211270.1
OG0000347	3	NP_476955.1, NP_524631.1	6183.Smp_088650.1
OG0000348	3	NP_523457.1, NP_524713.1	6183.Smp_040570.1
OG0000349	3	NP_477090.1, NP_612052.1	6183.Smp_071630.1
OG0000350	3	NP_524063.1	6183.Smp_094680.1, 6183.Smp_106930.1
OG0000351	3	NP_610339.1	6183.Smp_027550.1, 6183.Smp_167130.1
OG0000352	3	NP_569908.1	6183.Smp_175930.1, 6183.Smp_194950.1
OG0000353	3	NP_476667.1, NP_611924.1	6183.Smp_024140.4
OG0000354	3	NP_477041.1, NP_524167.1	6183.Smp_051210.1
OG0000355	3	NP_611776.1	6183.Smp_017860.1, 6183.Smp_164840.1
OG0000356	3	NP_525092.1, NP_611920.1	6183.Smp_076230.1
OG0000357	3	NP_524079.1	6183.Smp_056760.1, 6183.Smp_157700.1
OG0000358	3	NP_523525.2	6183.Smp_084090.1, 6183.Smp_148200.1
OG0000359	3	NP_476957.1, NP_524827.1	6183.Smp_160940.1
OG0000360	3	NP_477329.1, NP_572557.1	6183.Smp_098760.1
OG0000361	3	NP_477269.1	6183.Smp_102040.1, 6183.Smp_187870.1
OG0000362	3	NP_477416.1	6183.Smp_168390.1, 6183.Smp_196450.1
OG0000363	3	NP_477501.1, NP_523494.1	6183.Smp_004060.1
OG0000364	3	NP_523561.1, NP_572497.1	6183.Smp_028670.1
OG0000365	3	NP_476950.1, NP_524533.1	6183.Smp_062300.1
OG0000366	3	NP_523414.1, NP_524292.1	6183.Smp_082810.2
OG0000367	3	NP_524472.1, NP_609966.1	6183.Smp_067140.1
OG0000368	3	NP_476857.1, NP_569837.2	6183.Smp_071250.1
OG0000369	3	NP_511150.1, NP_609715.1	6183.Smp_083400.1
OG0000370	3	NP_477414.1, NP_524260.1	6183.Smp_004350.1
OG0000371	3	NP_524838.1	6183.Smp_097590.1, 6183.Smp_194160.1
OG0000372	3	NP_523984.1	6183.Smp_032500.1, 6183.Smp_161880.1
OG0000373	3	NP_476693.1, NP_477498.1	6183.Smp_081620.1
OG0000374	3	NP_476942.1	6183.Smp_064320.1, 6183.Smp_158310.1
OG0000375	3	NP_572304.5, NP_609852.1	6183.Smp_066010.2
OG0000376	3	NP_611178.1	6183.Smp_050830.1, 6183.Smp_166990.1
OG0000377	3	NP_476797.1, NP_524420.1	6183.Smp_080730.1
OG0000378	3	NP_477213.1, NP_609349.1	6183.Smp_123290.1
OG0000379	3	NP_524609.2	6183.Smp_129360.1, 6183.Smp_153920.1
OG0000380	3	NP_524213.1	6183.Smp_000460.1, 6183.Smp_000850.1
OG0000381	3	NP_511109.1, NP_511110.1	6183.Smp_079220.1
OG0000382	3	NP_477221.1, NP_609093.1	6183.Smp_064150.1
OG0000383	3	NP_524475.1, NP_525057.2	6183.Smp_019890.1
OG0000384	3	NP_608632.1	6183.Smp_019880.1, 6183.Smp_059350.2
OG0000385	3	NP_523680.1	6183.Smp_102160.1, 6183.Smp_123870.1
OG0000386	3	NP_523532.1, NP_609623.1	6183.Smp_170730.1
OG0000387	3	NP_569994.1, NP_609103.1	6183.Smp_029940.2
OG0000388	3	NP_511046.1, NP_523526.1	6183.Smp_008070.1
OG0000389	3	NP_477139.1, NP_477341.2	6183.Smp_156580.1
OG0000391	3	NP_477382.1, NP_608919.1	6183.Smp_210110.1
OG0000393	3	NP_524723.2, NP_611906.1	6183.Smp_143830.1
OG0000394	3	NP_477503.1, NP_572982.1	6183.Smp_094500.1
OG0000395	3	NP_609669.1, NP_610053.1	6183.Smp_163130.1
OG0000396	3	NP_609887.1	6183.Smp_153480.1, 6183.Smp_165670.1
OG0000397	3	NP_524674.1, NP_524848.1	6183.Smp_043030.1
OG0000398	3	NP_476804.1, NP_476922.1	6183.Smp_034670.1
OG0000399	3	NP_569915.1, NP_610055.1	6183.Smp_147850.1
OG0000400	3	NP_608687.2, NP_609217.1	6183.Smp_151180.1
OG0000401	3	NP_476731.1	6183.Smp_051530.1, 6183.Smp_149700.1
OG0000402	3	NP_611401.2	6183.Smp_147950.1, 6183.Smp_164080.1
OG0000403	3	NP_523735.2, NP_611221.1	6183.Smp_210500.1
OG0000404	3	NP_610235.1	6183.Smp_053220.1, 6183.Smp_150700.1
OG0000405	3	NP_611530.5	6183.Smp_130710.1, 6183.Smp_167040.1
OG0000406	3	NP_609651.1	6183.Smp_103920.1, 6183.Smp_136210.1
OG0000407	3	NP_477306.3, NP_523772.1	6183.Smp_006320.1
OG0000408	3	NP_572327.1, NP_611511.3	6183.Smp_056700.1
OG0000409	3	NP_610460.1	6183.Smp_101670.1, 6183.Smp_170160.1
OG0000410	3	NP_524746.2, NP_608439.2	6183.Smp_155870.1
OG0000412	3	NP_524930.1	6183.Smp_023990.1, 6183.Smp_164190.1
OG0000413	3	NP_477002.1, NP_477003.1	6183.Smp_015860.1
OG0000414	3	NP_524140.2	6183.Smp_074400.1, 6183.Smp_139020.1
OG0000415	3	NP_524229.1	6183.Smp_004020.1, 6183.Smp_024490.1
OG0000416	3	NP_477023.1	6183.Smp_016540.1, 6183.Smp_143380.1
OG0000417	3	NP_572275.1	6183.Smp_131420.1, 6183.Smp_203220.1
OG0000418	3	NP_610930.1, NP_611087.1	6183.Smp_170800.2
OG0000419	3	NP_477268.2, NP_612109.3	6183.Smp_032480.1
OG0000421	3	NP_612047.1	6183.Smp_143760.1, 6183.Smp_146090.1
OG0000422	3	NP_609205.1	6183.Smp_146300.1, 6183.Smp_172190.1
OG0000423	3	NP_608422.1	6183.Smp_030830.2, 6183.Smp_037700.1
OG0000424	3	NP_477152.1, NP_477430.1	6183.Smp_139190.1
OG0000425	3	NP_523655.1	6183.Smp_052460.1, 6183.Smp_150270.1
OG0000426	3	NP_477216.1, NP_608561.2	6183.Smp_018530.2
OG0000427	3	NP_609258.1	6183.Smp_168450.1, 6183.Smp_193030.1
OG0000428	3	NP_524366.1	6183.Smp_096240.1, 6183.Smp_143570.1
OG0000429	3	NP_610216.1	6183.Smp_154240.1, 6183.Smp_157150.1
OG0000430	3	NP_608713.2	6183.Smp_065610.1, 6183.Smp_156360.1
OG0000431	3	NP_523574.4, NP_524102.1	6183.Smp_015220.1
OG0000432	3	NP_570030.1, NP_611665.1	6183.Smp_161170.1
OG0000433	3	NP_608804.1, NP_611548.1	6183.Smp_162910.1
OG0000434	3	NP_523444.1	6183.Smp_154770.1, 6183.Smp_203140.1
OG0000435	3	NP_610940.1, NP_612069.1	6183.Smp_161850.1
OG0000436	3	NP_524655.1, NP_610718.1	6183.Smp_141770.1
OG0000437	3	NP_609500.1	6183.Smp_142970.1, 6183.Smp_142980.1
OG0000438	3	NP_609238.1	6183.Smp_059130.1, 6183.Smp_133390.1
OG0000440	3	NP_609132.1, NP_610819.1	6183.Smp_088270.1
OG0000441	3	NP_477351.1	6183.Smp_055090.1, 6183.Smp_138640.1
OG0000442	3	NP_611752.1	6183.Smp_046410.1, 6183.Smp_170210.1
OG0000443	3	NP_476565.1, NP_611760.2	6183.Smp_030500.1
OG0000444	3	NP_609617.1	6183.Smp_079810.1, 6183.Smp_211090.1
OG0000445	3	NP_524003.1, NP_611096.1	6183.Smp_083200.2
OG0000446	3	NP_569850.1, NP_609560.2	6183.Smp_044850.1
OG0000447	3	NP_609033.1	6183.Smp_002870.1, 6183.Smp_179060.1
OG0000448	3	NP_524439.1	6183.Smp_072800.1, 6183.Smp_078220.1
OG0000449	3	NP_573096.1, NP_609864.1	6183.Smp_128570.1
OG0000450	3	NP_476979.1	6183.Smp_173890.1, 6183.Smp_212510.1
OG0000451	3	NP_609805.1, NP_610143.3	6183.Smp_210380.1
OG0000452	3	NP_608335.1, NP_609269.1	6183.Smp_210680.1
OG0000453	3	NP_477407.1, NP_511131.3	6183.Smp_025010.1
OG0000454	3	NP_476632.1	6183.Smp_027610.1, 6183.Smp_131450.1
OG0000455	3	NP_476998.1, NP_511152.2	6183.Smp_050700.1
OG0000456	3	NP_524774.1	6183.Smp_068420.1, 6183.Smp_157680.1
OG0000457	3	NP_477164.1, NP_477176.1	6183.Smp_033400.1
OG0000458	3	NP_511155.1	6183.Smp_146840.1, 6183.Smp_151310.1
OG0000459	3	NP_524712.1	6183.Smp_082740.1, 6183.Smp_151580.1
OG0000460	3	NP_476748.1	6183.Smp_168600.1, 6183.Smp_178780.1
OG0000461	3	NP_476887.2, NP_524325.1	6183.Smp_174700.1
OG0000462	3	NP_476858.1	6183.Smp_044530.1, 6183.Smp_062950.1
OG0000463	3	NP_476768.1, NP_476895.1	6183.Smp_151880.1
OG0000464	3	NP_477299.1	6183.Smp_102340.1, 6183.Smp_140070.1
OG0000465	3	NP_611025.2, NP_611808.2	6183.Smp_156620.1
OG0000466	3	NP_524483.1	6183.Smp_031680.1, 6183.Smp_139330.1
OG0000467	3	NP_477187.1	6183.Smp_175340.1, 6183.Smp_197390.1
OG0000468	3	NP_609726.1	6183.Smp_028690.1, 6183.Smp_131890.1
OG0000469	3	NP_476877.1	6183.Smp_014670.2, 6183.Smp_071140.1
OG0000470	3	NP_608660.3, NP_610737.1	6183.Smp_105080.1
OG0000471	3	NP_608735.2	6183.Smp_082420.1, 6183.Smp_082430.1
OG0000472	3	NP_611043.1	6183.Smp_057620.1, 6183.Smp_159490.1
OG0000473	3	NP_476633.1, NP_524547.1	6183.Smp_152200.1
OG0000474	3	NP_609169.1, NP_611991.1	6183.Smp_011680.1
OG0000475	3	NP_477427.1, NP_477428.1	6183.Smp_016600.1
OG0000476	3	NP_609753.1, NP_611635.1	6183.Smp_049140.1
OG0000477	3	NP_477311.1, NP_477340.1	6183.Smp_146790.1
OG0000478	3	NP_523461.1	6183.Smp_063190.1, 6183.Smp_156200.1
OG0000479	3	NP_476810.1, NP_523502.1	6183.Smp_145140.1
OG0000480	3	NP_524868.1, NP_610878.1	6183.Smp_035090.2
OG0000481	3	NP_611208.1	6183.Smp_028190.1, 6183.Smp_171620.1
OG0000482	3	NP_524300.1, NP_524783.1	6183.Smp_172440.1
OG0000483	3	NP_476652.1, NP_611963.5	6183.Smp_045790.1
OG0000484	3	NP_476899.1	6183.Smp_024660.1, 6183.Smp_204750.1
OG0000485	3	NP_477393.1	6183.Smp_005230.2, 6183.Smp_147680.1
OG0000486	3	NP_511162.1	6183.Smp_076500.1, 6183.Smp_210860.1
OG0000487	3	NP_608802.2	6183.Smp_147730.1, 6183.Smp_172960.1
OG0000488	3	NP_608797.1, NP_608800.1	6183.Smp_179120.1
OG0000489	3	NP_511136.2	6183.Smp_165480.1, 6183.Smp_186190.1
OG0000490	3	NP_569979.1	6183.Smp_006750.1, 6183.Smp_006760.1
OG0000491	3	NP_609590.1	6183.Smp_018160.1, 6183.Smp_077120.1
OG0000492	3	NP_477372.1	6183.Smp_027000.1, 6183.Smp_038830.1
OG0000493	3	NP_477420.1	6183.Smp_024520.1, 6183.Smp_094420.1
OG0000494	3	NP_573326.1	6183.Smp_062610.1, 6183.Smp_155900.1
OG0000495	3	NP_523659.1	6183.Smp_142250.1, 6183.Smp_194390.1
OG0000496	3	NP_476658.1	6183.Smp_051920.2, 6183.Smp_055740.1
OG0000497	3	NP_477441.1	6183.Smp_151350.1, 6183.Smp_165540.1
OG0000666	2	NP_476956.3	6183.Smp_166840.1
OG0000667	2	NP_608344.1	6183.Smp_010290.1
OG0000668	2	NP_573129.1	6183.Smp_063670.1
OG0000669	2	NP_523899.1	6183.Smp_072330.2
OG0000670	2	NP_524310.1	6183.Smp_044440.1
OG0000673	2	NP_476838.1	6183.Smp_137750.1
OG0000674	2	NP_511049.1	6183.Smp_062250.1
OG0000675	2	NP_524622.1	6183.Smp_065290.1
OG0000676	2	NP_524741.1	6183.Smp_064950.1
OG0000677	2	NP_476739.1	6183.Smp_196570.1
OG0000678	2	NP_525093.1	6183.Smp_085650.1
OG0000679	2	NP_477047.1	6183.Smp_089460.2
OG0000681	2	NP_511170.1	6183.Smp_129320.1
OG0000682	2	NP_611352.1	6183.Smp_083650.1
OG0000683	2	NP_609207.1	6183.Smp_147250.2
OG0000684	2	NP_569844.2	6183.Smp_063000.1
OG0000686	2	NP_608760.2	6183.Smp_181150.1
OG0000687	2	NP_524098.2	6183.Smp_086900.1
OG0000688	2	NP_476886.1	6183.Smp_164660.1
OG0000689	2	NP_608373.1	6183.Smp_132330.1
OG0000690	2	NP_477502.1	6183.Smp_020080.1
OG0000691	2	NP_523777.1	6183.Smp_055670.1
OG0000692	2	NP_476930.1	6183.Smp_147650.1
OG0000693	2	NP_523687.1	6183.Smp_154580.1
OG0000694	2	NP_477172.1	6183.Smp_163580.1
OG0000695	2	NP_524082.1	6183.Smp_079430.2
OG0000696	2	NP_477171.1	6183.Smp_004910.1
OG0000697	2	NP_477505.1	6183.Smp_059340.1
OG0000698	2	NP_569995.1	6183.Smp_088950.1
OG0000699	2	NP_572880.2	6183.Smp_098890.2
OG0000700	2	NP_523773.1	6183.Smp_094810.1
OG0000701	2	NP_477205.1	6183.Smp_013360.1
OG0000702	2	NP_476891.1	6183.Smp_019690.1
OG0000703	2	NP_524396.1	6183.Smp_166430.1
OG0000704	2	NP_610003.1	6183.Smp_170230.1
OG0000705	2	NP_511058.1	6183.Smp_067420.1
OG0000706	2	NP_611557.2	6183.Smp_148120.1
OG0000708	2	NP_611873.1	6183.Smp_211100.1
OG0000709	2	NP_609095.1	6183.Smp_064590.1
OG0000710	2	NP_611535.1	6183.Smp_161730.1
OG0000711	2	NP_608738.1	6183.Smp_056640.1
OG0000712	2	NP_611023.1	6183.Smp_084540.2
OG0000713	2	NP_609804.1	6183.Smp_074500.2
OG0000714	2	NP_476691.1	6183.Smp_070930.1
OG0000715	2	NP_524115.1	6183.Smp_025800.1
OG0000716	2	NP_524328.1	6183.Smp_067890.1
OG0000717	2	NP_524002.1	6183.Smp_055050.1
OG0000718	2	NP_609792.1	6183.Smp_172110.1
OG0000719	2	NP_524080.1	6183.Smp_058790.1
OG0000720	2	NP_525047.1	6183.Smp_176990.1
OG0000721	2	NP_609490.1	6183.Smp_164540.1
OG0000722	2	NP_476706.1	6183.Smp_130680.1
OG0000723	2	NP_523706.1	6183.Smp_153760.2
OG0000724	2	NP_476708.1	6183.Smp_140690.1
OG0000725	2	NP_523565.2	6183.Smp_199070.1
OG0000726	2	NP_609609.1	6183.Smp_190140.1
OG0000727	2	NP_476801.1	6183.Smp_004310.1
OG0000728	2	NP_524546.2	6183.Smp_096760.1
OG0000729	2	NP_611262.1	6183.Smp_145320.1
OG0000730	2	NP_476590.1	6183.Smp_001040.1
OG0000731	2	NP_525053.1	6183.Smp_173450.1
OG0000732	2	NP_524532.2	6183.Smp_159790.1
OG0000733	2	NP_611759.1	6183.Smp_002280.1
OG0000734	2	NP_477025.1	6183.Smp_128200.2
OG0000735	2	NP_609067.2	6183.Smp_136330.1
OG0000736	2	NP_572953.1	6183.Smp_123750.1
OG0000737	2	NP_511124.1	6183.Smp_156670.1
OG0000738	2	NP_523743.1	6183.Smp_129500.1
OG0000739	2	NP_524354.1	6183.Smp_212260.1
OG0000740	2	NP_608501.1	6183.Smp_025100.1
OG0000741	2	NP_524984.1	6183.Smp_046750.1
OG0000742	2	NP_477294.2	6183.Smp_000600.1
OG0000743	2	NP_523922.1	6183.Smp_030320.1
OG0000744	2	NP_524430.1	6183.Smp_099930.1
OG0000745	2	NP_572778.1	6183.Smp_104870.1
OG0000746	2	NP_525090.1	6183.Smp_063640.1
OG0000747	2	NP_523783.1	6183.Smp_167150.1
OG0000748	2	NP_477395.1	6183.Smp_142910.1
OG0000749	2	NP_477160.1	6183.Smp_129340.1
OG0000750	2	NP_611854.1	6183.Smp_132020.1
OG0000751	2	NP_610414.1	6183.Smp_212490.1
OG0000752	2	NP_569993.1	6183.Smp_045070.1
OG0000753	2	NP_477509.1	6183.Smp_050160.1
OG0000754	2	NP_611884.1	6183.Smp_039640.2
OG0000755	2	NP_609782.2	6183.Smp_049890.1
OG0000756	2	NP_610613.1	6183.Smp_152220.1
OG0000757	2	NP_572424.1	6183.Smp_013790.1
OG0000758	2	NP_536783.1	6183.Smp_033710.1
OG0000759	2	NP_612028.4	6183.Smp_020200.1
OG0000760	2	NP_476927.1	6183.Smp_123410.2
OG0000761	2	NP_524220.1	6183.Smp_172030.1
OG0000762	2	NP_523434.2	6183.Smp_095920.1
OG0000763	2	NP_611467.1	6183.Smp_131360.1
OG0000764	2	NP_476833.1	6183.Smp_210260.1
OG0000765	2	NP_524070.2	6183.Smp_129130.1
OG0000766	2	NP_608948.2	6183.Smp_008545.1
OG0000767	2	NP_523707.1	6183.Smp_063420.1
OG0000768	2	NP_573066.1	6183.Smp_004990.1
OG0000769	2	NP_524894.1	6183.Smp_150160.1
OG0000770	2	NP_610527.1	6183.Smp_141360.1
OG0000771	2	NP_524803.1	6183.Smp_030710.1
OG0000772	2	NP_511061.1	6183.Smp_023150.1
OG0000773	2	NP_524946.1	6183.Smp_090860.1
OG0000774	2	NP_611553.1	6183.Smp_173650.1
OG0000775	2	NP_477197.1	6183.Smp_041760.1
OG0000776	2	NP_523719.1	6183.Smp_008830.1
OG0000777	2	NP_536746.1	6183.Smp_158050.1
OG0000778	2	NP_476661.1	6183.Smp_194820.1
OG0000779	2	NP_477098.1	6183.Smp_072140.1
OG0000780	2	NP_477054.1	6183.Smp_050940.1
OG0000781	2	NP_476938.1	6183.Smp_096750.1
OG0000782	2	NP_524640.3	6183.Smp_017010.4
OG0000783	2	NP_524781.1	6183.Smp_105320.1
OG0000784	2	NP_524884.1	6183.Smp_053830.1
OG0000785	2	NP_524382.1	6183.Smp_129420.1
OG0000786	2	NP_572438.1	6183.Smp_145350.1
OG0000787	2	NP_608833.1	6183.Smp_082820.1
OG0000788	2	NP_477137.1	6183.Smp_055920.1
OG0000789	2	NP_476978.1	6183.Smp_103710.1
OG0000790	2	NP_524840.2	6183.Smp_041600.1
OG0000791	2	NP_524022.1	6183.Smp_199450.1
OG0000792	2	NP_570087.1	6183.Smp_136240.6
OG0000793	2	NP_476735.1	6183.Smp_176200.2
OG0000794	2	NP_525068.1	6183.Smp_153770.1
OG0000795	2	NP_477371.1	6183.Smp_063090.1
OG0000796	2	NP_477259.1	6183.Smp_005180.1
OG0000797	2	NP_524752.1	6183.Smp_073500.2
OG0000798	2	NP_611584.1	6183.Smp_176630.1
OG0000799	2	NP_611302.1	6183.Smp_169280.1
OG0000800	2	NP_610798.1	6183.Smp_058360.1
OG0000801	2	NP_477121.1	6183.Smp_054840.1
OG0000802	2	NP_477185.1	6183.Smp_172530.1
OG0000803	2	NP_511065.1	6183.Smp_094140.1
OG0000805	2	NP_573242.2	6183.Smp_175710.1
OG0000806	2	NP_523402.4	6183.Smp_174610.1
OG0000807	2	NP_476949.2	6183.Smp_124010.1
OG0000808	2	NP_477330.1	6183.Smp_091160.1
OG0000809	2	NP_476775.1	6183.Smp_142560.1
OG0000810	2	NP_523621.2	6183.Smp_079260.1
OG0000811	2	NP_608978.2	6183.Smp_011990.1
OG0000812	2	NP_476713.1	6183.Smp_161140.1
OG0000813	2	NP_611607.2	6183.Smp_155040.1
OG0000814	2	NP_611715.3	6183.Smp_105340.1
OG0000815	2	NP_477116.1	6183.Smp_194700.1
OG0000816	2	NP_609933.1	6183.Smp_171440.1
OG0000817	2	NP_609735.1	6183.Smp_069840.1
OG0000818	2	NP_611005.1	6183.Smp_129770.1
OG0000819	2	NP_610491.4	6183.Smp_148400.1
OG0000820	2	NP_611295.1	6183.Smp_093220.1
OG0000821	2	NP_569992.1	6183.Smp_127700.1
OG0000822	2	NP_608460.1	6183.Smp_120380.1
OG0000823	2	NP_609776.1	6183.Smp_160330.1
OG0000824	2	NP_573331.1	6183.Smp_048310.1
OG0000825	2	NP_608823.2	6183.Smp_212560.1
OG0000826	2	NP_611353.1	6183.Smp_040500.1
OG0000827	2	NP_572758.1	6183.Smp_068120.1
OG0000828	2	NP_477354.1	6183.Smp_064860.1
OG0000829	2	NP_525106.2	6183.Smp_155480.1
OG0000830	2	NP_611176.1	6183.Smp_169030.1
OG0000831	2	NP_609948.1	6183.Smp_041450.1
OG0000832	2	NP_476609.1	6183.Smp_053510.1
OG0000833	2	NP_609118.1	6183.Smp_212190.1
OG0000834	2	NP_476605.1	6183.Smp_103540.2
OG0000835	2	NP_569729.1	6183.Smp_159670.1
OG0000836	2	NP_524271.2	6183.Smp_136260.2
OG0000837	2	NP_524681.1	6183.Smp_179800.1
OG0000838	2	NP_476749.1	6183.Smp_135360.1
OG0000839	2	NP_511098.1	6183.Smp_026510.1
OG0000840	2	NP_477313.1	6183.Smp_142990.1
OG0000841	2	NP_569972.1	6183.Smp_057360.1
OG0000842	2	NP_524679.3	6183.Smp_163420.1
OG0000843	2	NP_572415.1	6183.Smp_097940.1
OG0000844	2	NP_477499.1	6183.Smp_132260.1
OG0000845	2	NP_511129.3	6183.Smp_098840.1
OG0000846	2	NP_524769.1	6183.Smp_053560.1
OG0000847	2	NP_477218.1	6183.Smp_171370.1
OG0000848	2	NP_476977.1	6183.Smp_152330.1
OG0000849	2	NP_609665.2	6183.Smp_114090.1
OG0000850	2	NP_524675.1	6183.Smp_180530.1
OG0000851	2	NP_476575.1	6183.Smp_068270.4
OG0000852	2	NP_476592.1	6183.Smp_171580.1
OG0000854	2	NP_523478.1	6183.Smp_006000.1
OG0000855	2	NP_611597.1	6183.Smp_060170.1
OG0000856	2	NP_611270.1	6183.Smp_135120.1
OG0000857	2	NP_524464.1	6183.Smp_042270.2
OG0000858	2	NP_523355.2	6183.Smp_153660.1
OG0000859	2	NP_525108.2	6183.Smp_056970.1
OG0000860	2	NP_511044.1	6183.Smp_150040.2
OG0000861	2	NP_477080.1	6183.Smp_073340.1
OG0000862	2	NP_523674.1	6183.Smp_103950.1
OG0000863	2	NP_523564.1	6183.Smp_141230.1
OG0000864	2	NP_524918.1	6183.Smp_099030.1
OG0000865	2	NP_612010.1	6183.Smp_068960.2
OG0000866	2	NP_477367.1	6183.Smp_200410.1
OG0000867	2	NP_572788.2	6183.Smp_043150.1
OG0000868	2	NP_511052.1	6183.Smp_183710.1
OG0000869	2	NP_608338.1	6183.Smp_093230.1
OG0000870	2	NP_523968.1	6183.Smp_210740.1
OG0000871	2	NP_611209.1	6183.Smp_063040.1
OG0000872	2	NP_511165.1	6183.Smp_135570.1
OG0000873	2	NP_476570.1	6183.Smp_091460.1
OG0000874	2	NP_610641.1	6183.Smp_150560.1
OG0000875	2	NP_609720.1	6183.Smp_138920.1
OG0000876	2	NP_476863.1	6183.Smp_176360.1
OG0000877	2	NP_572404.1	6183.Smp_087980.1
OG0000878	2	NP_524453.1	6183.Smp_169750.1
OG0000879	2	NP_609505.1	6183.Smp_137910.1
OG0000880	2	NP_477380.1	6183.Smp_070710.1
OG0000881	2	NP_609605.1	6183.Smp_035200.4
OG0000882	2	NP_608525.1	6183.Smp_141080.1
OG0000883	2	NP_573044.1	6183.Smp_136910.1
OG0000884	2	NP_572686.1	6183.Smp_072340.1
OG0000885	2	NP_608447.1	6183.Smp_119310.1
OG0000886	2	NP_477473.1	6183.Smp_012470.1
OG0000887	2	NP_477369.1	6183.Smp_018240.3
OG0000889	2	NP_573258.1	6183.Smp_025510.1
OG0000890	2	NP_609358.1	6183.Smp_083120.1
OG0000891	2	NP_572639.2	6183.Smp_000680.1
OG0000892	2	NP_611832.1	6183.Smp_098920.1
OG0000893	2	NP_523360.1	6183.Smp_126030.1
OG0000894	2	NP_476733.1	6183.Smp_210120.1
OG0000895	2	NP_573362.1	6183.Smp_033260.2
OG0000896	2	NP_523931.1	6183.Smp_059540.1
OG0000897	2	NP_524887.2	6183.Smp_095910.1
OG0000898	2	NP_477215.1	6183.Smp_068170.1
OG0000899	2	NP_476687.1	6183.Smp_139930.1
OG0000900	2	NP_477131.1	6183.Smp_035390.1
OG0000901	2	NP_609013.1	6183.Smp_198990.1
OG0000902	2	NP_476848.1	6183.Smp_088250.1
OG0000903	2	NP_525122.1	6183.Smp_120080.2
OG0000904	2	NP_523420.1	6183.Smp_138840.1
OG0000905	2	NP_524054.1	6183.Smp_148320.1
OG0000906	2	NP_523582.4	6183.Smp_176270.1
OG0000907	2	NP_524211.1	6183.Smp_009690.1
OG0000908	2	NP_610554.1	6183.Smp_134420.1
OG0000909	2	NP_608729.1	6183.Smp_147930.1
OG0000910	2	NP_573076.1	6183.Smp_026260.1
OG0000911	2	NP_523473.2	6183.Smp_102840.1
OG0000913	2	NP_569980.1	6183.Smp_039670.1
OG0000914	2	NP_611539.1	6183.Smp_118830.1
OG0000915	2	NP_609388.1	6183.Smp_210400.1
OG0000916	2	NP_524825.1	6183.Smp_134690.1
OG0000917	2	NP_524185.1	6183.Smp_021080.1
OG0000918	2	NP_524274.1	6183.Smp_121800.1
OG0000919	2	NP_572423.1	6183.Smp_047450.1
OG0000920	2	NP_569863.1	6183.Smp_035300.2
OG0000921	2	NP_523366.2	6183.Smp_040130.1
OG0000922	2	NP_608395.6	6183.Smp_151740.1
OG0000923	2	NP_609736.1	6183.Smp_149540.1
OG0000924	2	NP_476925.1	6183.Smp_056440.1
OG0000925	2	NP_476874.1	6183.Smp_013470.2
OG0000926	2	NP_611695.1	6183.Smp_040790.1
OG0000927	2	NP_523874.1	6183.Smp_029900.1
OG0000928	2	NP_611113.1	6183.Smp_021160.1
OG0000929	2	NP_524819.1	6183.Smp_012750.1
OG0000930	2	NP_523369.2	6183.Smp_162340.1
OG0000931	2	NP_524891.1	6183.Smp_122910.1
OG0000932	2	NP_610503.1	6183.Smp_050280.1
OG0000933	2	NP_611136.1	6183.Smp_130850.1
OG0000934	2	NP_524421.1	6183.Smp_066990.1
OG0000935	2	NP_523813.1	6183.Smp_007900.1
OG0000936	2	NP_570014.3	6183.Smp_150660.1
OG0000937	2	NP_609641.1	6183.Smp_006550.1
OG0000938	2	NP_611838.1	6183.Smp_065190.2
OG0000939	2	NP_611429.1	6183.Smp_004170.1
OG0000940	2	NP_610746.1	6183.Smp_164430.1
OG0000941	2	NP_477475.2	6183.Smp_198180.1
OG0000942	2	NP_523832.2	6183.Smp_172150.1
OG0000943	2	NP_476641.1	6183.Smp_035030.1
OG0000944	2	NP_610928.1	6183.Smp_157510.1
OG0000945	2	NP_609946.1	6183.Smp_027970.1
OG0000946	2	NP_610269.1	6183.Smp_087270.1
OG0000947	2	NP_476591.1	6183.Smp_123500.1
OG0000948	2	NP_573057.1	6183.Smp_040540.1
OG0000949	2	NP_610761.2	6183.Smp_101280.1
OG0000950	2	NP_609675.2	6183.Smp_135280.1
OG0000951	2	NP_610995.1	6183.Smp_171710.1
OG0000952	2	NP_476753.1	6183.Smp_123180.1
OG0000953	2	NP_612098.2	6183.Smp_142890.1
OG0000954	2	NP_611896.1	6183.Smp_130650.1
OG0000955	2	NP_524929.1	6183.Smp_120360.1
OG0000956	2	NP_524333.1	6183.Smp_155500.1
OG0000957	2	NP_610266.1	6183.Smp_097110.1
OG0000958	2	NP_610331.1	6183.Smp_132170.1
OG0000959	2	NP_524061.1	6183.Smp_149200.1
OG0000960	2	NP_477042.1	6183.Smp_154420.1
OG0000961	2	NP_476867.1	6183.Smp_123640.1
OG0000962	2	NP_608782.1	6183.Smp_147230.1
OG0000963	2	NP_523915.1	6183.Smp_140530.1
OG0000964	2	NP_476618.1	6183.Smp_148790.1
OG0000965	2	NP_611965.2	6183.Smp_171650.1
OG0000966	2	NP_477353.1	6183.Smp_086690.1
OG0000967	2	NP_524372.1	6183.Smp_024900.1
OG0000968	2	NP_477231.1	6183.Smp_172060.1
OG0000969	2	NP_476962.1	6183.Smp_118100.1
OG0000970	2	NP_477431.1	6183.Smp_165220.1
OG0000971	2	NP_477230.1	6183.Smp_079390.1
OG0000972	2	NP_477381.1	6183.Smp_045060.1
OG0000973	2	NP_608565.1	6183.Smp_148720.1
OG0000974	2	NP_477156.1	6183.Smp_037380.1
OG0000976	2	NP_611922.1	6183.Smp_065110.1
OG0000977	2	NP_523415.1	6183.Smp_034870.1
OG0000978	2	NP_572527.2	6183.Smp_092530.2
OG0000979	2	NP_609847.1	6183.Smp_148540.1
OG0000980	2	NP_523548.1	6183.Smp_128060.1
OG0000981	2	NP_611242.1	6183.Smp_000480.1
OG0000982	2	NP_524608.1	6183.Smp_092770.1
OG0000984	2	NP_476819.2	6183.Smp_074020.1
OG0000985	2	NP_477127.1	6183.Smp_068300.1
OG0000986	2	NP_523736.1	6183.Smp_165700.2
OG0000987	2	NP_476967.1	6183.Smp_007660.1
OG0000988	2	NP_572535.1	6183.Smp_093700.1
OG0000989	2	NP_477247.1	6183.Smp_131220.1
OG0000990	2	NP_610786.2	6183.Smp_005080.1
OG0000991	2	NP_609368.3	6183.Smp_034000.1
OG0000992	2	NP_569898.1	6183.Smp_101300.1
OG0000993	2	NP_611966.3	6183.Smp_150850.2
OG0000994	2	NP_524320.1	6183.Smp_211170.1
OG0000995	2	NP_477158.1	6183.Smp_030760.1
OG0000996	2	NP_511140.1	6183.Smp_067810.1
OG0000997	2	NP_610733.1	6183.Smp_141380.1
OG0000998	2	NP_524941.3	6183.Smp_180400.1
OG0000999	2	NP_477397.1	6183.Smp_070690.1
OG0001000	2	NP_611460.1	6183.Smp_005390.2
OG0001001	2	NP_523396.1	6183.Smp_151030.1
OG0001003	2	NP_610453.1	6183.Smp_085150.1
OG0001004	2	NP_611947.2	6183.Smp_098370.2
OG0001005	2	NP_477496.1	6183.Smp_038080.1
OG0001006	2	NP_610175.2	6183.Smp_176440.1
OG0001007	2	NP_523486.1	6183.Smp_019170.1
OG0001008	2	NP_608424.1	6183.Smp_125070.2
OG0001009	2	NP_609566.1	6183.Smp_165900.1
OG0001010	2	NP_611127.1	6183.Smp_134440.2
OG0001012	2	NP_610921.1	6183.Smp_054610.1
OG0001013	2	NP_610427.2	6183.Smp_130800.1
OG0001014	2	NP_524150.1	6183.Smp_170080.1
OG0001016	2	NP_524425.2	6183.Smp_099850.3
OG0001017	2	NP_476841.1	6183.Smp_051320.1
OG0001018	2	NP_609671.1	6183.Smp_039080.1
OG0001019	2	NP_523410.1	6183.Smp_069670.1
OG0001020	2	NP_477449.1	6183.Smp_094130.1
OG0001021	2	NP_611070.1	6183.Smp_038340.1
OG0001022	2	NP_610544.1	6183.Smp_169610.1
OG0001023	2	NP_524613.1	6183.Smp_140790.1
OG0001024	2	NP_524597.1	6183.Smp_000260.1
OG0001025	2	NP_572868.3	6183.Smp_191310.1
OG0001026	2	NP_573017.2	6183.Smp_138770.1
OG0001027	2	NP_476908.1	6183.Smp_029390.1
OG0001028	2	NP_609595.1	6183.Smp_147050.1
OG0001029	2	NP_476880.1	6183.Smp_173810.1
OG0001030	2	NP_476614.1	6183.Smp_079380.1
OG0001031	2	NP_477281.1	6183.Smp_045260.1
OG0001032	2	NP_477388.1	6183.Smp_084610.1
OG0001033	2	NP_611080.1	6183.Smp_077540.1
OG0001034	2	NP_608891.1	6183.Smp_131520.1
OG0001035	2	NP_524688.1	6183.Smp_133880.1
OG0001036	2	NP_476676.1	6183.Smp_018890.1
OG0001037	2	NP_612044.1	6183.Smp_070780.1
OG0001038	2	NP_608888.2	6183.Smp_153490.1
OG0001039	2	NP_523842.2	6183.Smp_192110.1
OG0001040	2	NP_524264.1	6183.Smp_090120.1
OG0001041	2	NP_524427.1	6183.Smp_050540.1
OG0001042	2	NP_572662.1	6183.Smp_140610.1
OG0001043	2	NP_609382.1	6183.Smp_057930.1
OG0001044	2	NP_511055.1	6183.Smp_179560.1
OG0001045	2	NP_524711.1	6183.Smp_198690.1
OG0001047	2	NP_609400.1	6183.Smp_063260.1
OG0001048	2	NP_523357.2	6183.Smp_174640.1
OG0001049	2	NP_611086.1	6183.Smp_049150.1
OG0001050	2	NP_476940.1	6183.Smp_168800.2
OG0001051	2	NP_610349.1	6183.Smp_141570.1
OG0001052	2	NP_572928.1	6183.Smp_137920.1
OG0001053	2	NP_523943.1	6183.Smp_076530.1
OG0001054	2	NP_608985.1	6183.Smp_024240.1
OG0001055	2	NP_611734.1	6183.Smp_104720.1
OG0001056	2	NP_524583.1	6183.Smp_124230.1
OG0001057	2	NP_477224.1	6183.Smp_078730.1
OG0001058	2	NP_524661.1	6183.Smp_144030.1
OG0001059	2	NP_524126.1	6183.Smp_178490.1
OG0001060	2	NP_572352.1	6183.Smp_012720.1
OG0001061	2	NP_477265.1	6183.Smp_193750.1
OG0001062	2	NP_610001.1	6183.Smp_097370.1
OG0001063	2	NP_611051.2	6183.Smp_048240.1
OG0001064	2	NP_477474.1	6183.Smp_061650.1
OG0001065	2	NP_523517.1	6183.Smp_020050.1
OG0001066	2	NP_570020.1	6183.Smp_014620.1
OG0001067	2	NP_611790.1	6183.Smp_166550.1
OG0001068	2	NP_609049.1	6183.Smp_173820.1
OG0001069	2	NP_609741.3	6183.Smp_176100.1
OG0001070	2	NP_536733.1	6183.Smp_173180.2
OG0001071	2	NP_609218.1	6183.Smp_191360.1
OG0001072	2	NP_477444.1	6183.Smp_085640.1
OG0001073	2	NP_611753.4	6183.Smp_025550.1
OG0001074	2	NP_477128.1	6183.Smp_023530.1
OG0001075	2	NP_608334.3	6183.Smp_000150.1
OG0001076	2	NP_609731.1	6183.Smp_160030.1
OG0001077	2	NP_477303.1	6183.Smp_180380.1
OG0001078	2	NP_524777.1	6183.Smp_162280.1
OG0001079	2	NP_477159.1	6183.Smp_161220.1
OG0001080	2	NP_608885.1	6183.Smp_004640.1
OG0001081	2	NP_477419.1	6183.Smp_099170.1
OG0001082	2	NP_476596.1	6183.Smp_134400.1
OG0001083	2	NP_610719.1	6183.Smp_175490.1
OG0001084	2	NP_569872.1	6183.Smp_072790.1
OG0001085	2	NP_572920.1	6183.Smp_141610.1
OG0001086	2	NP_609533.1	6183.Smp_075470.1
OG0001087	2	NP_477442.1	6183.Smp_131660.1
OG0001088	2	NP_525107.1	6183.Smp_144140.1
OG0001089	2	NP_524117.1	6183.Smp_007170.1
OG0001090	2	NP_609920.1	6183.Smp_210320.1
OG0001091	2	NP_524389.1	6183.Smp_172390.1
OG0001093	2	NP_524180.1	6183.Smp_060950.1
OG0001094	2	NP_573039.1	6183.Smp_173480.1
OG0001095	2	NP_523817.1	6183.Smp_044280.1
OG0001096	2	NP_476888.1	6183.Smp_063650.4
OG0001097	2	NP_610808.1	6183.Smp_136400.1
OG0001098	2	NP_524939.1	6183.Smp_124320.1
OG0001099	2	NP_524618.1	6183.Smp_073880.1
OG0001100	2	NP_476905.1	6183.Smp_046500.2
OG0001101	2	NP_524075.2	6183.Smp_163830.1
OG0001102	2	NP_610315.1	6183.Smp_141330.1
OG0001103	2	NP_610753.1	6183.Smp_103200.1
OG0001104	2	NP_572776.1	6183.Smp_036920.1
OG0001105	2	NP_536756.1	6183.Smp_058140.2
OG0001106	2	NP_524237.1	6183.Smp_085520.1
OG0001107	2	NP_612053.1	6183.Smp_068480.1
OG0001108	2	NP_524829.1	6183.Smp_001500.1
OG0001109	2	NP_524748.2	6183.Smp_061870.1
OG0001110	2	NP_609519.1	6183.Smp_172050.1
OG0001111	2	NP_611187.1	6183.Smp_024930.1
OG0001112	2	NP_609299.1	6183.Smp_187430.1
OG0001113	2	NP_573097.1	6183.Smp_092490.1
OG0001114	2	NP_572754.1	6183.Smp_154960.1
OG0001115	2	NP_476631.1	6183.Smp_171570.1
OG0001116	2	NP_524284.1	6183.Smp_138670.1
OG0001117	2	NP_570085.1	6183.Smp_157560.1
OG0001118	2	NP_523476.1	6183.Smp_035410.1
OG0001119	2	NP_523379.2	6183.Smp_211140.1
OG0001120	2	NP_524742.1	6183.Smp_066740.1
OG0001121	2	NP_524273.1	6183.Smp_034500.1
OG0001123	2	NP_572579.3	6183.Smp_066930.1
OG0001124	2	NP_524349.1	6183.Smp_012200.1
OG0001126	2	NP_610826.1	6183.Smp_157270.1
OG0001128	2	NP_609649.1	6183.Smp_001830.1
OG0001129	2	NP_609580.1	6183.Smp_088390.1
OG0001130	2	NP_610144.1	6183.Smp_022560.2
OG0001131	2	NP_477271.1	6183.Smp_128150.1
OG0001132	2	NP_609222.1	6183.Smp_020770.1
OG0001133	2	NP_610939.2	6183.Smp_074470.1
OG0001134	2	NP_525050.1	6183.Smp_095590.1
OG0001135	2	NP_611685.1	6183.Smp_119920.1
OG0001136	2	NP_524709.1	6183.Smp_076740.1
OG0001137	2	NP_524519.1	6183.Smp_210630.1
OG0001138	2	NP_572610.1	6183.Smp_082120.1
OG0001139	2	NP_476630.1	6183.Smp_041980.1
OG0001140	2	NP_524662.1	6183.Smp_175210.1
OG0001141	2	NP_524315.2	6183.Smp_017450.1
OG0001142	2	NP_523595.1	6183.Smp_031310.1
OG0001143	2	NP_477411.1	6183.Smp_045510.1
OG0001144	2	NP_477437.1	6183.Smp_054220.1
OG0001145	2	NP_476986.1	6183.Smp_162000.1
OG0001146	2	NP_573139.1	6183.Smp_038680.1
OG0001147	2	NP_609807.1	6183.Smp_210830.1
OG0001148	2	NP_610735.1	6183.Smp_140890.1
OG0001149	2	NP_477150.1	6183.Smp_166580.1
OG0001150	2	NP_608361.3	6183.Smp_138200.1
OG0001151	2	NP_477374.1	6183.Smp_150890.1
OG0001152	2	NP_523399.1	6183.Smp_130600.1
OG0001153	2	NP_524023.1	6183.Smp_196510.1
OG0001154	2	NP_477436.1	6183.Smp_142510.2
OG0001155	2	NP_611556.2	6183.Smp_186740.1
OG0001156	2	NP_609389.1	6183.Smp_170510.1
OG0001157	2	NP_609148.1	6183.Smp_168890.1
OG0001158	2	NP_609477.1	6183.Smp_078050.1
OG0001159	2	NP_611592.2	6183.Smp_130180.1
OG0001160	2	NP_524006.1	6183.Smp_163810.1
OG0001161	2	NP_611095.1	6183.Smp_161480.1
OG0001162	2	NP_572328.1	6183.Smp_181120.1
OG0001163	2	NP_609186.1	6183.Smp_052640.1
OG0001164	2	NP_610229.1	6183.Smp_105710.1
OG0001165	2	NP_524444.3	6183.Smp_059150.1
OG0001166	2	NP_609459.1	6183.Smp_097830.1
OG0001167	2	NP_610943.2	6183.Smp_021300.1
OG0001168	2	NP_572220.1	6183.Smp_074200.2
OG0001169	2	NP_608996.1	6183.Smp_160770.1
OG0001170	2	NP_611735.1	6183.Smp_133740.1
OG0001171	2	NP_477287.1	6183.Smp_169330.1
OG0001172	2	NP_609364.1	6183.Smp_095470.1
OG0001173	2	NP_476712.1	6183.Smp_166310.1
OG0001174	2	NP_572812.3	6183.Smp_123060.1
OG0001175	2	NP_477118.1	6183.Smp_148230.1
OG0001176	2	NP_609486.2	6183.Smp_130750.1
OG0001177	2	NP_524214.1	6183.Smp_001390.1
OG0001178	2	NP_476981.1	6183.Smp_068720.1
OG0001179	2	NP_524909.1	6183.Smp_133990.2
OG0001180	2	NP_608648.1	6183.Smp_153590.1
OG0001181	2	NP_569917.1	6183.Smp_036370.1
OG0001182	2	NP_610551.1	6183.Smp_143730.1
OG0001183	2	NP_612062.1	6183.Smp_175660.1
OG0001184	2	NP_609446.1	6183.Smp_001090.1
OG0001185	2	NP_523568.2	6183.Smp_038940.1
OG0001186	2	NP_477022.1	6183.Smp_009550.1
OG0001187	2	NP_572819.4	6183.Smp_154400.1
OG0001188	2	NP_608664.2	6183.Smp_156880.1
OG0001189	2	NP_610531.1	6183.Smp_128740.1
OG0001190	2	NP_524780.1	6183.Smp_133710.1
OG0001191	2	NP_611692.1	6183.Smp_082560.1
OG0001192	2	NP_608489.2	6183.Smp_211000.1
OG0001193	2	NP_523409.1	6183.Smp_125530.1
OG0001194	2	NP_523613.4	6183.Smp_135480.1
OG0001195	2	NP_609643.2	6183.Smp_052800.1
OG0001196	2	NP_477310.2	6183.Smp_162630.1
OG0001197	2	NP_610913.1	6183.Smp_211070.1
OG0001198	2	NP_477368.1	6183.Smp_142770.1
OG0001199	2	NP_609896.1	6183.Smp_029160.1
OG0001201	2	NP_609597.1	6183.Smp_030780.1
OG0001202	2	NP_476643.1	6183.Smp_086330.1
OG0001203	2	NP_610891.1	6183.Smp_166240.1
OG0001204	2	NP_523429.1	6183.Smp_098450.1
OG0001205	2	NP_477000.1	6183.Smp_049760.1
OG0001206	2	NP_611121.1	6183.Smp_046680.1
OG0001207	2	NP_477321.2	6183.Smp_142180.1
OG0001208	2	NP_610333.1	6183.Smp_094050.2
OG0001209	2	NP_477174.1	6183.Smp_173060.1
OG0001210	2	NP_610999.4	6183.Smp_084870.1
OG0001211	2	NP_608708.2	6183.Smp_164410.1
OG0001213	2	NP_610730.1	6183.Smp_000700.1
OG0001214	2	NP_610284.1	6183.Smp_060010.1
OG0001215	2	NP_610183.1	6183.Smp_075220.1
OG0001216	2	NP_524739.1	6183.Smp_057530.1
OG0001217	2	NP_524905.1	6183.Smp_159750.1
OG0001218	2	NP_610359.2	6183.Smp_147940.2
OG0001219	2	NP_572664.1	6183.Smp_167960.1
OG0001220	2	NP_611332.1	6183.Smp_021980.1
OG0001221	2	NP_609870.1	6183.Smp_147870.1
OG0001222	2	NP_609976.1	6183.Smp_088550.1
OG0001223	2	NP_524826.1	6183.Smp_082860.1
OG0001224	2	NP_609750.1	6183.Smp_024970.1
OG0001225	2	NP_570069.1	6183.Smp_017640.1
OG0001226	2	NP_611433.3	6183.Smp_074830.1
OG0001227	2	NP_609685.1	6183.Smp_169530.1
OG0001228	2	NP_611862.1	6183.Smp_152400.1
OG0001229	2	NP_523573.1	6183.Smp_031000.2
OG0001230	2	NP_572929.1	6183.Smp_103100.1
OG0001231	2	NP_523664.1	6183.Smp_172130.1
OG0001232	2	NP_524226.1	6183.Smp_032510.1
OG0001233	2	NP_611114.1	6183.Smp_149960.1
OG0001235	2	NP_524772.2	6183.Smp_082660.1
OG0001236	2	NP_610884.1	6183.Smp_094870.1
OG0001237	2	NP_476861.1	6183.Smp_021550.1
OG0001238	2	NP_477082.1	6183.Smp_149020.1
OG0001239	2	NP_610037.1	6183.Smp_002600.1
OG0001240	2	NP_610573.1	6183.Smp_150840.2
OG0001241	2	NP_524208.1	6183.Smp_132270.1
OG0001242	2	NP_611120.1	6183.Smp_049880.1
OG0001243	2	NP_608503.1	6183.Smp_130480.1
OG0001244	2	NP_611029.3	6183.Smp_207030.1
OG0001245	2	NP_608573.1	6183.Smp_143020.1
OG0001246	2	NP_477448.1	6183.Smp_126520.1
OG0001247	2	NP_620550.1	6183.Smp_064750.1
OG0001248	2	NP_477208.1	6183.Smp_093100.1
OG0001249	2	NP_476865.1	6183.Smp_130450.1
OG0001250	2	NP_611865.1	6183.Smp_144850.1
OG0001251	2	NP_612075.1	6183.Smp_089120.1
OG0001252	2	NP_477454.1	6183.Smp_197180.1
OG0001253	2	NP_610431.1	6183.Smp_078710.1
OG0001254	2	NP_610760.1	6183.Smp_050890.1
OG0001255	2	NP_477320.1	6183.Smp_042210.1
OG0001256	2	NP_570019.1	6183.Smp_008580.1
OG0001257	2	NP_476853.1	6183.Smp_002180.1
OG0001258	2	NP_611354.2	6183.Smp_062720.1
OG0001259	2	NP_572242.1	6183.Smp_078610.1
OG0001260	2	NP_610095.1	6183.Smp_154980.1
OG0001261	2	NP_572488.1	6183.Smp_123130.1
OG0001262	2	NP_477006.1	6183.Smp_067900.1
OG0001263	2	NP_523790.1	6183.Smp_073220.1
OG0001264	2	NP_608871.1	6183.Smp_022140.1
OG0001265	2	NP_524278.1	6183.Smp_020540.2
OG0001266	2	NP_477423.1	6183.Smp_154470.1
OG0001267	2	NP_524494.1	6183.Smp_158600.1
OG0001269	2	NP_602305.2	6183.Smp_159990.1
OG0001270	2	NP_610688.1	6183.Smp_166380.1
OG0001271	2	NP_609185.1	6183.Smp_197190.1
OG0001272	2	NP_524726.1	6183.Smp_051260.1
OG0001273	2	NP_523547.1	6183.Smp_068110.1
OG0001274	2	NP_611228.1	6183.Smp_058460.1
OG0001275	2	NP_569906.1	6183.Smp_002230.1
OG0001276	2	NP_612093.1	6183.Smp_145180.1
OG0001277	2	NP_609711.1	6183.Smp_180370.1
OG0001278	2	NP_536773.1	6183.Smp_211060.1
OG0001279	2	NP_477106.1	6183.Smp_157290.1
OG0001280	2	NP_572950.2	6183.Smp_149450.1
OG0001281	2	NP_609939.1	6183.Smp_026700.1
OG0001282	2	NP_477204.1	6183.Smp_105040.1
OG0001283	2	NP_611851.1	6183.Smp_158840.1
OG0001284	2	NP_611891.1	6183.Smp_054820.1
OG0001285	2	NP_608780.1	6183.Smp_131960.1
OG0001286	2	NP_477030.1	6183.Smp_158680.1
OG0001287	2	NP_569873.1	6183.Smp_151510.1
OG0001288	2	NP_610780.1	6183.Smp_015780.1
OG0001289	2	NP_572952.1	6183.Smp_132720.1
OG0001290	2	NP_609032.1	6183.Smp_043350.1
OG0001291	2	NP_524246.1	6183.Smp_088460.1
OG0001292	2	NP_609844.1	6183.Smp_131400.1
OG0001293	2	NP_572475.1	6183.Smp_020210.1
OG0001294	2	NP_477409.1	6183.Smp_198210.1
OG0001295	2	NP_609935.1	6183.Smp_039490.1
OG0001296	2	NP_611232.1	6183.Smp_087810.1
OG0001297	2	NP_524240.1	6183.Smp_172160.1
OG0001298	2	NP_569959.1	6183.Smp_143170.1
OG0001299	2	NP_523676.1	6183.Smp_043670.2
OG0001300	2	NP_511093.2	6183.Smp_105860.1
OG0001301	2	NP_610343.1	6183.Smp_060180.1
OG0001302	2	NP_523663.1	6183.Smp_022400.1
OG0001303	2	NP_611265.1	6183.Smp_210370.1
OG0001304	2	NP_609285.1	6183.Smp_022960.1
OG0001305	2	NP_610499.2	6183.Smp_008340.1
OG0001306	2	NP_609947.1	6183.Smp_050740.1
OG0001307	2	NP_569880.1	6183.Smp_047610.1
OG0001308	2	NP_609305.1	6183.Smp_055800.1
OG0001309	2	NP_572861.1	6183.Smp_145250.1
OG0001311	2	NP_524365.1	6183.Smp_057230.1
OG0001312	2	NP_609738.1	6183.Smp_123680.1
OG0001313	2	NP_477145.1	6183.Smp_012480.1
OG0001314	2	NP_523765.1	6183.Smp_186980.1
OG0001315	2	NP_572288.1	6183.Smp_210280.1
OG0001316	2	NP_525120.1	6183.Smp_068920.3
OG0001317	2	NP_608835.1	6183.Smp_171630.1
OG0001318	2	NP_608834.1	6183.Smp_085500.1
OG0001319	2	NP_476904.1	6183.Smp_127070.1
OG0001320	2	NP_609330.1	6183.Smp_210640.1
OG0001321	2	NP_477132.1	6183.Smp_052390.1
OG0001322	2	NP_477263.1	6183.Smp_085740.1
OG0001323	2	NP_524161.2	6183.Smp_061300.1
OG0001324	2	NP_524646.5	6183.Smp_012930.1
OG0001325	2	NP_611646.1	6183.Smp_171830.1
OG0001327	2	NP_572355.1	6183.Smp_151520.1
OG0001328	2	NP_477355.1	6183.Smp_093310.1
OG0001329	2	NP_477300.1	6183.Smp_085310.2
OG0001330	2	NP_477307.1	6183.Smp_085110.2
OG0001331	2	NP_569853.1	6183.Smp_062530.1
OG0001332	2	NP_524026.1	6183.Smp_178750.1
OG0001333	2	NP_609237.1	6183.Smp_023660.1
OG0001334	2	NP_609204.2	6183.Smp_055200.1
OG0001335	2	NP_477332.1	6183.Smp_076630.2
OG0001336	2	NP_524429.1	6183.Smp_054640.1
OG0001337	2	NP_611853.2	6183.Smp_072640.1
OG0001338	2	NP_611967.1	6183.Smp_176290.1
OG0001339	2	NP_572480.1	6183.Smp_069220.2
OG0001340	2	NP_477114.1	6183.Smp_003630.1
OG0001341	2	NP_476996.1	6183.Smp_080280.1
OG0001342	2	NP_523430.1	6183.Smp_041060.1
OG0001343	2	NP_477064.1	6183.Smp_060070.1
OG0001344	2	NP_611503.1	6183.Smp_002160.1
OG0001345	2	NP_608987.1	6183.Smp_010710.1
OG0001346	2	NP_524933.1	6183.Smp_071980.1
OG0001347	2	NP_476980.1	6183.Smp_084830.1
OG0001348	2	NP_569847.1	6183.Smp_164200.1
OG0001349	2	NP_477421.1	6183.Smp_024110.1
OG0001350	2	NP_524183.2	6183.Smp_010100.1
OG0001351	2	NP_611929.1	6183.Smp_047440.1
OG0001352	2	NP_608563.1	6183.Smp_039820.1
OG0001353	2	NP_524156.1	6183.Smp_132690.1
OG0001354	2	NP_572532.1	6183.Smp_134010.1
OG0001355	2	NP_610546.1	6183.Smp_173790.1
OG0001356	2	NP_609029.1	6183.Smp_157930.1
OG0001357	2	NP_608347.1	6183.Smp_198940.1
OG0001358	2	NP_477136.1	6183.Smp_084620.1
OG0001359	2	NP_610165.1	6183.Smp_194580.1
OG0001360	2	NP_611175.1	6183.Smp_082620.1
OG0001361	2	NP_609737.1	6183.Smp_073990.1
OG0001362	2	NP_611855.1	6183.Smp_199730.1
OG0001363	2	NP_477068.1	6183.Smp_082990.1
OG0001364	2	NP_524184.1	6183.Smp_153960.1
OG0001365	2	NP_523780.1	6183.Smp_010940.1
OG0001366	2	NP_523869.1	6183.Smp_180390.1
OG0001367	2	NP_511051.1	6183.Smp_194520.1
OG0001368	2	NP_610876.1	6183.Smp_019130.1
OG0001369	2	NP_609837.1	6183.Smp_124840.1
OG0001370	2	NP_610932.1	6183.Smp_029410.1
OG0001371	2	NP_477385.1	6183.Smp_176230.1
OG0001372	2	NP_523585.2	6183.Smp_015070.1
OG0001373	2	NP_609644.1	6183.Smp_066330.3
OG0001374	2	NP_573098.1	6183.Smp_122840.1
OG0001375	2	NP_524043.1	6183.Smp_103460.1
OG0001376	2	NP_609441.1	6183.Smp_128980.1
OG0001377	2	NP_523835.2	6183.Smp_070600.1
OG0001378	2	NP_477373.1	6183.Smp_011120.1
OG0001379	2	NP_523969.1	6183.Smp_121420.1
OG0001380	2	NP_477479.1	6183.Smp_145800.1
OG0001381	2	NP_477283.1	6183.Smp_149430.1
OG0001382	2	NP_572448.1	6183.Smp_101240.1
OG0001383	2	NP_573252.1	6183.Smp_163430.1
OG0001384	2	NP_572682.1	6183.Smp_118820.1
OG0001385	2	NP_611536.1	6183.Smp_084400.2
OG0001386	2	NP_477039.1	6183.Smp_210520.1
OG0001387	2	NP_612023.1	6183.Smp_024360.1
OG0001388	2	NP_573068.3	6183.Smp_172660.1
OG0001389	2	NP_477468.1	6183.Smp_022470.1
OG0001390	2	NP_608393.1	6183.Smp_167590.1
OG0001391	2	NP_610395.1	6183.Smp_001150.1
OG0001392	2	NP_611050.1	6183.Smp_073950.1
OG0001393	2	NP_573063.1	6183.Smp_084860.1
OG0001394	2	NP_572246.1	6183.Smp_131100.1
OG0001395	2	NP_573079.1	6183.Smp_166290.1
OG0001396	2	NP_611842.1	6183.Smp_165960.1
OG0001397	2	NP_476982.1	6183.Smp_002960.1
OG0001398	2	NP_573338.1	6183.Smp_181460.1
OG0001399	2	NP_610501.1	6183.Smp_143740.1
OG0001400	2	NP_477240.1	6183.Smp_115060.1
OG0001401	2	NP_572499.2	6183.Smp_074010.1
OG0001402	2	NP_611656.2	6183.Smp_030220.1
OG0001403	2	NP_524204.1	6183.Smp_000740.2
OG0001404	2	NP_612103.1	6183.Smp_095130.1
OG0001405	2	NP_609475.1	6183.Smp_018030.1
OG0001406	2	NP_573130.1	6183.Smp_093750.2
OG0001407	2	NP_609766.1	6183.Smp_124860.1
OG0001408	2	NP_609586.1	6183.Smp_036010.1
OG0001409	2	NP_569852.1	6183.Smp_028430.1
OG0001410	2	NP_610121.2	6183.Smp_083080.1
OG0001411	2	NP_610922.1	6183.Smp_003940.1
OG0001412	2	NP_608420.1	6183.Smp_001410.1
OG0001413	2	NP_608828.2	6183.Smp_013300.1
OG0001414	2	NP_570080.1	6183.Smp_079950.1
OG0001415	2	NP_608464.1	6183.Smp_181090.1
OG0001416	2	NP_523704.1	6183.Smp_032420.1
OG0001417	2	NP_610562.1	6183.Smp_003270.1
OG0001418	2	NP_572323.1	6183.Smp_136950.1
OG0001419	2	NP_476594.1	6183.Smp_145900.1
OG0001420	2	NP_524687.1	6183.Smp_044580.1
OG0001422	2	NP_609548.1	6183.Smp_173080.1
OG0001423	2	NP_610233.1	6183.Smp_054540.1
OG0001424	2	NP_476725.1	6183.Smp_000650.1
OG0001425	2	NP_610248.4	6183.Smp_000810.2
OG0001426	2	NP_611400.1	6183.Smp_079750.1
OG0001427	2	NP_477101.1	6183.Smp_089640.2
OG0001428	2	NP_572456.1	6183.Smp_010110.1
OG0001429	2	NP_610097.2	6183.Smp_147570.1
OG0001430	2	NP_569965.1	6183.Smp_196910.1
OG0001431	2	NP_572508.1	6183.Smp_050360.1
OG0001432	2	NP_523831.1	6183.Smp_043940.2
OG0001433	2	NP_524298.1	6183.Smp_034120.1
OG0001434	2	NP_610828.2	6183.Smp_105330.1
OG0001435	2	NP_523836.2	6183.Smp_061940.1
OG0001436	2	NP_524312.1	6183.Smp_153160.1
OG0001437	2	NP_524038.1	6183.Smp_071390.1
OG0001438	2	NP_609037.1	6183.Smp_169690.1
OG0001439	2	NP_610783.1	6183.Smp_169640.1
OG0001440	2	NP_523923.1	6183.Smp_079910.1
OG0001441	2	NP_573179.1	6183.Smp_165680.1
OG0001442	2	NP_609596.1	6183.Smp_027080.1
OG0001443	2	NP_477296.1	6183.Smp_007730.1
OG0001444	2	NP_610298.2	6183.Smp_104580.1
OG0001445	2	NP_609443.1	6183.Smp_163460.1
OG0001446	2	NP_524832.3	6183.Smp_164180.1
OG0001448	2	NP_524452.4	6183.Smp_025570.1
OG0001449	2	NP_476813.1	6183.Smp_022990.1
OG0001450	2	NP_611895.1	6183.Smp_097180.1
OG0001451	2	NP_511166.2	6183.Smp_087440.1
OG0001452	2	NP_608938.1	6183.Smp_091850.1
OG0001453	2	NP_570015.1	6183.Smp_070760.1
OG0001454	2	NP_609194.1	6183.Smp_055420.2
OG0001455	2	NP_611097.2	6183.Smp_086960.1
OG0001456	2	NP_524867.2	6183.Smp_083180.2
OG0001457	2	NP_511063.1	6183.Smp_210310.1
OG0001458	2	NP_524032.2	6183.Smp_086760.1
OG0001459	2	NP_477005.1	6183.Smp_186650.1
OG0001460	2	NP_610221.1	6183.Smp_103280.1
OG0001461	2	NP_609534.1	6183.Smp_022700.2
OG0001462	2	NP_573228.1	6183.Smp_069770.1
OG0001463	2	NP_610031.1	6183.Smp_210900.1
OG0001464	2	NP_523598.2	6183.Smp_121790.1
OG0001465	2	NP_611425.1	6183.Smp_055400.1
OG0001466	2	NP_612105.1	6183.Smp_015900.1
OG0001467	2	NP_609402.1	6183.Smp_051090.1
OG0001468	2	NP_610630.1	6183.Smp_126370.1
OG0001469	2	NP_608890.1	6183.Smp_063120.1
OG0001470	2	NP_572217.1	6183.Smp_074070.1
OG0001471	2	NP_608331.1	6183.Smp_048260.2
OG0001472	2	NP_609789.1	6183.Smp_071560.1
OG0001473	2	NP_573176.1	6183.Smp_077070.1
OG0001474	2	NP_610379.2	6183.Smp_212230.1
OG0001475	2	NP_611604.1	6183.Smp_099320.1
OG0001476	2	NP_477161.1	6183.Smp_018990.1
OG0001477	2	NP_524719.1	6183.Smp_042590.1
OG0001478	2	NP_523428.1	6183.Smp_162890.1
OG0001479	2	NP_611839.1	6183.Smp_140290.1
OG0001480	2	NP_569948.3	6183.Smp_133860.1
OG0001481	2	NP_524163.1	6183.Smp_033020.1
OG0001482	2	NP_611878.1	6183.Smp_039400.1
OG0001483	2	NP_608387.1	6183.Smp_073080.2
OG0001484	2	NP_608887.1	6183.Smp_181290.1
OG0001485	2	NP_523870.2	6183.Smp_174980.1
OG0001486	2	NP_608897.1	6183.Smp_103210.1
OG0001487	2	NP_523382.1	6183.Smp_093440.1
OG0001488	2	NP_523537.1	6183.Smp_165830.1
OG0001489	2	NP_523530.1	6183.Smp_022640.1
OG0001490	2	NP_572318.1	6183.Smp_004550.1
OG0001491	2	NP_523805.1	6183.Smp_098950.1
OG0001492	2	NP_476939.1	6183.Smp_073680.1
OG0001493	2	NP_569870.1	6183.Smp_172850.1
OG0001494	2	NP_611078.1	6183.Smp_061310.1
OG0001495	2	NP_476964.1	6183.Smp_074780.1
OG0001496	2	NP_524103.2	6183.Smp_009830.1
OG0001497	2	NP_524355.2	6183.Smp_099300.1
OG0001498	2	NP_572236.3	6183.Smp_084810.1
OG0001499	2	NP_608575.1	6183.Smp_050350.2
OG0001500	2	NP_610818.1	6183.Smp_186560.1
OG0001501	2	NP_523391.3	6183.Smp_166980.1
OG0001502	2	NP_610797.1	6183.Smp_050570.1
OG0001503	2	NP_572346.1	6183.Smp_024850.1
OG0001504	2	NP_611074.1	6183.Smp_070770.1
OG0001505	2	NP_608895.1	6183.Smp_103830.2
OG0001506	2	NP_524402.1	6183.Smp_019750.2
OG0001507	2	NP_609479.1	6183.Smp_079240.1
OG0001508	2	NP_611346.1	6183.Smp_066610.1
OG0001509	2	NP_608693.1	6183.Smp_073720.1
OG0001510	2	NP_611509.1	6183.Smp_064520.1
OG0001511	2	NP_524377.1	6183.Smp_085480.1
OG0001512	2	NP_476636.1	6183.Smp_103470.1
OG0001513	2	NP_524110.1	6183.Smp_140680.1
OG0001514	2	NP_511117.1	6183.Smp_092380.1
OG0001515	2	NP_524910.1	6183.Smp_073570.1
OG0001516	2	NP_572335.1	6183.Smp_070130.1
OG0001517	2	NP_523376.1	6183.Smp_174950.1
OG0001518	2	NP_511094.1	6183.Smp_137190.1
OG0001519	2	NP_609115.1	6183.Smp_032920.2
OG0001520	2	NP_611158.1	6183.Smp_176690.1
OG0001521	2	NP_523737.1	6183.Smp_066480.1
OG0001522	2	NP_523975.1	6183.Smp_175740.2
OG0001523	2	NP_525041.1	6183.Smp_154690.1
OG0001525	2	NP_611693.1	6183.Smp_091640.1
OG0001526	2	NP_609416.1	6183.Smp_086710.1
OG0001527	2	NP_525075.1	6183.Smp_200180.1
OG0001528	2	NP_476969.1	6183.Smp_023160.1
OG0001529	2	NP_477134.1	6183.Smp_085300.1
OG0001530	2	NP_611541.1	6183.Smp_174620.1
OG0001531	2	NP_523828.1	6183.Smp_034430.1
OG0001532	2	NP_523764.1	6183.Smp_029820.1
OG0001533	2	NP_476629.1	6183.Smp_063300.1
OG0001534	2	NP_608909.1	6183.Smp_171900.1
OG0001535	2	NP_524467.1	6183.Smp_071830.1
OG0001536	2	NP_609179.2	6183.Smp_035790.1
OG0001537	2	NP_523794.1	6183.Smp_009320.2
OG0001538	2	NP_572881.1	6183.Smp_123240.1
OG0001539	2	NP_611606.1	6183.Smp_016130.1
OG0001540	2	NP_523708.2	6183.Smp_060910.1
OG0001541	2	NP_476947.1	6183.Smp_158910.1
OG0001542	2	NP_523462.2	6183.Smp_146190.1
OG0001543	2	NP_572713.1	6183.Smp_061560.1
OG0001544	2	NP_524682.1	6183.Smp_064330.1
OG0001545	2	NP_608337.1	6183.Smp_036940.1
OG0001546	2	NP_477203.1	6183.Smp_066940.1
OG0001547	2	NP_524449.1	6183.Smp_180760.1
OG0001548	2	NP_524885.1	6183.Smp_160240.1
OG0001549	2	NP_477318.1	6183.Smp_077980.1
OG0001550	2	NP_477342.1	6183.Smp_154560.1
OG0001551	2	NP_523413.1	6183.Smp_066760.2
OG0001552	2	NP_611827.2	6183.Smp_124500.1
OG0001553	2	NP_477435.1	6183.Smp_180240.1
OG0001554	2	NP_609012.2	6183.Smp_053100.1
OG0001555	2	NP_477190.1	6183.Smp_170340.1
OG0001556	2	NP_511160.2	6183.Smp_123420.1
OG0001558	2	NP_476704.1	6183.Smp_021590.1
OG0001559	2	NP_477225.1	6183.Smp_145300.1
OG0001560	2	NP_476781.1	6183.Smp_097700.1
OG0001561	2	NP_477140.1	6183.Smp_150630.1
OG0001562	2	NP_476932.1	6183.Smp_068780.1
OG0001563	2	NP_524596.1	6183.Smp_155250.1
OG0001564	2	NP_524155.1	6183.Smp_139180.1
OG0001565	2	NP_523380.2	6183.Smp_138430.1
OG0001566	2	NP_523394.1	6183.Smp_130810.1
OG0001567	2	NP_523591.2	6183.Smp_034920.1
OG0001568	2	NP_524541.3	6183.Smp_212280.1
OG0001569	2	NP_610093.1	6183.Smp_160830.1
OG0001570	2	NP_525045.3	6183.Smp_130040.1
OG0001571	2	NP_573238.1	6183.Smp_048550.1
OG0001572	2	NP_476850.1	6183.Smp_166560.1
OG0001573	2	NP_609293.2	6183.Smp_159140.1
OG0001574	2	NP_608352.2	6183.Smp_210410.1
OG0001575	2	NP_609189.2	6183.Smp_161680.1
OG0001576	2	NP_476821.1	6183.Smp_161380.1
OG0001577	2	NP_524404.1	6183.Smp_137020.1
OG0001578	2	NP_524219.1	6183.Smp_130900.1
OG0001579	2	NP_476820.1	6183.Smp_170990.1
OG0001580	2	NP_524177.1	6183.Smp_146060.1
OG0001581	2	NP_525061.2	6183.Smp_134140.1
OG0001583	2	NP_609449.1	6183.Smp_147620.1
OG0001584	2	NP_477017.1	6183.Smp_013060.1
OG0001585	2	NP_524610.1	6183.Smp_033950.2
OG0001586	2	NP_523946.1	6183.Smp_134250.1
OG0001587	2	NP_476721.1	6183.Smp_163090.1
OG0001588	2	NP_523685.2	6183.Smp_146910.1
OG0001589	2	NP_524917.1	6183.Smp_123670.1
OG0001590	2	NP_610256.1	6183.Smp_139230.1
OG0001591	2	NP_476868.1	6183.Smp_145970.1
OG0001592	2	NP_569874.1	6183.Smp_067010.1
OG0001593	2	NP_609606.2	6183.Smp_159100.1
OG0001594	2	NP_611904.1	6183.Smp_133330.1
OG0001595	2	NP_572995.1	6183.Smp_124390.1
OG0001596	2	NP_573174.1	6183.Smp_126200.1
OG0001597	2	NP_608531.1	6183.Smp_102510.1
OG0001598	2	NP_610605.1	6183.Smp_045750.1
OG0001599	2	NP_524535.2	6183.Smp_204720.1
OG0001600	2	NP_523445.1	6183.Smp_128330.1
OG0001601	2	NP_477177.1	6183.Smp_012570.1
OG0001602	2	NP_524428.1	6183.Smp_163870.1
OG0001603	2	NP_476898.1	6183.Smp_007690.1
OG0001604	2	NP_572901.1	6183.Smp_152140.1
OG0001605	2	NP_609080.1	6183.Smp_175980.1
OG0001606	2	NP_524813.2	6183.Smp_194670.1
OG0001607	2	NP_609488.1	6183.Smp_045980.1
OG0001608	2	NP_524776.1	6183.Smp_174580.1
OG0001609	2	NP_612008.1	6183.Smp_159620.1
OG0001610	2	NP_511169.1	6183.Smp_066050.1
OG0001611	2	NP_524466.1	6183.Smp_162780.1
OG0001612	2	NP_610931.1	6183.Smp_065240.1
OG0001613	2	NP_570024.1	6183.Smp_167880.1
OG0001614	2	NP_608934.1	6183.Smp_153460.1
OG0001615	2	NP_524417.1	6183.Smp_029890.1
OG0001616	2	NP_524633.3	6183.Smp_142940.1
OG0001617	2	NP_524445.1	6183.Smp_031710.1
OG0001618	2	NP_608348.1	6183.Smp_167230.1
OG0001619	2	NP_610200.1	6183.Smp_156570.1
OG0001620	2	NP_524309.1	6183.Smp_035020.2
OG0001621	2	NP_524524.1	6183.Smp_078750.1
OG0001622	2	NP_610278.1	6183.Smp_059690.2
OG0001623	2	NP_524537.1	6183.Smp_012410.1
OG0001624	2	NP_608380.1	6183.Smp_033660.1
OG0001625	2	NP_610311.1	6183.Smp_123165.1
OG0001626	2	NP_523592.1	6183.Smp_000620.1
OG0001627	2	NP_610024.1	6183.Smp_210960.1
OG0001628	2	NP_608585.1	6183.Smp_192000.1
OG0001629	2	NP_569981.1	6183.Smp_019900.1
OG0001630	2	NP_611740.1	6183.Smp_088620.1
OG0001631	2	NP_477339.1	6183.Smp_075450.1
OG0001632	2	NP_609075.1	6183.Smp_170430.1
OG0001633	2	NP_523811.1	6183.Smp_210450.1
OG0001634	2	NP_609619.1	6183.Smp_123340.1
OG0001635	2	NP_523893.1	6183.Smp_069910.1
OG0001636	2	NP_477480.1	6183.Smp_137390.1
OG0001637	2	NP_573122.1	6183.Smp_021600.1
OG0001638	2	NP_608932.1	6183.Smp_015800.1
OG0001639	2	NP_524409.2	6183.Smp_124020.1
OG0001640	2	NP_476650.1	6183.Smp_167400.1
OG0001641	2	NP_609957.2	6183.Smp_035500.1
OG0001642	2	NP_572287.1	6183.Smp_000950.1
OG0001643	2	NP_608710.1	6183.Smp_050110.1
OG0001644	2	NP_569977.1	6183.Smp_134370.1
OG0001645	2	NP_610781.1	6183.Smp_141970.1
OG0001646	2	NP_608658.1	6183.Smp_007500.1
OG0001647	2	NP_611846.1	6183.Smp_001940.1
OG0001649	2	NP_609375.1	6183.Smp_097810.1
OG0001650	2	NP_572537.1	6183.Smp_210930.1
OG0001651	2	NP_523490.1	6183.Smp_092810.1
OG0001652	2	NP_610908.1	6183.Smp_059670.1
OG0001653	2	NP_476866.1	6183.Smp_010260.1
OG0001654	2	NP_524378.1	6183.Smp_102960.1
OG0001655	2	NP_524938.1	6183.Smp_207000.1
OG0001656	2	NP_523606.1	6183.Smp_131860.1
OG0001657	2	NP_523990.1	6183.Smp_086210.1
OG0001658	2	NP_477302.1	6183.Smp_022610.1
OG0001659	2	NP_572839.1	6183.Smp_024030.1
OG0001660	2	NP_609246.1	6183.Smp_151190.1
OG0001661	2	NP_524013.1	6183.Smp_046160.1
OG0001662	2	NP_611952.1	6183.Smp_000630.1
OG0001663	2	NP_612081.1	6183.Smp_010620.1
OG0001664	2	NP_610417.1	6183.Smp_130630.1
OG0001665	2	NP_611094.1	6183.Smp_103010.1
OG0001666	2	NP_608613.1	6183.Smp_052710.1
OG0001667	2	NP_608637.1	6183.Smp_194840.1
OG0001668	2	NP_610398.1	6183.Smp_097620.1
OG0001669	2	NP_477360.2	6183.Smp_016670.1
OG0001670	2	NP_610013.1	6183.Smp_128610.1
OG0001671	2	NP_477217.1	6183.Smp_148800.1
OG0001672	2	NP_524606.1	6183.Smp_122490.1
OG0001673	2	NP_477356.1	6183.Smp_143780.1
OG0001674	2	NP_608463.1	6183.Smp_016890.1
OG0001675	2	NP_523889.1	6183.Smp_123170.1
OG0001676	2	NP_572562.1	6183.Smp_136770.1
OG0001677	2	NP_524380.1	6183.Smp_039980.1
OG0001678	2	NP_611334.1	6183.Smp_128300.1
OG0001679	2	NP_523910.1	6183.Smp_030920.1
OG0001680	2	NP_609209.2	6183.Smp_091800.1
OG0001681	2	NP_476684.1	6183.Smp_173050.2
OG0001682	2	NP_524796.1	6183.Smp_198680.1
OG0001683	2	NP_477445.1	6183.Smp_042400.1
OG0001685	2	NP_610397.4	6183.Smp_058380.1
OG0001686	2	NP_611306.1	6183.Smp_138700.2
OG0001687	2	NP_570012.1	6183.Smp_046900.1
OG0001688	2	NP_611206.3	6183.Smp_207070.1
OG0001689	2	NP_511045.1	6183.Smp_069870.1
OG0001690	2	NP_476902.1	6183.Smp_007630.1
OG0001691	2	NP_477014.1	6183.Smp_164650.1
OG0001692	2	NP_477119.1	6183.Smp_139200.1
OG0001693	2	NP_608899.1	6183.Smp_158150.1
OG0001694	2	NP_609176.1	6183.Smp_012800.1
OG0001695	2	NP_524399.1	6183.Smp_141540.1
OG0001696	2	NP_476727.1	6183.Smp_132540.1
OG0001697	2	NP_523440.1	6183.Smp_085780.1
OG0001698	2	NP_608490.1	6183.Smp_157070.1
OG0001699	2	NP_524534.1	6183.Smp_128420.1
OG0001700	2	NP_611583.1	6183.Smp_030030.1
OG0001701	2	NP_523934.1	6183.Smp_132300.1
OG0001702	2	NP_523662.1	6183.Smp_205760.1
OG0001703	2	NP_573314.1	6183.Smp_000890.1
OG0001705	2	NP_476890.1	6183.Smp_133180.2
OG0001707	2	NP_610287.2	6183.Smp_101370.1
OG0001708	2	NP_572649.1	6183.Smp_163880.1
OG0001709	2	NP_573213.1	6183.Smp_064030.1
OG0001710	2	NP_611207.1	6183.Smp_152690.1
OG0001711	2	NP_572495.1	6183.Smp_169140.1
OG0001712	2	NP_524677.1	6183.Smp_146710.1
OG0001713	2	NP_611463.1	6183.Smp_000130.1
OG0001714	2	NP_476953.1	6183.Smp_154600.1
OG0001715	2	NP_609836.1	6183.Smp_040710.1
OG0001716	2	NP_609677.1	6183.Smp_007380.1
OG0001717	2	NP_611217.1	6183.Smp_194100.1
OG0001718	2	NP_573081.1	6183.Smp_133280.1
OG0001719	2	NP_610915.2	6183.Smp_148970.1
OG0001720	2	NP_608497.1	6183.Smp_210390.1
OG0001721	2	NP_511167.1	6183.Smp_212060.1
OG0001722	2	NP_572866.1	6183.Smp_017660.1
OG0001723	2	NP_523489.1	6183.Smp_083540.1
OG0001724	2	NP_524846.1	6183.Smp_038300.1
OG0001725	2	NP_609321.1	6183.Smp_074700.1
OG0001726	2	NP_608328.1	6183.Smp_052500.1
OG0001727	2	NP_609648.1	6183.Smp_133040.1
OG0001728	2	NP_610960.1	6183.Smp_125420.1
OG0001729	2	NP_608365.1	6183.Smp_166660.1
OG0001730	2	NP_569951.1	6183.Smp_059910.3
OG0001731	2	NP_608329.1	6183.Smp_074770.1
OG0001732	2	NP_523620.1	6183.Smp_046930.1
OG0001733	2	NP_609036.1	6183.Smp_074940.1
OG0001734	2	NP_611596.1	6183.Smp_048830.1
OG0001735	2	NP_609765.1	6183.Smp_015730.1
OG0001736	2	NP_524664.1	6183.Smp_053990.1
OG0001737	2	NP_570023.1	6183.Smp_163260.1
OG0001738	2	NP_477347.1	6183.Smp_035310.1
OG0001739	2	NP_608865.2	6183.Smp_123280.1
OG0001740	2	NP_524051.1	6183.Smp_004980.1
OG0001741	2	NP_523925.1	6183.Smp_203610.1
OG0001742	2	NP_572530.1	6183.Smp_154640.1
OG0001743	2	NP_524216.1	6183.Smp_048430.1
OG0001745	2	NP_611022.2	6183.Smp_148060.1
OG0001746	2	NP_524318.1	6183.Smp_175810.1
OG0001747	2	NP_608732.1	6183.Smp_146310.1
OG0001748	2	NP_525073.1	6183.Smp_102490.1
OG0001749	2	NP_524900.1	6183.Smp_153720.1
