Orthogroup	Total	kog_cerevisiae_pos_go	protein_mansoni
OG0000000	113	NP_011428.1	6183.Smp_001085.1, 6183.Smp_004230.1, 6183.Smp_004530.1, 6183.Smp_004540.1, 6183.Smp_015160.1, 6183.Smp_061930.1, 6183.Smp_071210.1, 6183.Smp_072440.1, 6183.Smp_072670.1, 6183.Smp_079720.1, 6183.Smp_081030.1, 6183.Smp_082460.1, 6183.Smp_082500.1, 6183.Smp_091070.1, 6183.Smp_095200.1, 6183.Smp_097670.1, 6183.Smp_097680.1, 6183.Smp_100790.1, 6183.Smp_114740.1, 6183.Smp_122190.1, 6183.Smp_122320.1, 6183.Smp_123400.1, 6183.Smp_123720.1, 6183.Smp_124560.1, 6183.Smp_125830.1, 6183.Smp_126570.1, 6183.Smp_127260.1, 6183.Smp_130150.1, 6183.Smp_130720.1, 6183.Smp_131750.1, 6183.Smp_131920.1, 6183.Smp_132110.1, 6183.Smp_132360.1, 6183.Smp_132960.1, 6183.Smp_133870.1, 6183.Smp_136090.1, 6183.Smp_137290.1, 6183.Smp_138650.1, 6183.Smp_138820.1, 6183.Smp_139340.1, 6183.Smp_139730.1, 6183.Smp_139870.1, 6183.Smp_140280.1, 6183.Smp_141870.1, 6183.Smp_144150.1, 6183.Smp_145340.1, 6183.Smp_147130.1, 6183.Smp_149190.1, 6183.Smp_150000.1, 6183.Smp_151170.1, 6183.Smp_154310.1, 6183.Smp_155660.1, 6183.Smp_155710.1, 6183.Smp_155830.1, 6183.Smp_157030.1, 6183.Smp_159500.1, 6183.Smp_159610.1, 6183.Smp_160720.1, 6183.Smp_160980.1, 6183.Smp_160990.1, 6183.Smp_161690.1, 6183.Smp_162950.1, 6183.Smp_163370.1, 6183.Smp_163390.1, 6183.Smp_164870.1, 6183.Smp_165450.1, 6183.Smp_166600.1, 6183.Smp_166810.1, 6183.Smp_166950.1, 6183.Smp_167560.1, 6183.Smp_167720.1, 6183.Smp_168030.1, 6183.Smp_169810.1, 6183.Smp_170000.1, 6183.Smp_170190.1, 6183.Smp_172230.1, 6183.Smp_173140.1, 6183.Smp_173310.1, 6183.Smp_173950.1, 6183.Smp_174330.1, 6183.Smp_174460.1, 6183.Smp_174560.1, 6183.Smp_174600.1, 6183.Smp_175080.1, 6183.Smp_175880.1, 6183.Smp_177070.1, 6183.Smp_177750.1, 6183.Smp_179530.1, 6183.Smp_179640.1, 6183.Smp_180770.1, 6183.Smp_183420.1, 6183.Smp_184420.1, 6183.Smp_184840.1, 6183.Smp_185870.1, 6183.Smp_185890.1, 6183.Smp_186170.1, 6183.Smp_189170.1, 6183.Smp_189480.1, 6183.Smp_189980.1, 6183.Smp_190300.1, 6183.Smp_190540.1, 6183.Smp_190710.1, 6183.Smp_190760.1, 6183.Smp_192010.1, 6183.Smp_192230.1, 6183.Smp_192880.1, 6183.Smp_193940.1, 6183.Smp_193950.1, 6183.Smp_194440.1, 6183.Smp_198040.1, 6183.Smp_199970.1, 6183.Smp_212070.1
OG0000002	50	NP_009616.1	6183.Smp_011430.1, 6183.Smp_013630.1, 6183.Smp_016230.1, 6183.Smp_055240.1, 6183.Smp_069720.1, 6183.Smp_083220.1, 6183.Smp_124580.1, 6183.Smp_125510.1, 6183.Smp_126050.1, 6183.Smp_129530.1, 6183.Smp_129830.1, 6183.Smp_131010.1, 6183.Smp_131600.1, 6183.Smp_132320.1, 6183.Smp_135610.1, 6183.Smp_135630.1, 6183.Smp_135640.1, 6183.Smp_135730.1, 6183.Smp_141740.1, 6183.Smp_145210.1, 6183.Smp_147830.1, 6183.Smp_148300.1, 6183.Smp_149010.1, 6183.Smp_149120.1, 6183.Smp_149140.1, 6183.Smp_149330.1, 6183.Smp_151540.1, 6183.Smp_151620.1, 6183.Smp_151630.1, 6183.Smp_155600.1, 6183.Smp_155810.1, 6183.Smp_156970.1, 6183.Smp_158870.1, 6183.Smp_159920.1, 6183.Smp_161520.1, 6183.Smp_162520.1, 6183.Smp_162550.1, 6183.Smp_162610.1, 6183.Smp_166440.1, 6183.Smp_167460.1, 6183.Smp_167470.1, 6183.Smp_176390.1, 6183.Smp_176470.1, 6183.Smp_176540.1, 6183.Smp_179750.1, 6183.Smp_192490.1, 6183.Smp_193230.1, 6183.Smp_196240.1, 6183.Smp_199910.1
OG0000004	44	NP_010177.1	6183.Smp_000075.1, 6183.Smp_000830.1, 6183.Smp_001980.1, 6183.Smp_002640.1, 6183.Smp_013600.1, 6183.Smp_017020.1, 6183.Smp_027990.1, 6183.Smp_029620.1, 6183.Smp_030050.1, 6183.Smp_053520.1, 6183.Smp_060750.1, 6183.Smp_081620.1, 6183.Smp_087070.1, 6183.Smp_091160.1, 6183.Smp_124010.1, 6183.Smp_125600.1, 6183.Smp_126190.1, 6183.Smp_126560.1, 6183.Smp_126870.1, 6183.Smp_134690.1, 6183.Smp_136900.1, 6183.Smp_137140.1, 6183.Smp_138110.1, 6183.Smp_138140.1, 6183.Smp_140350.1, 6183.Smp_140730.1, 6183.Smp_142430.1, 6183.Smp_142440.1, 6183.Smp_142940.1, 6183.Smp_144380.1, 6183.Smp_145200.1, 6183.Smp_147640.1, 6183.Smp_152980.1, 6183.Smp_158000.1, 6183.Smp_160670.1, 6183.Smp_161270.1, 6183.Smp_163140.1, 6183.Smp_166150.1, 6183.Smp_170750.1, 6183.Smp_175710.1, 6183.Smp_186930.1, 6183.Smp_189380.1, 6183.Smp_202120.1
OG0000012	22	NP_015097.1	6183.Smp_002470.1, 6183.Smp_026200.1, 6183.Smp_026790.1, 6183.Smp_026860.1, 6183.Smp_032780.1, 6183.Smp_048030.1, 6183.Smp_063550.1, 6183.Smp_088610.1, 6183.Smp_096830.1, 6183.Smp_101840.1, 6183.Smp_109240.1, 6183.Smp_114130.1, 6183.Smp_114870.1, 6183.Smp_120020.1, 6183.Smp_125000.1, 6183.Smp_138800.1, 6183.Smp_139590.1, 6183.Smp_174250.1, 6183.Smp_175190.1, 6183.Smp_178400.1, 6183.Smp_197170.1
OG0000023	18	NP_012980.1	6183.Smp_034920.1, 6183.Smp_067620.1, 6183.Smp_124170.1, 6183.Smp_130810.1, 6183.Smp_137550.1, 6183.Smp_137560.1, 6183.Smp_153140.1, 6183.Smp_153330.1, 6183.Smp_156080.1, 6183.Smp_157410.1, 6183.Smp_158760.1, 6183.Smp_159840.1, 6183.Smp_165620.1, 6183.Smp_165820.1, 6183.Smp_176300.1, 6183.Smp_212280.1, 6183.Smp_212290.1
OG0000026	16	NP_009618.2	6183.Smp_001560.1, 6183.Smp_016920.1, 6183.Smp_047420.1, 6183.Smp_047700.1, 6183.Smp_048680.1, 6183.Smp_049970.5, 6183.Smp_071380.4, 6183.Smp_079400.1, 6183.Smp_125460.1, 6183.Smp_134780.1, 6183.Smp_150210.1, 6183.Smp_150830.1, 6183.Smp_176120.1, 6183.Smp_201820.1, 6183.Smp_205270.1
OG0000027	16	NP_009991.2	6183.Smp_012010.1, 6183.Smp_054350.1, 6183.Smp_076300.1, 6183.Smp_086270.1, 6183.Smp_098780.1, 6183.Smp_133480.1, 6183.Smp_133520.1, 6183.Smp_135710.1, 6183.Smp_145650.1, 6183.Smp_150430.1, 6183.Smp_152170.1, 6183.Smp_155010.1, 6183.Smp_158750.1, 6183.Smp_200710.1, 6183.Smp_212350.1
OG0000028	16	NP_010712.1	6183.Smp_005470.1, 6183.Smp_019310.1, 6183.Smp_030910.1, 6183.Smp_040680.1, 6183.Smp_051400.1, 6183.Smp_095480.1, 6183.Smp_095500.1, 6183.Smp_095520.1, 6183.Smp_114620.1, 6183.Smp_125010.1, 6183.Smp_125020.1, 6183.Smp_174510.1, 6183.Smp_174520.1, 6183.Smp_200180.1, 6183.Smp_201060.1
OG0000033	15	NP_010051.1	6183.Smp_130560.1, 6183.Smp_130570.1, 6183.Smp_134180.1, 6183.Smp_134190.1, 6183.Smp_135210.1, 6183.Smp_144050.1, 6183.Smp_144810.1, 6183.Smp_152750.1, 6183.Smp_156220.1, 6183.Smp_157620.1, 6183.Smp_160050.1, 6183.Smp_165740.1, 6183.Smp_167520.1, 6183.Smp_169380.1
OG0000035	14	NP_014889.3	6183.Smp_000190.1, 6183.Smp_015520.1, 6183.Smp_032370.1, 6183.Smp_076580.1, 6183.Smp_081430.1, 6183.Smp_120070.1, 6183.Smp_139680.1, 6183.Smp_139700.1, 6183.Smp_170300.1, 6183.Smp_179840.1, 6183.Smp_179850.1, 6183.Smp_203940.1, 6183.Smp_203950.1
OG0000038	13	NP_014784.1	6183.Smp_050630.1, 6183.Smp_069120.1, 6183.Smp_145120.1, 6183.Smp_150350.1, 6183.Smp_150920.1, 6183.Smp_151430.1, 6183.Smp_159640.1, 6183.Smp_175650.1, 6183.Smp_175900.1, 6183.Smp_194330.1, 6183.Smp_206290.1, 6183.Smp_210510.1
OG0000039	13	NP_010041.2	6183.Smp_000780.1, 6183.Smp_000790.1, 6183.Smp_012810.1, 6183.Smp_020540.2, 6183.Smp_048560.1, 6183.Smp_138170.1, 6183.Smp_140310.1, 6183.Smp_143130.1, 6183.Smp_146200.2, 6183.Smp_157310.1, 6183.Smp_163960.1, 6183.Smp_165070.1
OG0000046	12	NP_015005.1	6183.Smp_044060.1, 6183.Smp_124250.1, 6183.Smp_129270.1, 6183.Smp_134140.1, 6183.Smp_134500.1, 6183.Smp_135500.1, 6183.Smp_141980.1, 6183.Smp_146120.1, 6183.Smp_153650.1, 6183.Smp_179590.1, 6183.Smp_197150.1
OG0000049	11	NP_010931.3	6183.Smp_038970.1, 6183.Smp_101650.1, 6183.Smp_119730.1, 6183.Smp_125560.1, 6183.Smp_138660.1, 6183.Smp_142680.1, 6183.Smp_165850.1, 6183.Smp_175090.3, 6183.Smp_198870.1, 6183.Smp_209040.1
OG0000050	11	NP_015171.1	6183.Smp_013040.2, 6183.Smp_018800.1, 6183.Smp_132470.1, 6183.Smp_132480.1, 6183.Smp_136720.1, 6183.Smp_136730.1, 6183.Smp_136830.2, 6183.Smp_136840.1, 6183.Smp_197470.1, 6183.Smp_205390.1
OG0000061	10	NP_010937.3, NP_011868.1	6183.Smp_005790.1, 6183.Smp_016250.2, 6183.Smp_016630.1, 6183.Smp_020080.1, 6183.Smp_032740.1, 6183.Smp_032750.1, 6183.Smp_074510.1, 6183.Smp_132750.1
OG0000062	10	NP_010720.3	6183.Smp_002550.1, 6183.Smp_032320.6, 6183.Smp_036270.2, 6183.Smp_071640.1, 6183.Smp_086600.2, 6183.Smp_098890.2, 6183.Smp_113620.3, 6183.Smp_185230.1, 6183.Smp_192360.1
OG0000069	9	NP_010661.3	6183.Smp_000170.1, 6183.Smp_068510.1, 6183.Smp_085650.1, 6183.Smp_106110.1, 6183.Smp_151600.1, 6183.Smp_153320.1, 6183.Smp_158980.1, 6183.Smp_158990.1
OG0000070	9	NP_009717.1	6183.Smp_009430.1, 6183.Smp_084570.1, 6183.Smp_102190.1, 6183.Smp_117920.1, 6183.Smp_131430.1, 6183.Smp_168550.1, 6183.Smp_168560.1, 6183.Smp_178940.1
OG0000089	8	NP_009359.1, NP_014315.1	6183.Smp_019100.1, 6183.Smp_065180.1, 6183.Smp_135790.1, 6183.Smp_156950.1, 6183.Smp_171650.1, 6183.Smp_176920.1
OG0000090	8	NP_011827.1	6183.Smp_054010.1, 6183.Smp_083990.1, 6183.Smp_127000.1, 6183.Smp_150990.1, 6183.Smp_151000.1, 6183.Smp_151090.1, 6183.Smp_181630.1
OG0000091	8	NP_012442.1	6183.Smp_034850.1, 6183.Smp_046640.1, 6183.Smp_046650.1, 6183.Smp_127170.1, 6183.Smp_141570.1, 6183.Smp_147550.1, 6183.Smp_155970.1
OG0000092	8	NP_012107.1, NP_014128.2	6183.Smp_068720.1, 6183.Smp_141590.2, 6183.Smp_144430.1, 6183.Smp_145500.1, 6183.Smp_146810.1, 6183.Smp_161110.1
OG0000093	8	NP_012455.1	6183.Smp_044550.8, 6183.Smp_049010.1, 6183.Smp_163680.1, 6183.Smp_163690.1, 6183.Smp_164940.1, 6183.Smp_170110.1, 6183.Smp_211220.1
OG0000094	8	NP_015221.1	6183.Smp_088800.1, 6183.Smp_178380.1, 6183.Smp_179140.1, 6183.Smp_190720.1, 6183.Smp_194140.1, 6183.Smp_194150.1, 6183.Smp_199340.1
OG0000106	7	NP_013875.1	6183.Smp_003980.1, 6183.Smp_083530.1, 6183.Smp_089460.2, 6183.Smp_137410.1, 6183.Smp_157500.1, 6183.Smp_159550.1
OG0000108	7	NP_015390.1	6183.Smp_076600.1, 6183.Smp_148110.1, 6183.Smp_155690.1, 6183.Smp_161600.1, 6183.Smp_179780.1, 6183.Smp_180820.1
OG0000109	7	NP_010203.1, NP_010668.3, NP_011601.3, NP_013145.1, NP_013235.1, NP_013826.1	6183.Smp_005390.2
OG0000110	7	NP_010150.1	6183.Smp_031000.2, 6183.Smp_052460.1, 6183.Smp_079740.1, 6183.Smp_082850.2, 6183.Smp_143030.1, 6183.Smp_150270.1
OG0000112	7	NP_011596.1	6183.Smp_043040.1, 6183.Smp_064870.1, 6183.Smp_082830.1, 6183.Smp_103920.1, 6183.Smp_136210.1, 6183.Smp_180470.1
OG0000113	7	NP_009305.1, NP_009306.1, NP_009307.2, NP_009308.2, NP_009309.1, NP_009310.1	6183.Smp_900000.1
OG0000130	6	NP_012713.1, NP_013289.1	6183.Smp_055780.1, 6183.Smp_089200.1, 6183.Smp_137080.1, 6183.Smp_170820.1
OG0000131	6	NP_010948.1, NP_011305.1	6183.Smp_005670.1, 6183.Smp_023550.1, 6183.Smp_134000.1, 6183.Smp_173990.1
OG0000132	6	NP_009887.1, NP_010806.1, NP_012261.1, NP_014553.1	6183.Smp_056760.1, 6183.Smp_157700.1
OG0000133	6	NP_013057.1	6183.Smp_005720.1, 6183.Smp_005740.1, 6183.Smp_125200.1, 6183.Smp_125210.1, 6183.Smp_125220.1
OG0000135	6	NP_014855.3	6183.Smp_010230.1, 6183.Smp_063640.1, 6183.Smp_075130.1, 6183.Smp_094480.1, 6183.Smp_158700.1
OG0000136	6	NP_011668.3	6183.Smp_046000.1, 6183.Smp_071250.1, 6183.Smp_129070.1, 6183.Smp_142450.1, 6183.Smp_147260.1
OG0000138	6	NP_010607.3, NP_013256.1, NP_013258.1, NP_013259.1, NP_013261.1	6183.Smp_153810.1
OG0000139	6	NP_011442.3, NP_012076.3, NP_012119.1, NP_012681.1, NP_013106.1	6183.Smp_068270.4
OG0000140	6	NP_011985.1, NP_014278.3, NP_015515.1	6183.Smp_010930.1, 6183.Smp_072970.1, 6183.Smp_155020.1
OG0000141	6	NP_011856.1	6183.Smp_096670.1, 6183.Smp_103360.1, 6183.Smp_159730.1, 6183.Smp_175160.1, 6183.Smp_179800.1
OG0000142	6	NP_012371.2, NP_012755.1, NP_015121.1	6183.Smp_147450.1, 6183.Smp_152330.1, 6183.Smp_164380.1
OG0000143	6	NP_010780.1, NP_014540.1, NP_014641.2	6183.Smp_045410.1, 6183.Smp_045420.1, 6183.Smp_057130.1
OG0000144	6	NP_009372.1, NP_013194.2, NP_014972.3	6183.Smp_006720.2, 6183.Smp_102160.1, 6183.Smp_123870.1
OG0000146	6	NP_010710.4, NP_010944.1, NP_011307.1	6183.Smp_101670.1, 6183.Smp_124310.1, 6183.Smp_170160.1
OG0000147	6	NP_012292.3	6183.Smp_081510.1, 6183.Smp_084930.1, 6183.Smp_114280.1, 6183.Smp_136040.1, 6183.Smp_138310.1
OG0000148	6	NP_010599.1, NP_010610.3	6183.Smp_000870.1, 6183.Smp_055130.1, 6183.Smp_144330.1, 6183.Smp_180740.1
OG0000150	6	NP_011400.1	6183.Smp_001030.1, 6183.Smp_127420.1, 6183.Smp_142030.1, 6183.Smp_144700.1, 6183.Smp_212370.1
OG0000152	6	NP_009955.2, NP_010900.1	6183.Smp_084890.1, 6183.Smp_104270.1, 6183.Smp_153340.1, 6183.Smp_153390.2
OG0000153	6	NP_009536.1, NP_010023.1, NP_010024.1, NP_010025.1, NP_014463.1	6183.Smp_179360.1
OG0000179	5	NP_010988.1, NP_012904.3, NP_116585.1	6183.Smp_030320.1, 6183.Smp_125280.1
OG0000180	5	NP_012529.3	6183.Smp_112590.1, 6183.Smp_113460.1, 6183.Smp_186530.1, 6183.Smp_186540.1
OG0000182	5	NP_013908.1, NP_015092.1	6183.Smp_019890.1, 6183.Smp_066670.1, 6183.Smp_179930.1
OG0000183	5	NP_010741.1, NP_013684.1	6183.Smp_059480.1, 6183.Smp_062900.1, 6183.Smp_158110.2
OG0000184	5	NP_012231.1	6183.Smp_001050.1, 6183.Smp_019280.1, 6183.Smp_079010.1, 6183.Smp_131050.1
OG0000185	5	NP_010530.1, NP_013731.1	6183.Smp_094950.1, 6183.Smp_094980.1, 6183.Smp_128560.1
OG0000186	5	NP_010411.1, NP_014073.1	6183.Smp_073070.1, 6183.Smp_146700.1, 6183.Smp_201760.1
OG0000187	5	NP_010625.1, NP_011897.1	6183.Smp_135490.1, 6183.Smp_151290.1, 6183.Smp_162110.1
OG0000188	5	NP_010656.1, NP_011972.1, NP_014763.1	6183.Smp_053220.1, 6183.Smp_150700.1
OG0000190	5	NP_012959.1	6183.Smp_018590.1, 6183.Smp_080030.1, 6183.Smp_159560.1, 6183.Smp_175500.1
OG0000191	5	NP_116578.3	6183.Smp_055850.1, 6183.Smp_123980.1, 6183.Smp_123990.1, 6183.Smp_163830.1
OG0000192	5	NP_009803.3, NP_012303.1, NP_012899.3	6183.Smp_058690.1, 6183.Smp_058700.1
OG0000194	5	NP_010729.3, NP_013690.1	6183.Smp_054360.1, 6183.Smp_054410.1, 6183.Smp_151260.1
OG0000195	5	NP_009553.1, NP_010510.3	6183.Smp_036220.1, 6183.Smp_077790.1, 6183.Smp_108390.1
OG0000196	5	NP_011880.1, NP_219497.4	6183.Smp_003230.1, 6183.Smp_036990.1, 6183.Smp_122030.1
OG0000197	5	NP_014273.1	6183.Smp_125530.1, 6183.Smp_135700.1, 6183.Smp_159180.1, 6183.Smp_168290.1
OG0000198	5	NP_014106.1, NP_014529.1	6183.Smp_001420.1, 6183.Smp_145170.1, 6183.Smp_165040.1
OG0000199	5	NP_012293.3	6183.Smp_078780.1, 6183.Smp_085110.2, 6183.Smp_092460.1, 6183.Smp_196810.1
OG0000200	5	NP_009893.2, NP_010803.3	6183.Smp_101820.1, 6183.Smp_122800.1, 6183.Smp_143370.1
OG0000201	5	NP_010262.1, NP_014582.1	6183.Smp_030500.1, 6183.Smp_168310.1, 6183.Smp_169570.1
OG0000203	5	NP_009778.3, NP_009779.3	6183.Smp_076950.1, 6183.Smp_159740.1, 6183.Smp_159760.1
OG0000204	5	NP_009315.1, NP_009316.1, NP_009317.1, NP_009318.1	6183.Smp_900070.1
OG0000247	4	NP_011572.2	6183.Smp_067480.3, 6183.Smp_067490.1, 6183.Smp_136640.1
OG0000249	4	NP_009640.1, NP_011720.3, NP_013006.3	6183.Smp_147650.1
OG0000251	4	NP_014210.1	6183.Smp_051210.1, 6183.Smp_168490.1, 6183.Smp_174910.1
OG0000252	4	NP_009853.3, NP_013193.1	6183.Smp_022300.1, 6183.Smp_145320.1
OG0000254	4	NP_010396.1, NP_013190.1	6183.Smp_007760.1, 6183.Smp_130540.1
OG0000255	4	NP_010858.3, NP_013297.1	6183.Smp_068950.1, 6183.Smp_212260.1
OG0000256	4	NP_014082.1	6183.Smp_049510.1, 6183.Smp_062970.1, 6183.Smp_170170.1
OG0000257	4	NP_012405.2, NP_012447.1	6183.Smp_113640.1, 6183.Smp_186670.1
OG0000258	4	NP_011754.3, NP_012028.1, NP_015060.1	6183.Smp_025700.1
OG0000259	4	NP_009986.1, NP_010606.1	6183.Smp_151350.1, 6183.Smp_165540.1
OG0000260	4	NP_009421.3, NP_010265.1	6183.Smp_058980.2, 6183.Smp_128150.1
OG0000261	4	NP_011749.3, NP_015215.1	6183.Smp_054800.1, 6183.Smp_162910.1
OG0000262	4	NP_010807.3, NP_014264.1	6183.Smp_004780.1, 6183.Smp_079230.1
OG0000263	4	NP_009497.2, NP_011013.1	6183.Smp_020040.2, 6183.Smp_148510.1
OG0000264	4	NP_014197.2	6183.Smp_042680.1, 6183.Smp_151030.1, 6183.Smp_212250.1
OG0000265	4	NP_009523.1, NP_009642.3, NP_013772.1	6183.Smp_079220.1
OG0000266	4	NP_009866.1, NP_010020.1, NP_015148.1	6183.Smp_174150.1
OG0000267	4	NP_012222.1	6183.Smp_068170.1, 6183.Smp_070390.1, 6183.Smp_140580.1
OG0000268	4	NP_010285.1, NP_012201.1, NP_013439.1	6183.Smp_016410.1
OG0000269	4	NP_010006.1, NP_011725.3, NP_013144.1	6183.Smp_008070.1
OG0000270	4	NP_013493.2	6183.Smp_011100.1, 6183.Smp_128100.1, 6183.Smp_146010.1
OG0000271	4	NP_013639.1, NP_014312.1, NP_014729.1	6183.Smp_050640.1
OG0000272	4	NP_010248.1, NP_014575.1	6183.Smp_047860.1, 6183.Smp_084340.1
OG0000273	4	NP_010613.1, NP_011948.1, NP_013173.1	6183.Smp_212360.1
OG0000275	4	NP_011987.1	6183.Smp_070170.1, 6183.Smp_081440.1, 6183.Smp_138030.1
OG0000278	4	NP_014124.1	6183.Smp_127940.1, 6183.Smp_180950.1, 6183.Smp_180960.1
OG0000279	4	NP_012257.1, NP_013974.1, NP_014962.3	6183.Smp_103160.2
OG0000280	4	NP_009602.1, NP_013565.3, NP_014265.3	6183.Smp_159230.1
OG0000281	4	NP_009966.2, NP_012337.1, NP_014410.3	6183.Smp_170080.1
OG0000282	4	NP_009697.3, NP_014026.1	6183.Smp_163970.1, 6183.Smp_172590.1
OG0000283	4	NP_014700.1	6183.Smp_010160.1, 6183.Smp_020800.1, 6183.Smp_168350.1
OG0000284	4	NP_011325.1	6183.Smp_118200.1, 6183.Smp_172910.1, 6183.Smp_173810.1
OG0000286	4	NP_009819.1	6183.Smp_094890.1, 6183.Smp_145770.1, 6183.Smp_173570.1
OG0000287	4	NP_014904.3	6183.Smp_026630.1, 6183.Smp_078320.1, 6183.Smp_126690.1
OG0000288	4	NP_015080.1	6183.Smp_157230.1, 6183.Smp_171120.1, 6183.Smp_172390.1
OG0000289	4	NP_011860.1, NP_012917.3	6183.Smp_042440.1, 6183.Smp_122050.1
OG0000291	4	NP_009402.1, NP_011513.1, NP_011978.1	6183.Smp_072950.1
OG0000292	4	NP_013553.1, NP_013638.1	6183.Smp_010660.1, 6183.Smp_038510.1
OG0000293	4	NP_012153.1, NP_014345.3	6183.Smp_034500.1, 6183.Smp_135160.1
OG0000294	4	NP_116684.3	6183.Smp_012400.1, 6183.Smp_059290.1, 6183.Smp_171590.1
OG0000295	4	NP_013050.1	6183.Smp_086590.1, 6183.Smp_120700.1, 6183.Smp_195080.1
OG0000297	4	NP_012430.1, NP_012954.3, NP_015144.1	6183.Smp_169930.1
OG0000298	4	NP_014033.1	6183.Smp_089180.1, 6183.Smp_131570.1, 6183.Smp_198740.1
OG0000299	4	NP_013950.1	6183.Smp_074400.1, 6183.Smp_139020.1, 6183.Smp_173820.1
OG0000300	4	NP_013116.1	6183.Smp_124110.1, 6183.Smp_137380.1, 6183.Smp_157940.1
OG0000301	4	NP_010816.4	6183.Smp_129590.1, 6183.Smp_158530.1, 6183.Smp_158540.1
OG0000302	4	NP_012398.1, NP_012984.2	6183.Smp_008490.1, 6183.Smp_157950.1
OG0000303	4	NP_010744.3	6183.Smp_045680.1, 6183.Smp_146740.1, 6183.Smp_146750.1
OG0000304	4	NP_013914.1	6183.Smp_128690.1, 6183.Smp_132080.1, 6183.Smp_171870.1
OG0000305	4	NP_015012.3	6183.Smp_078690.1, 6183.Smp_086330.1, 6183.Smp_126480.1
OG0000307	4	NP_010437.3, NP_012659.1	6183.Smp_031100.1, 6183.Smp_202480.1
OG0000309	4	NP_010697.3, NP_014799.1	6183.Smp_153010.1, 6183.Smp_172130.1
OG0000310	4	NP_009521.1	6183.Smp_005860.1, 6183.Smp_065580.3, 6183.Smp_155850.1
OG0000311	4	NP_014918.1	6183.Smp_075810.1, 6183.Smp_087580.1, 6183.Smp_087620.1
OG0000312	4	NP_013004.3, NP_014712.2	6183.Smp_003140.1, 6183.Smp_042550.1
OG0000313	4	NP_014094.1	6183.Smp_150500.1, 6183.Smp_181470.1, 6183.Smp_210790.1
OG0000314	4	NP_014882.4	6183.Smp_037930.1, 6183.Smp_042630.1, 6183.Smp_061500.1
OG0000315	4	NP_012640.4	6183.Smp_125970.1, 6183.Smp_135890.1, 6183.Smp_149930.1
OG0000316	4	NP_010921.1	6183.Smp_021070.1, 6183.Smp_087810.1, 6183.Smp_147850.1
OG0000317	4	NP_009901.1, NP_013564.1	6183.Smp_059130.1, 6183.Smp_133390.1
OG0000318	4	NP_011452.4, NP_015112.1	6183.Smp_076550.1, 6183.Smp_086450.1
OG0000319	4	NP_011942.1	6183.Smp_062920.1, 6183.Smp_146390.1, 6183.Smp_211030.1
OG0000320	4	NP_010390.3	6183.Smp_145090.1, 6183.Smp_164160.1, 6183.Smp_207060.1
OG0000321	4	NP_012977.3	6183.Smp_076520.1, 6183.Smp_126920.1, 6183.Smp_158190.1
OG0000322	4	NP_010242.1, NP_014573.1	6183.Smp_055090.1, 6183.Smp_138640.1
OG0000323	4	NP_010677.1, NP_014777.3	6183.Smp_021590.1, 6183.Smp_151960.1
OG0000325	4	NP_010018.1, NP_014076.1	6183.Smp_014020.1, 6183.Smp_210250.1
OG0000326	4	NP_014292.3, NP_014856.1, NP_015196.1	6183.Smp_070760.1
OG0000327	4	NP_010626.1, NP_014646.1	6183.Smp_012540.1, 6183.Smp_083180.2
OG0000328	4	NP_011368.3, NP_012017.1, NP_014332.1	6183.Smp_018990.1
OG0000329	4	NP_010471.1, NP_013269.1, NP_013294.1	6183.Smp_059100.1
OG0000330	4	NP_009563.1	6183.Smp_053300.1, 6183.Smp_053390.1, 6183.Smp_194870.1
OG0000331	4	NP_012831.1	6183.Smp_144590.1, 6183.Smp_155120.1, 6183.Smp_164680.1
OG0000332	4	NP_011584.2, NP_013475.1	6183.Smp_012580.1, 6183.Smp_155990.1
OG0000333	4	NP_014079.1	6183.Smp_010280.1, 6183.Smp_027000.1, 6183.Smp_038830.1
OG0000394	3	NP_010423.4	6183.Smp_125770.2, 6183.Smp_130170.1
OG0000395	3	NP_013390.1, NP_014825.3	6183.Smp_014650.1
OG0000396	3	NP_009741.3, NP_015236.1	6183.Smp_161530.1
OG0000397	3	NP_013756.1, NP_013757.1	6183.Smp_097730.1
OG0000400	3	NP_014593.1	6183.Smp_017980.1, 6183.Smp_142960.1
OG0000402	3	NP_014626.1, NP_116669.1	6183.Smp_065290.1
OG0000405	3	NP_010089.1, NP_010144.1	6183.Smp_088650.1
OG0000406	3	NP_014306.3, NP_014732.1	6183.Smp_040570.1
OG0000407	3	NP_009728.1, NP_015219.1	6183.Smp_069130.2
OG0000408	3	NP_009916.1, NP_014394.2	6183.Smp_041480.2
OG0000409	3	NP_015055.1	6183.Smp_100010.1, 6183.Smp_146330.1
OG0000410	3	NP_013749.1, NP_013870.1	6183.Smp_018430.1
OG0000411	3	NP_015428.1	6183.Smp_017860.1, 6183.Smp_164840.1
OG0000412	3	NP_010735.3, NP_013688.1	6183.Smp_055050.1
OG0000413	3	NP_011509.1	6183.Smp_137170.1, 6183.Smp_199210.1
OG0000414	3	NP_009386.1	6183.Smp_153410.1, 6183.Smp_172280.1
OG0000415	3	NP_013048.1, NP_015518.1	6183.Smp_128110.1
OG0000416	3	NP_116674.2	6183.Smp_156700.1, 6183.Smp_199810.1
OG0000417	3	NP_012770.1, NP_012969.1	6183.Smp_096760.1
OG0000419	3	NP_012475.3	6183.Smp_093100.1, 6183.Smp_123750.1
OG0000420	3	NP_014759.1	6183.Smp_157740.1, 6183.Smp_212320.1
OG0000421	3	NP_009891.1, NP_010007.1	6183.Smp_076180.1
OG0000422	3	NP_009997.2	6183.Smp_000600.1, 6183.Smp_018400.1
OG0000424	3	NP_013834.1	6183.Smp_102040.1, 6183.Smp_187870.1
OG0000425	3	NP_012801.1, NP_013820.1	6183.Smp_171200.1
OG0000426	3	NP_009992.1, NP_014587.1	6183.Smp_130050.1
OG0000427	3	NP_010413.3, NP_015077.1	6183.Smp_018710.1
OG0000428	3	NP_009984.1	6183.Smp_122890.1, 6183.Smp_126910.1
OG0000429	3	NP_009978.1, NP_014416.1	6183.Smp_127280.1
OG0000431	3	NP_011599.1, NP_015427.1	6183.Smp_050940.1
OG0000432	3	NP_012628.3, NP_015368.1	6183.Smp_105320.1
OG0000433	3	NP_009960.2, NP_012344.1	6183.Smp_053830.1
OG0000434	3	NP_009638.1, NP_010344.1	6183.Smp_068000.1
OG0000435	3	NP_012160.2	6183.Smp_070610.2, 6183.Smp_095470.1
OG0000436	3	NP_010736.3	6183.Smp_004040.1, 6183.Smp_066720.1
OG0000437	3	NP_012433.1	6183.Smp_165720.1, 6183.Smp_165840.1
OG0000438	3	NP_009761.4	6183.Smp_032500.1, 6183.Smp_161880.1
OG0000439	3	NP_010739.3, NP_013685.1	6183.Smp_035650.1
OG0000440	3	NP_009675.3, NP_015399.1	6183.Smp_059790.2
OG0000441	3	NP_014293.1, NP_014752.3	6183.Smp_159670.1
OG0000442	3	NP_012407.2	6183.Smp_026510.1, 6183.Smp_151670.1
OG0000443	3	NP_009410.1	6183.Smp_176970.1, 6183.Smp_177920.1
OG0000444	3	NP_012795.1, NP_013823.1	6183.Smp_180530.1
OG0000445	3	NP_009576.1, NP_010292.1	6183.Smp_078400.1
OG0000447	3	NP_013742.1	6183.Smp_141040.1, 6183.Smp_166080.2
OG0000448	3	NP_010126.1, NP_013311.1	6183.Smp_082490.1
OG0000449	3	NP_009537.1	6183.Smp_047900.1, 6183.Smp_142050.1
OG0000450	3	NP_012394.1	6183.Smp_141230.1, 6183.Smp_150860.1
OG0000451	3	NP_013081.1	6183.Smp_058620.1, 6183.Smp_134560.1
OG0000452	3	NP_009343.1	6183.Smp_030370.1, 6183.Smp_043150.1
OG0000454	3	NP_012220.3	6183.Smp_021290.1, 6183.Smp_142850.1
OG0000455	3	NP_013884.1	6183.Smp_022330.1, 6183.Smp_136540.1
OG0000456	3	NP_014391.1	6183.Smp_020920.1, 6183.Smp_104730.1
OG0000457	3	NP_011610.3	6183.Smp_058130.1, 6183.Smp_093630.2
OG0000458	3	NP_012402.1, NP_012978.1	6183.Smp_055190.1
OG0000459	3	NP_012233.1, NP_015305.1	6183.Smp_033260.2
OG0000460	3	NP_014779.1	6183.Smp_196160.1, 6183.Smp_203680.1
OG0000461	3	NP_012890.1, NP_014630.1	6183.Smp_157360.1
OG0000462	3	NP_013126.1	6183.Smp_015440.1, 6183.Smp_176270.1
OG0000463	3	NP_010558.3, NP_014683.1	6183.Smp_091010.1
OG0000464	3	NP_012916.1, NP_013444.1	6183.Smp_009690.1
OG0000465	3	NP_011730.1, NP_013149.1	6183.Smp_179180.1
OG0000466	3	NP_014888.1	6183.Smp_158510.1, 6183.Smp_158520.1
OG0000467	3	NP_010384.3, NP_011104.3	6183.Smp_034840.2
OG0000468	3	NP_010699.1	6183.Smp_019880.1, 6183.Smp_059350.2
OG0000469	3	NP_010439.1, NP_013633.1	6183.Smp_040130.1
OG0000470	3	NP_012842.1, NP_015277.1	6183.Smp_083410.1
OG0000472	3	NP_010706.3, NP_010860.1	6183.Smp_012750.1
OG0000473	3	NP_014877.3, NP_015182.1	6183.Smp_061200.1
OG0000474	3	NP_009694.3	6183.Smp_162340.1, 6183.Smp_189130.1
OG0000475	3	NP_012600.1, NP_012719.2	6183.Smp_122910.1
OG0000476	3	NP_010208.1, NP_013510.3	6183.Smp_050280.1
OG0000477	3	NP_014435.3, NP_014602.1	6183.Smp_130850.1
OG0000478	3	NP_009466.1, NP_011042.3	6183.Smp_007900.1
OG0000479	3	NP_010383.4, NP_011101.3	6183.Smp_006550.1
OG0000480	3	NP_010892.1, NP_012565.1	6183.Smp_101280.1
OG0000481	3	NP_013271.1	6183.Smp_019990.1, 6183.Smp_060700.1
OG0000482	3	NP_015064.1	6183.Smp_027010.2, 6183.Smp_064240.1
OG0000483	3	NP_011384.1, NP_015356.1	6183.Smp_097110.1
OG0000484	3	NP_010381.1, NP_011096.1	6183.Smp_132170.1
OG0000485	3	NP_009545.2, NP_014681.1	6183.Smp_090070.1
OG0000486	3	NP_014547.1	6183.Smp_018510.1, 6183.Smp_140530.1
OG0000487	3	NP_012499.1	6183.Smp_053780.1, 6183.Smp_053790.1
OG0000488	3	NP_010466.3	6183.Smp_017810.1, 6183.Smp_167860.1
OG0000489	3	NP_014615.1, NP_015450.1	6183.Smp_065110.1
OG0000490	3	NP_011913.1, NP_012765.3	6183.Smp_091470.1
OG0000491	3	NP_010544.3, NP_013074.1	6183.Smp_145990.1
OG0000492	3	NP_010645.1, NP_011976.1	6183.Smp_174690.1
OG0000493	3	NP_012644.1	6183.Smp_012970.1, 6183.Smp_083540.1
OG0000494	3	NP_015075.1	6183.Smp_007210.1, 6183.Smp_070310.1
OG0000495	3	NP_013361.1, NP_014814.1	6183.Smp_157100.1
OG0000496	3	NP_013379.1	6183.Smp_084380.1, 6183.Smp_211110.1
OG0000497	3	NP_011700.1	6183.Smp_138440.1, 6183.Smp_176060.1
OG0000498	3	NP_009974.1, NP_010854.1	6183.Smp_154140.1
OG0000499	3	NP_011704.3, NP_012521.3	6183.Smp_210110.1
OG0000500	3	NP_010628.3, NP_011959.1	6183.Smp_153430.1
OG0000503	3	NP_013354.1, NP_015216.3	6183.Smp_098370.2
OG0000504	3	NP_011320.3	6183.Smp_075950.1, 6183.Smp_134860.1
OG0000505	3	NP_012653.1	6183.Smp_019170.1, 6183.Smp_156290.1
OG0000506	3	NP_011009.1, NP_012704.1	6183.Smp_137520.1
OG0000507	3	NP_012896.1	6183.Smp_128360.1, 6183.Smp_134440.2
OG0000508	3	NP_010392.1, NP_013184.1	6183.Smp_163130.1
OG0000509	3	NP_011917.1, NP_014519.1	6183.Smp_099850.3
OG0000510	3	NP_010448.1	6183.Smp_131870.1, 6183.Smp_146400.1
OG0000511	3	NP_012776.1, NP_014298.1	6183.Smp_029360.1
OG0000513	3	NP_011261.1, NP_116711.3	6183.Smp_043030.1
OG0000514	3	NP_116616.1	6183.Smp_078040.1, 6183.Smp_192110.1
OG0000515	3	NP_011062.1	6183.Smp_024520.1, 6183.Smp_094420.1
OG0000516	3	NP_012907.3	6183.Smp_151180.1, 6183.Smp_210840.1
OG0000517	3	NP_009485.3, NP_011025.3	6183.Smp_022090.1
OG0000518	3	NP_010667.1, NP_014770.1	6183.Smp_186680.1
OG0000520	3	NP_011768.1	6183.Smp_070190.1, 6183.Smp_168890.1
OG0000521	3	NP_010213.1, NP_013503.1	6183.Smp_147950.1
OG0000522	3	NP_009587.1, NP_010295.3	6183.Smp_153790.1
OG0000523	3	NP_011287.1	6183.Smp_132050.1, 6183.Smp_161080.1
OG0000524	3	NP_013970.1, NP_014961.3	6183.Smp_069170.1
OG0000525	3	NP_013088.1	6183.Smp_155000.1, 6183.Smp_180910.1
OG0000526	3	NP_010790.3, NP_013281.1	6183.Smp_002080.1
OG0000527	3	NP_012974.1	6183.Smp_023530.1, 6183.Smp_155060.2
OG0000528	3	NP_013547.3, NP_013646.1	6183.Smp_180380.1
OG0000529	3	NP_014928.1, NP_014929.3	6183.Smp_007450.2
OG0000531	3	NP_013038.1, NP_015050.1	6183.Smp_210320.1
OG0000532	3	NP_011759.1, NP_012032.1	6183.Smp_099420.1
OG0000534	3	NP_013546.1, NP_013648.1	6183.Smp_073880.1
OG0000535	3	NP_009740.3, NP_015235.1	6183.Smp_053130.1
OG0000536	3	NP_010774.4, NP_013125.1	6183.Smp_045710.1
OG0000537	3	NP_013129.1, NP_013840.1	6183.Smp_032260.1
OG0000539	3	NP_009526.1, NP_009641.1	6183.Smp_171570.1
OG0000542	3	NP_011484.1, NP_011664.3	6183.Smp_001830.1
OG0000543	3	NP_015353.1	6183.Smp_010370.1, 6183.Smp_099890.1
OG0000544	3	NP_012867.1	6183.Smp_054240.1, 6183.Smp_122680.1
OG0000545	3	NP_009750.1, NP_015246.1	6183.Smp_022560.2
OG0000546	3	NP_012345.1, NP_013471.1	6183.Smp_076740.1
OG0000547	3	NP_009552.1, NP_010511.3	6183.Smp_089870.1
OG0000548	3	NP_010153.1, NP_010202.1	6183.Smp_041980.1
OG0000549	3	NP_011541.1, NP_013437.1	6183.Smp_017450.1
OG0000550	3	NP_011057.1, NP_011326.1	6183.Smp_031310.1
OG0000551	3	NP_011073.1, NP_014802.3	6183.Smp_129760.1
OG0000552	3	NP_011885.1, NP_012766.1	6183.Smp_041650.1
OG0000553	3	NP_010977.2, NP_012212.1	6183.Smp_211250.1
OG0000554	3	NP_014403.3	6183.Smp_063260.1, 6183.Smp_093740.3
OG0000555	3	NP_013146.1	6183.Smp_054790.2, 6183.Smp_176010.1
OG0000556	3	NP_009698.3, NP_014560.1	6183.Smp_148460.1
OG0000557	3	NP_010587.1	6183.Smp_148480.1, 6183.Smp_175430.1
OG0000558	3	NP_009474.1, NP_011031.1	6183.Smp_169330.1
OG0000559	3	NP_014100.2, NP_014526.1	6183.Smp_145600.1
OG0000560	3	NP_009387.1, NP_014599.1	6183.Smp_006710.1
OG0000561	3	NP_013960.1, NP_014938.3	6183.Smp_006830.1
OG0000562	3	NP_014375.1	6183.Smp_156020.1, 6183.Smp_156040.1
OG0000564	3	NP_010289.3	6183.Smp_131420.1, 6183.Smp_203220.1
OG0000565	3	NP_012157.3, NP_014349.1	6183.Smp_128740.1
OG0000566	3	NP_012171.1, NP_014378.1	6183.Smp_176750.1
OG0000567	3	NP_013526.1	6183.Smp_176770.1, 6183.Smp_211000.1
OG0000568	3	NP_009874.1	6183.Smp_029470.1, 6183.Smp_029500.1
OG0000569	3	NP_014991.1	6183.Smp_143760.1, 6183.Smp_146090.1
OG0000570	3	NP_015486.1	6183.Smp_039750.1, 6183.Smp_143840.1
OG0000571	3	NP_011893.1, NP_014862.3	6183.Smp_057530.1
OG0000572	3	NP_014014.1, NP_014621.1	6183.Smp_161980.1
OG0000573	3	NP_015225.1, NP_444297.1	6183.Smp_150510.1
OG0000574	3	NP_011035.1, NP_014039.1	6183.Smp_032510.1
OG0000575	3	NP_010873.1, NP_012583.1	6183.Smp_094870.1
OG0000576	3	NP_010047.1	6183.Smp_130480.1, 6183.Smp_207030.1
OG0000577	3	NP_011863.1, NP_012928.1	6183.Smp_156000.2
OG0000579	3	NP_010538.1, NP_015288.1	6183.Smp_002180.1
OG0000580	3	NP_009339.1, NP_015020.3	6183.Smp_093820.1
OG0000581	3	NP_013612.1	6183.Smp_129990.1, 6183.Smp_145180.1
OG0000582	3	NP_009362.1	6183.Smp_065610.1, 6183.Smp_156360.1
OG0000583	3	NP_011433.3, NP_015133.1	6183.Smp_042990.1
OG0000584	3	NP_012074.3	6183.Smp_100120.1, 6183.Smp_174470.1
OG0000585	3	NP_012822.1	6183.Smp_154770.1, 6183.Smp_203140.1
OG0000586	3	NP_013555.1, NP_013636.1	6183.Smp_138590.1
OG0000587	3	NP_009855.1	6183.Smp_094660.1, 6183.Smp_116290.1
OG0000589	3	NP_012701.2, NP_014274.1	6183.Smp_151010.1
OG0000590	3	NP_010549.3, NP_014676.1	6183.Smp_012480.1
OG0000591	3	NP_009981.1, NP_014420.1	6183.Smp_134330.1
OG0000593	3	NP_011605.1	6183.Smp_161460.1, 6183.Smp_163030.1
OG0000594	3	NP_012782.1	6183.Smp_011000.1, 6183.Smp_146180.1
OG0000595	3	NP_010254.1	6183.Smp_003630.1, 6183.Smp_161960.1
OG0000596	3	NP_011772.3, NP_012053.3	6183.Smp_071840.1
OG0000597	3	NP_013418.2	6183.Smp_003620.1, 6183.Smp_060070.1
OG0000598	3	NP_014176.2	6183.Smp_039820.1, 6183.Smp_124830.1
OG0000599	3	NP_014261.1	6183.Smp_014010.1, 6183.Smp_161550.1
OG0000600	3	NP_010431.3, NP_013234.1	6183.Smp_132570.1
OG0000601	3	NP_014818.1	6183.Smp_079860.2, 6183.Smp_173790.1
OG0000602	3	NP_009769.1, NP_011461.1	6183.Smp_082990.1
OG0000603	3	NP_009462.2	6183.Smp_011120.1, 6183.Smp_150690.1
OG0000604	3	NP_009825.4, NP_013491.1	6183.Smp_163430.1
OG0000605	3	NP_014433.1	6183.Smp_010690.1, 6183.Smp_127830.1
OG0000606	3	NP_012639.1	6183.Smp_008360.1, 6183.Smp_008400.1
OG0000607	3	NP_011991.1, NP_014269.4	6183.Smp_135260.1
OG0000608	3	NP_012597.1	6183.Smp_072800.1, 6183.Smp_078220.1
OG0000609	3	NP_010500.3, NP_014118.1	6183.Smp_083080.1
OG0000610	3	NP_010573.3, NP_011912.1	6183.Smp_095000.2
OG0000611	3	NP_014404.3	6183.Smp_044470.1, 6183.Smp_077400.1
OG0000613	3	NP_009498.1	6183.Smp_000810.2, 6183.Smp_147810.1
OG0000614	3	NP_010570.1	6183.Smp_085240.2, 6183.Smp_171720.1
OG0000615	3	NP_013139.1	6183.Smp_144000.1, 6183.Smp_144010.1
OG0000617	3	NP_012541.1	6183.Smp_097240.2, 6183.Smp_175570.1
OG0000618	3	NP_009513.1	6183.Smp_007730.1, 6183.Smp_154160.1
OG0000619	3	NP_014343.1	6183.Smp_022990.1, 6183.Smp_091240.1
OG0000621	3	NP_009999.2, NP_014432.3	6183.Smp_081460.3
OG0000622	3	NP_011830.1, NP_013055.1	6183.Smp_210310.1
OG0000623	3	NP_014221.3	6183.Smp_027610.1, 6183.Smp_131450.1
OG0000624	3	NP_014244.1	6183.Smp_026390.1, 6183.Smp_138890.2
OG0000625	3	NP_011439.1, NP_015126.1	6183.Smp_101450.1
OG0000626	3	NP_012438.1	6183.Smp_022700.2, 6183.Smp_121880.1
OG0000627	3	NP_011524.1, NP_013432.1	6183.Smp_123490.1
OG0000628	3	NP_012133.1, NP_014330.1	6183.Smp_090230.1
OG0000629	3	NP_014251.1	6183.Smp_055400.1, 6183.Smp_149200.1
OG0000630	3	NP_012961.3	6183.Smp_055880.2, 6183.Smp_079000.1
OG0000631	3	NP_010880.3, NP_012581.3	6183.Smp_039400.1
OG0000632	3	NP_010158.1, NP_010591.1	6183.Smp_120080.2
OG0000633	3	NP_010201.1, NP_013862.1	6183.Smp_022640.1
OG0000634	3	NP_009748.3, NP_015244.1	6183.Smp_180000.1
OG0000635	3	NP_010738.1, NP_013686.1	6183.Smp_074780.1
OG0000636	3	NP_011552.1, NP_013454.1	6183.Smp_210360.1
OG0000637	3	NP_014303.3, NP_014739.1	6183.Smp_021140.1
OG0000638	3	NP_012591.1	6183.Smp_001360.1, 6183.Smp_032810.1
OG0000639	3	NP_013957.1, NP_014936.1	6183.Smp_066890.1
OG0000640	3	NP_013279.1, NP_013280.1	6183.Smp_050700.1
OG0000641	3	NP_012358.1, NP_012741.1	6183.Smp_024850.1
OG0000642	3	NP_010342.3	6183.Smp_149050.2, 6183.Smp_197920.1
OG0000643	3	NP_009504.1	6183.Smp_152180.1, 6183.Smp_200020.1
OG0000644	3	NP_011548.2, NP_013448.1	6183.Smp_098960.1
OG0000645	3	NP_014097.1, NP_014520.1	6183.Smp_174950.1
OG0000646	3	NP_013413.1	6183.Smp_166070.1, 6183.Smp_176690.1
OG0000647	3	NP_010759.1, NP_011874.1	6183.Smp_063350.1
OG0000648	3	NP_011862.1, NP_012920.1	6183.Smp_175740.2
OG0000649	3	NP_010997.3, NP_012195.1	6183.Smp_091640.1
OG0000650	3	NP_013162.1, NP_116619.1	6183.Smp_085300.1
OG0000651	3	NP_010670.3, NP_014603.1	6183.Smp_029820.1
OG0000652	3	NP_013920.1, NP_015074.1	6183.Smp_063300.1
OG0000653	3	NP_010875.1, NP_012582.1	6183.Smp_033400.1
OG0000654	3	NP_012010.1, NP_014237.2	6183.Smp_035790.1
OG0000655	3	NP_010788.1, NP_013286.1	6183.Smp_035800.1
OG0000656	3	NP_009649.1, NP_011869.1	6183.Smp_016130.1
OG0000657	3	NP_012399.1, NP_012983.3	6183.Smp_146190.1
OG0000658	3	NP_011652.1, NP_015480.1	6183.Smp_173170.1
OG0000660	3	NP_009639.3	6183.Smp_066050.1, 6183.Smp_141830.1
OG0000661	3	NP_010486.3, NP_013339.1	6183.Smp_070920.1
OG0000662	3	NP_013585.1	6183.Smp_152790.1, 6183.Smp_202170.1
OG0000663	3	NP_013372.1, NP_014816.2	6183.Smp_163300.1
OG0000664	3	NP_013310.1	6183.Smp_090520.1, 6183.Smp_179110.1
OG0000665	3	NP_013117.1	6183.Smp_028190.1, 6183.Smp_171620.1
OG0000666	3	NP_015198.1	6183.Smp_003770.1, 6183.Smp_162370.1
OG0000667	3	NP_010769.3	6183.Smp_145290.1, 6183.Smp_155890.1
OG0000668	3	NP_012423.1, NP_012962.3	6183.Smp_139250.1
OG0000670	3	NP_014518.1	6183.Smp_131640.1, 6183.Smp_154730.1
OG0000671	3	NP_012274.1	6183.Smp_069870.1, 6183.Smp_069880.1
OG0000672	3	NP_011748.3	6183.Smp_147040.1, 6183.Smp_198360.1
OG0000673	3	NP_009663.1, NP_011580.3	6183.Smp_190020.1
OG0000674	3	NP_012117.3, NP_013021.1	6183.Smp_160850.1
OG0000808	2	NP_013061.1	6183.Smp_046690.1
OG0000809	2	NP_012118.1	6183.Smp_089430.1
OG0000810	2	NP_011790.1	6183.Smp_166840.1
OG0000811	2	NP_010877.3	6183.Smp_061920.1
OG0000812	2	NP_011070.3	6183.Smp_063670.1
OG0000813	2	NP_013386.1	6183.Smp_078280.1
OG0000814	2	NP_116647.1	6183.Smp_136970.1
OG0000815	2	NP_013911.1	6183.Smp_072330.2
OG0000816	2	NP_010113.1	6183.Smp_044440.1
OG0000817	2	NP_009582.1	6183.Smp_026310.1
OG0000818	2	NP_009667.1	6183.Smp_026560.2
OG0000819	2	NP_014900.3	6183.Smp_083740.1
OG0000820	2	NP_012731.1	6183.Smp_064950.1
OG0000821	2	NP_012111.1	6183.Smp_121990.1
OG0000822	2	NP_010414.3	6183.Smp_037230.1
OG0000824	2	NP_013940.1	6183.Smp_129320.1
OG0000826	2	NP_009676.1	6183.Smp_099870.1
OG0000827	2	NP_009390.1	6183.Smp_083650.1
OG0000828	2	NP_010419.3	6183.Smp_171740.1
OG0000829	2	NP_014030.1	6183.Smp_087930.1
OG0000830	2	NP_015053.2	6183.Smp_063000.1
OG0000831	2	NP_010376.3	6183.Smp_124460.1
OG0000834	2	NP_014125.1	6183.Smp_211270.1
OG0000835	2	NP_009723.3	6183.Smp_086900.1
OG0000836	2	NP_015106.1	6183.Smp_073590.1
OG0000837	2	NP_116650.1	6183.Smp_014660.2
OG0000838	2	NP_116615.1	6183.Smp_210430.1
OG0000839	2	NP_012768.1	6183.Smp_017290.3
OG0000840	2	NP_013363.1	6183.Smp_163580.1
OG0000841	2	NP_013396.1	6183.Smp_079430.2
OG0000842	2	NP_012500.3	6183.Smp_049550.1
OG0000843	2	NP_009396.2	6183.Smp_106930.1
OG0000844	2	NP_012579.1	6183.Smp_106130.2
OG0000845	2	NP_011471.1	6183.Smp_079730.1
OG0000846	2	NP_015437.1	6183.Smp_141240.1
OG0000847	2	NP_012203.1	6183.Smp_013360.1
OG0000848	2	NP_010232.1	6183.Smp_164650.1
OG0000849	2	NP_013217.1	6183.Smp_021540.1
OG0000850	2	NP_015147.1	6183.Smp_166430.1
OG0000851	2	NP_011092.1	6183.Smp_024140.4
OG0000852	2	NP_012270.1	6183.Smp_170230.1
OG0000853	2	NP_015282.1	6183.Smp_133470.1
OG0000854	2	NP_014964.1	6183.Smp_067420.1
OG0000856	2	NP_012913.3	6183.Smp_056640.1
OG0000857	2	NP_009621.3	6183.Smp_025130.1
OG0000860	2	NP_011888.1	6183.Smp_046060.1
OG0000862	2	NP_014800.3	6183.Smp_073410.1
OG0000863	2	NP_012533.1	6183.Smp_034490.1
OG0000864	2	NP_011769.1	6183.Smp_032580.2
OG0000865	2	NP_010928.1	6183.Smp_074500.2
OG0000866	2	NP_011651.3	6183.Smp_070930.1
OG0000867	2	NP_009512.1	6183.Smp_025800.1
OG0000868	2	NP_011020.3	6183.Smp_121430.2
OG0000869	2	NP_013618.1	6183.Smp_067890.1
OG0000870	2	NP_011504.3	6183.Smp_207080.1
OG0000871	2	NP_014604.1	6183.Smp_076230.1
OG0000872	2	NP_015007.1	6183.Smp_092280.1
OG0000873	2	NP_116708.1	6183.Smp_056500.1
OG0000874	2	NP_014980.3	6183.Smp_038240.1
OG0000875	2	NP_014931.3	6183.Smp_172110.1
OG0000877	2	NP_011348.1	6183.Smp_126300.1
OG0000879	2	NP_009376.2	6183.Smp_104500.1
OG0000881	2	NP_010556.1	6183.Smp_144970.1
OG0000882	2	NP_010883.3	6183.Smp_164540.1
OG0000883	2	NP_013490.3	6183.Smp_180010.1
OG0000884	2	NP_014015.1	6183.Smp_141630.1
OG0000885	2	NP_014794.3	6183.Smp_130680.1
OG0000886	2	NP_014850.1	6183.Smp_153760.2
OG0000887	2	NP_015335.1	6183.Smp_140690.1
OG0000888	2	NP_010382.3	6183.Smp_042670.2
OG0000889	2	NP_014551.1	6183.Smp_199070.1
OG0000890	2	NP_116652.1	6183.Smp_172620.1
OG0000891	2	NP_010127.1	6183.Smp_153710.1
OG0000892	2	NP_011105.4	6183.Smp_079920.1
OG0000893	2	NP_010241.1	6183.Smp_076880.1
OG0000894	2	NP_010494.1	6183.Smp_124970.1
OG0000895	2	NP_010887.3	6183.Smp_062890.1
OG0000896	2	NP_011891.1	6183.Smp_064350.1
OG0000897	2	NP_012380.1	6183.Smp_015710.1
OG0000899	2	NP_014926.1	6183.Smp_180040.1
OG0000900	2	NP_009490.1	6183.Smp_149260.1
OG0000902	2	NP_010141.1	6183.Smp_156670.1
OG0000903	2	NP_014986.3	6183.Smp_129500.1
OG0000904	2	NP_009757.1	6183.Smp_160940.1
OG0000905	2	NP_009734.1	6183.Smp_049890.1
OG0000906	2	NP_011511.3	6183.Smp_020590.1
OG0000907	2	NP_013090.1	6183.Smp_134060.1
OG0000908	2	NP_015504.1	6183.Smp_169060.1
OG0000909	2	NP_009661.1	6183.Smp_098760.1
OG0000910	2	NP_012218.1	6183.Smp_047540.1
OG0000911	2	NP_011378.1	6183.Smp_015090.1
OG0000912	2	NP_009805.1	6183.Smp_124490.1
OG0000913	2	NP_010652.3	6183.Smp_074370.1
OG0000914	2	NP_015174.1	6183.Smp_104870.1
OG0000915	2	NP_010136.1	6183.Smp_142910.1
OG0000916	2	NP_012709.1	6183.Smp_017750.1
OG0000917	2	NP_013850.1	6183.Smp_022660.1
OG0000918	2	NP_013533.1	6183.Smp_012720.1
OG0000919	2	NP_014450.3	6183.Smp_021870.1
OG0000920	2	NP_011512.1	6183.Smp_132020.1
OG0000921	2	NP_011399.1	6183.Smp_004060.1
OG0000922	2	NP_013230.1	6183.Smp_136010.1
OG0000923	2	NP_010086.2	6183.Smp_212490.1
OG0000924	2	NP_014915.3	6183.Smp_040450.1
OG0000925	2	NP_012864.1	6183.Smp_039640.2
OG0000926	2	NP_014392.3	6183.Smp_073560.2
OG0000927	2	NP_013323.1	6183.Smp_050470.1
OG0000928	2	NP_014004.1	6183.Smp_131560.1
OG0000929	2	NP_013340.1	6183.Smp_176550.1
OG0000930	2	NP_010121.1	6183.Smp_211330.1
OG0000931	2	NP_010304.3	6183.Smp_034190.1
OG0000932	2	NP_010199.1	6183.Smp_003660.1
OG0000933	2	NP_011932.2	6183.Smp_090440.1
OG0000934	2	NP_014287.3	6183.Smp_013790.1
OG0000935	2	NP_010529.3	6183.Smp_093690.2
OG0000936	2	NP_014847.3	6183.Smp_033710.1
OG0000937	2	NP_014017.1	6183.Smp_094020.1
OG0000938	2	NP_013378.1	6183.Smp_095920.1
OG0000939	2	NP_013915.1	6183.Smp_056620.1
OG0000940	2	NP_012267.1	6183.Smp_083710.1
OG0000941	2	NP_014311.3	6183.Smp_065840.1
OG0000942	2	NP_013360.1	6183.Smp_008545.1
OG0000943	2	NP_012598.1	6183.Smp_063420.1
OG0000944	2	NP_010138.1	6183.Smp_004600.1
OG0000945	2	NP_010474.3	6183.Smp_004990.1
OG0000946	2	NP_010498.1	6183.Smp_017360.1
OG0000947	2	NP_012424.1	6183.Smp_149900.1
OG0000948	2	NP_012526.1	6183.Smp_046090.2
OG0000949	2	NP_012124.1	6183.Smp_054340.2
OG0000950	2	NP_012520.1	6183.Smp_041740.1
OG0000951	2	NP_010193.1	6183.Smp_065780.1
OG0000952	2	NP_015502.1	6183.Smp_150160.1
OG0000953	2	NP_014413.1	6183.Smp_123710.1
OG0000954	2	NP_011453.1	6183.Smp_141360.1
OG0000955	2	NP_010147.1	6183.Smp_165490.1
OG0000956	2	NP_010360.1	6183.Smp_030710.1
OG0000957	2	NP_010236.1	6183.Smp_023150.1
OG0000958	2	NP_011059.3	6183.Smp_028990.1
OG0000959	2	NP_013537.1	6183.Smp_141950.1
OG0000960	2	NP_011639.3	6183.Smp_090860.1
OG0000961	2	NP_012073.1	6183.Smp_011570.1
OG0000963	2	NP_011091.1	6183.Smp_041760.1
OG0000964	2	NP_014948.1	6183.Smp_008830.1
OG0000965	2	NP_012140.1	6183.Smp_158050.1
OG0000966	2	NP_012569.1	6183.Smp_135910.1
OG0000967	2	NP_011365.1	6183.Smp_163620.1
OG0000968	2	NP_009383.1	6183.Smp_022310.1
OG0000969	2	NP_011352.1	6183.Smp_194820.1
OG0000970	2	NP_010621.1	6183.Smp_128890.2
OG0000971	2	NP_015243.1	6183.Smp_158610.2
OG0000972	2	NP_013330.1	6183.Smp_082810.2
OG0000973	2	NP_015491.1	6183.Smp_072140.1
OG0000974	2	NP_013713.1	6183.Smp_067140.1
OG0000975	2	NP_010110.1	6183.Smp_128380.1
OG0000976	2	NP_010349.3	6183.Smp_096750.1
OG0000979	2	NP_015234.1	6183.Smp_048430.1
OG0000980	2	NP_013374.1	6183.Smp_131070.1
OG0000981	2	NP_010377.3	6183.Smp_083400.1
OG0000982	2	NP_010462.3	6183.Smp_082050.1
OG0000983	2	NP_011457.1	6183.Smp_118220.1
OG0000984	2	NP_010219.1	6183.Smp_103710.1
OG0000985	2	NP_013735.1	6183.Smp_041390.1
OG0000986	2	NP_011608.1	6183.Smp_097590.1
OG0000987	2	NP_015285.1	6183.Smp_129650.1
OG0000988	2	NP_009477.1	6183.Smp_041600.1
OG0000989	2	NP_013486.3	6183.Smp_122780.1
OG0000990	2	NP_011687.1	6183.Smp_005330.1
OG0000991	2	NP_015165.1	6183.Smp_194160.1
OG0000992	2	NP_011046.3	6183.Smp_136240.6
OG0000993	2	NP_012638.1	6183.Smp_176200.2
OG0000994	2	NP_015303.1	6183.Smp_153770.1
OG0000995	2	NP_013100.1	6183.Smp_067280.1
OG0000996	2	NP_012141.1	6183.Smp_044970.1
OG0000997	2	NP_013407.1	6183.Smp_063090.1
OG0000998	2	NP_010457.3	6183.Smp_005180.1
OG0000999	2	NP_014830.1	6183.Smp_073500.2
OG0001000	2	NP_013170.1	6183.Smp_075690.1
OG0001001	2	NP_010942.1	6183.Smp_095150.1
OG0001002	2	NP_014236.1	6183.Smp_000110.1
OG0001003	2	NP_010673.1	6183.Smp_143150.1
OG0001004	2	NP_010905.1	6183.Smp_094880.1
OG0001005	2	NP_012574.1	6183.Smp_071970.1
OG0001006	2	NP_009530.1	6183.Smp_054840.1
OG0001007	2	NP_015344.1	6183.Smp_172530.1
OG0001008	2	NP_010882.1	6183.Smp_037590.1
OG0001009	2	NP_011314.2	6183.Smp_094140.1
OG0001010	2	NP_013376.1	6183.Smp_143490.1
OG0001011	2	NP_009611.1	6183.Smp_164470.1
OG0001013	2	NP_010550.1	6183.Smp_136530.1
OG0001014	2	NP_009780.1	6183.Smp_002510.1
OG0001015	2	NP_013642.1	6183.Smp_148930.1
OG0001016	2	NP_012503.2	6183.Smp_208010.1
OG0001017	2	NP_012906.3	6183.Smp_091770.1
OG0001018	2	NP_012728.1	6183.Smp_046020.1
OG0001019	2	NP_012221.2	6183.Smp_053230.1
OG0001020	2	NP_014288.3	6183.Smp_066010.2
OG0001021	2	NP_014670.1	6183.Smp_064860.1
OG0001022	2	NP_009713.1	6183.Smp_155480.1
OG0001024	2	NP_014649.1	6183.Smp_065980.1
OG0001025	2	NP_011883.1	6183.Smp_041450.1
OG0001026	2	NP_013083.1	6183.Smp_053510.1
OG0001027	2	NP_014328.3	6183.Smp_212190.1
OG0001028	2	NP_010432.3	6183.Smp_104330.1
OG0001029	2	NP_014158.1	6183.Smp_052810.1
OG0001031	2	NP_012604.1	6183.Smp_056370.1
OG0001032	2	NP_014506.1	6183.Smp_018610.1
OG0001034	2	NP_013714.1	6183.Smp_009600.1
OG0001035	2	NP_015115.1	6183.Smp_135360.1
OG0001038	2	NP_010765.3	6183.Smp_142990.1
OG0001042	2	NP_010778.3	6183.Smp_094250.1
OG0001043	2	NP_009718.3	6183.Smp_073340.1
OG0001044	2	NP_011335.1	6183.Smp_145190.1
OG0001045	2	NP_010256.2	6183.Smp_171610.1
OG0001047	2	NP_014238.3	6183.Smp_103570.1
OG0001048	2	NP_009381.1	6183.Smp_172270.1
OG0001049	2	NP_012925.3	6183.Smp_154270.1
OG0001050	2	NP_013866.1	6183.Smp_006000.1
OG0001051	2	NP_011033.3	6183.Smp_060170.1
OG0001052	2	NP_013764.1	6183.Smp_135120.1
OG0001053	2	NP_014902.3	6183.Smp_017070.1
OG0001054	2	NP_014760.3	6183.Smp_042270.2
OG0001056	2	NP_011708.3	6183.Smp_056970.1
OG0001057	2	NP_013859.1	6183.Smp_008260.1
OG0001058	2	NP_010175.1	6183.Smp_150040.2
OG0001059	2	NP_015283.1	6183.Smp_156990.1
OG0001060	2	NP_014704.1	6183.Smp_099030.1
OG0001061	2	NP_012835.1	6183.Smp_027210.1
OG0001063	2	NP_014717.2	6183.Smp_200410.1
OG0001064	2	NP_116614.1	6183.Smp_183710.1
OG0001065	2	NP_010255.1	6183.Smp_101290.2
OG0001066	2	NP_012599.3	6183.Smp_210740.1
OG0001067	2	NP_015360.2	6183.Smp_091460.1
OG0001068	2	NP_015433.1	6183.Smp_052870.1
OG0001069	2	NP_009701.3	6183.Smp_066630.1
OG0001071	2	NP_010055.1	6183.Smp_152370.1
OG0001072	2	NP_010742.1	6183.Smp_016880.1
OG0001074	2	NP_012368.1	6183.Smp_070710.1
OG0001075	2	NP_014335.1	6183.Smp_035200.4
OG0001076	2	NP_014172.1	6183.Smp_172510.1
OG0001077	2	NP_014897.1	6183.Smp_145670.1
OG0001078	2	NP_013108.1	6183.Smp_151650.1
OG0001079	2	NP_011801.1	6183.Smp_105960.1
OG0001080	2	NP_010277.1	6183.Smp_173840.1
OG0001081	2	NP_010682.3	6183.Smp_072340.1
OG0001082	2	NP_011467.1	6183.Smp_119310.1
OG0001083	2	NP_012777.1	6183.Smp_012470.1
OG0001084	2	NP_010157.1	6183.Smp_018240.3
OG0001085	2	NP_013807.1	6183.Smp_165550.1
OG0001086	2	NP_011786.1	6183.Smp_179290.1
OG0001087	2	NP_015349.1	6183.Smp_055760.1
OG0001088	2	NP_015499.1	6183.Smp_025510.1
OG0001089	2	NP_009636.3	6183.Smp_057320.1
OG0001090	2	NP_010663.1	6183.Smp_083120.1
OG0001091	2	NP_009745.2	6183.Smp_171260.1
OG0001092	2	NP_014706.1	6183.Smp_047200.1
OG0001093	2	NP_015346.1	6183.Smp_137160.1
OG0001094	2	NP_011865.1	6183.Smp_142930.1
OG0001096	2	NP_009850.1	6183.Smp_149320.1
OG0001097	2	NP_009751.1	6183.Smp_061250.1
OG0001098	2	NP_014743.1	6183.Smp_064150.1
OG0001099	2	NP_013452.1	6183.Smp_121160.1
OG0001100	2	NP_011773.3	6183.Smp_137000.1
OG0001101	2	NP_012132.3	6183.Smp_044020.1
OG0001102	2	NP_010973.3	6183.Smp_083720.1
OG0001103	2	NP_013889.1	6183.Smp_044160.1
OG0001104	2	NP_009557.1	6183.Smp_059800.1
OG0001105	2	NP_015256.1	6183.Smp_134230.1
OG0001106	2	NP_015413.1	6183.Smp_059540.1
OG0001107	2	NP_010578.3	6183.Smp_095910.1
OG0001108	2	NP_014361.1	6183.Smp_018680.1
OG0001109	2	NP_014373.3	6183.Smp_088250.1
OG0001110	2	NP_010196.1	6183.Smp_015850.3
OG0001111	2	NP_011853.1	6183.Smp_199130.1
OG0001112	2	NP_014624.1	6183.Smp_138840.1
OG0001114	2	NP_011551.3	6183.Smp_149150.1
OG0001115	2	NP_009691.1	6183.Smp_171150.1
OG0001117	2	NP_011859.1	6183.Smp_102840.1
OG0001118	2	NP_012918.1	6183.Smp_118830.1
OG0001119	2	NP_014844.3	6183.Smp_018480.1
OG0001120	2	NP_011423.1	6183.Smp_027890.1
OG0001122	2	NP_014115.1	6183.Smp_021080.1
OG0001123	2	NP_009404.1	6183.Smp_121800.1
OG0001124	2	NP_011450.1	6183.Smp_177080.1
OG0001125	2	NP_009897.1	6183.Smp_167890.1
OG0001126	2	NP_013176.1	6183.Smp_013200.2
OG0001127	2	NP_012725.1	6183.Smp_047450.1
OG0001128	2	NP_013370.1	6183.Smp_035300.2
OG0001129	2	NP_014045.1	6183.Smp_170730.1
OG0001130	2	NP_009532.1	6183.Smp_154340.1
OG0001132	2	NP_015194.1	6183.Smp_200920.1
OG0001133	2	NP_011872.1	6183.Smp_056440.1
OG0001134	2	NP_011392.1	6183.Smp_013470.2
OG0001135	2	NP_011924.1	6183.Smp_040790.1
OG0001136	2	NP_012856.1	6183.Smp_092750.1
OG0001137	2	NP_011967.1	6183.Smp_196120.1
OG0001138	2	NP_009465.2	6183.Smp_157820.1
OG0001139	2	NP_011026.3	6183.Smp_059750.2
OG0001140	2	NP_011848.1	6183.Smp_066990.1
OG0001141	2	NP_013408.1	6183.Smp_150660.1
OG0001142	2	NP_014132.1	6183.Smp_130340.1
OG0001143	2	NP_013341.1	6183.Smp_128130.1
OG0001144	2	NP_015229.1	6183.Smp_033350.1
OG0001145	2	NP_015266.1	6183.Smp_212580.2
OG0001147	2	NP_010929.3	6183.Smp_157510.1
OG0001148	2	NP_014408.1	6183.Smp_027970.1
OG0001149	2	NP_013012.3	6183.Smp_156060.1
OG0001150	2	NP_011395.1	6183.Smp_087270.1
OG0001151	2	NP_013847.1	6183.Smp_123500.1
OG0001152	2	NP_010953.1	6183.Smp_040540.1
OG0001153	2	NP_010454.3	6183.Smp_135280.1
OG0001154	2	NP_116687.1	6183.Smp_171710.1
OG0001155	2	NP_012592.1	6183.Smp_143060.1
OG0001156	2	NP_012510.3	6183.Smp_034400.1
OG0001157	2	NP_011051.3	6183.Smp_207020.1
OG0001158	2	NP_011374.1	6183.Smp_137040.1
OG0001159	2	NP_009614.2	6183.Smp_069960.1
OG0001160	2	NP_010225.1	6183.Smp_168660.1
OG0001161	2	NP_012485.1	6183.Smp_120360.1
OG0001162	2	NP_011099.1	6183.Smp_105700.1
OG0001163	2	NP_013264.1	6183.Smp_009650.1
OG0001164	2	NP_014149.1	6183.Smp_127050.1
OG0001165	2	NP_012742.1	6183.Smp_049990.1
OG0001166	2	NP_012461.1	6183.Smp_145260.1
OG0001167	2	NP_014647.1	6183.Smp_148660.1
OG0001168	2	NP_010117.1	6183.Smp_019840.2
OG0001169	2	NP_015158.1	6183.Smp_125680.1
OG0001170	2	NP_010181.2	6183.Smp_087010.1
OG0001171	2	NP_014297.3	6183.Smp_178260.1
OG0001173	2	NP_014156.2	6183.Smp_181350.1
OG0001174	2	NP_014637.1	6183.Smp_033050.1
OG0001175	2	NP_011309.1	6183.Smp_154420.1
OG0001176	2	NP_013650.1	6183.Smp_147230.1
OG0001177	2	NP_012602.3	6183.Smp_096360.1
OG0001178	2	NP_014109.1	6183.Smp_066260.1
OG0001179	2	NP_013187.1	6183.Smp_173700.1
OG0001180	2	NP_011391.2	6183.Smp_140440.1
OG0001184	2	NP_009446.2	6183.Smp_172540.1
OG0001185	2	NP_013605.1	6183.Smp_153610.1
OG0001186	2	NP_011946.1	6183.Smp_169980.1
OG0001187	2	NP_010569.3	6183.Smp_079390.1
OG0001188	2	NP_116617.1	6183.Smp_148720.1
OG0001189	2	NP_015432.1	6183.Smp_037380.1
OG0001190	2	NP_014353.1	6183.Smp_007550.1
OG0001191	2	NP_012626.1	6183.Smp_070070.1
OG0001192	2	NP_013514.1	6183.Smp_045860.1
OG0001193	2	NP_010524.3	6183.Smp_124430.1
OG0001194	2	NP_015129.1	6183.Smp_138860.1
OG0001195	2	NP_011777.3	6183.Smp_210090.1
OG0001196	2	NP_012787.1	6183.Smp_034870.1
OG0001197	2	NP_015354.1	6183.Smp_092530.2
OG0001198	2	NP_011716.3	6183.Smp_050730.1
OG0001199	2	NP_012567.3	6183.Smp_127680.1
OG0001200	2	NP_009788.3	6183.Smp_018760.1
OG0001201	2	NP_011711.3	6183.Smp_012110.1
OG0001202	2	NP_013956.1	6183.Smp_105930.1
OG0001203	2	NP_014040.1	6183.Smp_000480.1
OG0001204	2	NP_009516.1	6183.Smp_074020.1
OG0001205	2	NP_014112.1	6183.Smp_092770.1
OG0001206	2	NP_014444.1	6183.Smp_029100.2
OG0001207	2	NP_014713.1	6183.Smp_022130.1
OG0001208	2	NP_013677.1	6183.Smp_004120.1
OG0001209	2	NP_009617.3	6183.Smp_137590.1
OG0001210	2	NP_011472.1	6183.Smp_007660.1
OG0001211	2	NP_012381.1	6183.Smp_173330.1
OG0001212	2	NP_015150.2	6183.Smp_046880.2
OG0001213	2	NP_010993.1	6183.Smp_009030.1
OG0001214	2	NP_015392.1	6183.Smp_034530.1
OG0001215	2	NP_014338.3	6183.Smp_005080.1
OG0001216	2	NP_012123.1	6183.Smp_165580.1
OG0001217	2	NP_009469.2	6183.Smp_134020.1
OG0001218	2	NP_014086.1	6183.Smp_152860.1
OG0001219	2	NP_011098.3	6183.Smp_199100.1
OG0001220	2	NP_015317.1	6183.Smp_101300.1
OG0001221	2	NP_010429.1	6183.Smp_211170.1
OG0001222	2	NP_009365.1	6183.Smp_006990.1
OG0001223	2	NP_014619.1	6183.Smp_167220.1
OG0001224	2	NP_011269.2	6183.Smp_138930.2
OG0001225	2	NP_014811.3	6183.Smp_148050.1
OG0001226	2	NP_014609.1	6183.Smp_009520.1
OG0001228	2	NP_012036.1	6183.Smp_037400.1
OG0001229	2	NP_010244.1	6183.Smp_062520.1
OG0001230	2	NP_011908.1	6183.Smp_030760.1
OG0001231	2	NP_015373.1	6183.Smp_038820.1
OG0001232	2	NP_012217.3	6183.Smp_141100.1
OG0001233	2	NP_015120.1	6183.Smp_067810.1
OG0001235	2	NP_010267.3	6183.Smp_177120.1
OG0001236	2	NP_012903.1	6183.Smp_070690.1
OG0001237	2	NP_013254.1	6183.Smp_168520.1
OG0001238	2	NP_009597.2	6183.Smp_143830.1
OG0001239	2	NP_011308.1	6183.Smp_212220.1
OG0001240	2	NP_011498.1	6183.Smp_101220.1
OG0001241	2	NP_009824.2	6183.Smp_141720.1
OG0001242	2	NP_014021.1	6183.Smp_031990.1
OG0001243	2	NP_010281.1	6183.Smp_148150.1
OG0001244	2	NP_014005.1	6183.Smp_085150.1
OG0001245	2	NP_011396.1	6183.Smp_021330.2
OG0001246	2	NP_011081.1	6183.Smp_161940.1
OG0001247	2	NP_009655.2	6183.Smp_123610.1
OG0001248	2	NP_013451.1	6183.Smp_038080.1
OG0001249	2	NP_011780.3	6183.Smp_040770.1
OG0001250	2	NP_011671.3	6183.Smp_125070.2
OG0001251	2	NP_010405.3	6183.Smp_165900.1
OG0001252	2	NP_014785.3	6183.Smp_052060.1
OG0001253	2	NP_013667.1	6183.Smp_170570.1
OG0001257	2	NP_012818.1	6183.Smp_136260.2
OG0001258	2	NP_014545.2	6183.Smp_029060.1
OG0001259	2	NP_011005.1	6183.Smp_120350.1
OG0001260	2	NP_009403.1	6183.Smp_142780.1
OG0001261	2	NP_010930.1	6183.Smp_068250.1
OG0001262	2	NP_116695.3	6183.Smp_152650.1
OG0001263	2	NP_009794.3	6183.Smp_153480.1
OG0001265	2	NP_013943.1	6183.Smp_041770.1
OG0001266	2	NP_009534.1	6183.Smp_167500.1
OG0001267	2	NP_010014.1	6183.Smp_050880.1
OG0001268	2	NP_011420.3	6183.Smp_104520.1
OG0001269	2	NP_010475.1	6183.Smp_082800.1
OG0001270	2	NP_013500.3	6183.Smp_069670.1
OG0001272	2	NP_015061.1	6183.Smp_158240.1
OG0001273	2	NP_014819.3	6183.Smp_140790.1
OG0001274	2	NP_010228.1	6183.Smp_000510.1
OG0001275	2	NP_014879.1	6183.Smp_175230.1
OG0001276	2	NP_012956.3	6183.Smp_151420.1
OG0001277	2	NP_013698.1	6183.Smp_124160.2
OG0001278	2	NP_013309.1	6183.Smp_090870.1
OG0001279	2	NP_116635.1	6183.Smp_046740.1
OG0001282	2	NP_014069.1	6183.Smp_005210.1
OG0001283	2	NP_014377.1	6183.Smp_138770.1
OG0001284	2	NP_010618.1	6183.Smp_011230.1
OG0001285	2	NP_012655.3	6183.Smp_038100.1
OG0001286	2	NP_009685.3	6183.Smp_029390.1
OG0001287	2	NP_010096.1	6183.Smp_147050.1
OG0001288	2	NP_009453.2	6183.Smp_002880.1
OG0001289	2	NP_014179.1	6183.Smp_055990.1
OG0001290	2	NP_010347.1	6183.Smp_079380.1
OG0001291	2	NP_014025.1	6183.Smp_028080.1
OG0001292	2	NP_010518.1	6183.Smp_045260.1
OG0001293	2	NP_013857.1	6183.Smp_136360.1
OG0001294	2	NP_014804.3	6183.Smp_160740.1
OG0001295	2	NP_010192.1	6183.Smp_084610.1
OG0001296	2	NP_010617.1	6183.Smp_131520.1
OG0001297	2	NP_009938.2	6183.Smp_018890.1
OG0001298	2	NP_010961.3	6183.Smp_028440.1
OG0001299	2	NP_009575.1	6183.Smp_070780.1
OG0001300	2	NP_013482.1	6183.Smp_053820.1
OG0001301	2	NP_013313.1	6183.Smp_034670.1
OG0001302	2	NP_013625.1	6183.Smp_103790.1
OG0001303	2	NP_010893.3	6183.Smp_050540.1
OG0001305	2	NP_011943.2	6183.Smp_046890.1
OG0001306	2	NP_015153.1	6183.Smp_057930.1
OG0001307	2	NP_014439.3	6183.Smp_202500.1
OG0001308	2	NP_010580.1	6183.Smp_154950.1
OG0001309	2	NP_014917.3	6183.Smp_102920.1
OG0001310	2	NP_010872.1	6183.Smp_081450.1
OG0001311	2	NP_010920.3	6183.Smp_166520.1
OG0001312	2	NP_014350.1	6183.Smp_052330.1
OG0001313	2	NP_015297.1	6183.Smp_197330.1
OG0001314	2	NP_013580.1	6183.Smp_198690.1
OG0001315	2	NP_010983.2	6183.Smp_009150.1
OG0001316	2	NP_014797.1	6183.Smp_092950.1
OG0001317	2	NP_013542.1	6183.Smp_000660.1
OG0001318	2	NP_013127.2	6183.Smp_049150.1
OG0001320	2	NP_012633.1	6183.Smp_168800.2
OG0001321	2	NP_014337.3	6183.Smp_012860.1
OG0001322	2	NP_014276.1	6183.Smp_211260.1
OG0001323	2	NP_011418.1	6183.Smp_076530.1
OG0001325	2	NP_011021.3	6183.Smp_124230.1
OG0001327	2	NP_009585.1	6183.Smp_144030.1
OG0001330	2	NP_013481.3	6183.Smp_097370.1
OG0001331	2	NP_010497.3	6183.Smp_019380.1
OG0001332	2	NP_010186.1	6183.Smp_061650.1
OG0001333	2	NP_013394.1	6183.Smp_014620.1
OG0001334	2	NP_012951.1	6183.Smp_084900.1
OG0001335	2	NP_011597.1	6183.Smp_166550.1
OG0001336	2	NP_013796.1	6183.Smp_159400.1
OG0001338	2	NP_011689.1	6183.Smp_080550.1
OG0001339	2	NP_009364.1	6183.Smp_173180.2
OG0001340	2	NP_009581.1	6183.Smp_015720.1
OG0001341	2	NP_010276.3	6183.Smp_028430.1
OG0001342	2	NP_012838.1	6183.Smp_047370.1
OG0001343	2	NP_010134.1	6183.Smp_058650.1
OG0001344	2	NP_009590.1	6183.Smp_029240.2
OG0001346	2	NP_014754.3	6183.Smp_061040.1
OG0001347	2	NP_013935.1	6183.Smp_042980.1
OG0001348	2	NP_012056.1	6183.Smp_159000.1
OG0001349	2	NP_010329.1	6183.Smp_162280.1
OG0001350	2	NP_015435.1	6183.Smp_004640.1
OG0001351	2	NP_012243.3	6183.Smp_099170.1
OG0001352	2	NP_009793.1	6183.Smp_134400.1
OG0001353	2	NP_010217.1	6183.Smp_163050.1
OG0001354	2	NP_009595.1	6183.Smp_033670.5
OG0001355	2	NP_012606.3	6183.Smp_072790.1
OG0001356	2	NP_014231.1	6183.Smp_175750.1
OG0001357	2	NP_010140.1	6183.Smp_081420.1
OG0001358	2	NP_013513.3	6183.Smp_186640.1
OG0001359	2	NP_013597.1	6183.Smp_021910.1
OG0001360	2	NP_009976.1	6183.Smp_166830.1
OG0001361	2	NP_009928.1	6183.Smp_029890.1
OG0001362	2	NP_009912.2	6183.Smp_075470.1
OG0001363	2	NP_013308.1	6183.Smp_133270.1
OG0001364	2	NP_010065.2	6183.Smp_131660.1
OG0001366	2	NP_011277.1	6183.Smp_030250.1
OG0001368	2	NP_012732.1	6183.Smp_007170.1
OG0001369	2	NP_012508.1	6183.Smp_055890.1
OG0001370	2	NP_011380.3	6183.Smp_042090.1
OG0001371	2	NP_009503.1	6183.Smp_060950.1
OG0001372	2	NP_011435.1	6183.Smp_022430.1
OG0001373	2	NP_010270.1	6183.Smp_044280.1
OG0001374	2	NP_015411.1	6183.Smp_063650.4
OG0001375	2	NP_011762.1	6183.Smp_071570.1
OG0001376	2	NP_009556.1	6183.Smp_048520.1
OG0001377	2	NP_014140.1	6183.Smp_150460.1
OG0001378	2	NP_011867.1	6183.Smp_055390.1
OG0001379	2	NP_013091.1	6183.Smp_154650.1
OG0001380	2	NP_012234.3	6183.Smp_164830.1
OG0001381	2	NP_010566.1	6183.Smp_048620.1
OG0001384	2	NP_013944.1	6183.Smp_063830.1
OG0001385	2	NP_009518.1	6183.Smp_067260.1
OG0001386	2	NP_009565.1	6183.Smp_210890.1
OG0001387	2	NP_015187.1	6183.Smp_022020.1
OG0001388	2	NP_010971.1	6183.Smp_196270.1
OG0001389	2	NP_009645.1	6183.Smp_046500.2
OG0001390	2	NP_010269.1	6183.Smp_081820.3
OG0001391	2	NP_014663.1	6183.Smp_097380.1
OG0001392	2	NP_010335.1	6183.Smp_003990.1
OG0001393	2	NP_010863.1	6183.Smp_103200.1
OG0001394	2	NP_009848.4	6183.Smp_056860.1
OG0001395	2	NP_012392.1	6183.Smp_155870.1
OG0001396	2	NP_009475.1	6183.Smp_073790.1
OG0001397	2	NP_015003.1	6183.Smp_176340.1
OG0001399	2	NP_011086.3	6183.Smp_167570.1
OG0001400	2	NP_010584.1	6183.Smp_039000.1
OG0001401	2	NP_014977.3	6183.Smp_085520.1
OG0001402	2	NP_013924.1	6183.Smp_068480.1
OG0001403	2	NP_009398.1	6183.Smp_030690.1
OG0001404	2	NP_010890.3	6183.Smp_061870.1
OG0001405	2	NP_010469.3	6183.Smp_028930.1
OG0001406	2	NP_013237.1	6183.Smp_087320.1
OG0001407	2	NP_009925.1	6183.Smp_019490.1
OG0001408	2	NP_013701.1	6183.Smp_079310.1
OG0001409	2	NP_009704.1	6183.Smp_164790.1
OG0001410	2	NP_015419.1	6183.Smp_011720.1
OG0001411	2	NP_009351.1	6183.Smp_149440.1
OG0001412	2	NP_010753.1	6183.Smp_024380.1
OG0001413	2	NP_014098.1	6183.Smp_031570.1
OG0001414	2	NP_011447.1	6183.Smp_066740.1
OG0001420	2	NP_015512.1	6183.Smp_147010.1
OG0001421	2	NP_013109.1	6183.Smp_153950.1
OG0001422	2	NP_010615.3	6183.Smp_052910.1
OG0001423	2	NP_009604.1	6183.Smp_032760.1
OG0001424	2	NP_011697.3	6183.Smp_061560.1
OG0001425	2	NP_014020.1	6183.Smp_166120.1
OG0001426	2	NP_009564.1	6183.Smp_082240.1
OG0001427	2	NP_014746.2	6183.Smp_020770.1
OG0001428	2	NP_012729.1	6183.Smp_015860.1
OG0001429	2	NP_011633.3	6183.Smp_074470.1
OG0001430	2	NP_014514.1	6183.Smp_003410.1
OG0001431	2	NP_010200.1	6183.Smp_119920.1
OG0001432	2	NP_014631.1	6183.Smp_210630.1
OG0001433	2	NP_010280.1	6183.Smp_082120.1
OG0001434	2	NP_014734.2	6183.Smp_099900.1
OG0001436	2	NP_014937.1	6183.Smp_058680.2
OG0001437	2	NP_010798.1	6183.Smp_045510.1
OG0001438	2	NP_014155.1	6183.Smp_019440.1
OG0001439	2	NP_116636.1	6183.Smp_038680.1
OG0001440	2	NP_014252.2	6183.Smp_210830.1
OG0001441	2	NP_012411.1	6183.Smp_175550.1
OG0001442	2	NP_009961.2	6183.Smp_135870.1
OG0001444	2	NP_015458.1	6183.Smp_008500.2
OG0001445	2	NP_012035.1	6183.Smp_140890.1
OG0001446	2	NP_014137.1	6183.Smp_210940.1
OG0001447	2	NP_010664.3	6183.Smp_166580.1
OG0001448	2	NP_013797.1	6183.Smp_061590.1
OG0001449	2	NP_012034.1	6183.Smp_197880.1
OG0001450	2	NP_013207.1	6183.Smp_143650.1
OG0001451	2	NP_013060.1	6183.Smp_021170.1
OG0001452	2	NP_013986.1	6183.Smp_138200.1
OG0001453	2	NP_013427.1	6183.Smp_033590.1
OG0001454	2	NP_012942.3	6183.Smp_130600.1
OG0001455	2	NP_011562.1	6183.Smp_196510.1
OG0001456	2	NP_013966.1	6183.Smp_142510.2
OG0001457	2	NP_012328.1	6183.Smp_148410.1
OG0001458	2	NP_009551.2	6183.Smp_120740.1
OG0001459	2	NP_012137.3	6183.Smp_141860.1
OG0001461	2	NP_012933.4	6183.Smp_128120.1
OG0001462	2	NP_010017.2	6183.Smp_133320.1
OG0001463	2	NP_012426.1	6183.Smp_162600.1
OG0001465	2	NP_013725.1	6183.Smp_161480.1
OG0001466	2	NP_014102.1	6183.Smp_212080.1
OG0001467	2	NP_011612.3	6183.Smp_167810.1
OG0001468	2	NP_011631.1	6183.Smp_180420.1
OG0001469	2	NP_014227.4	6183.Smp_151380.1
OG0001470	2	NP_010443.3	6183.Smp_180900.1
OG0001471	2	NP_015370.1	6183.Smp_097830.1
OG0001473	2	NP_009486.3	6183.Smp_000710.1
OG0001474	2	NP_010354.3	6183.Smp_152000.1
OG0001476	2	NP_011078.3	6183.Smp_005280.1
OG0001477	2	NP_116665.1	6183.Smp_084740.1
OG0001478	2	NP_014260.3	6183.Smp_086460.1
OG0001479	2	NP_012912.1	6183.Smp_160770.1
OG0001480	2	NP_014981.1	6183.Smp_133700.1
OG0001481	2	NP_010322.1	6183.Smp_104470.1
OG0001482	2	NP_013663.1	6183.Smp_137430.1
OG0001483	2	NP_010662.3	6183.Smp_040460.1
OG0001484	2	NP_013962.1	6183.Smp_166310.1
OG0001486	2	NP_013777.1	6183.Smp_147360.1
OG0001487	2	NP_013218.1	6183.Smp_148230.1
OG0001488	2	NP_013488.3	6183.Smp_144930.1
OG0001489	2	NP_009971.1	6183.Smp_128960.1
OG0001490	2	NP_015319.1	6183.Smp_039130.1
OG0001491	2	NP_015358.1	6183.Smp_023360.1
OG0001492	2	NP_010476.1	6183.Smp_064050.2
OG0001494	2	NP_015107.1	6183.Smp_100030.1
OG0001495	2	NP_013335.1	6183.Smp_158140.1
OG0001496	2	NP_012138.1	6183.Smp_171230.1
OG0001497	2	NP_014860.1	6183.Smp_004020.1
OG0001498	2	NP_013795.1	6183.Smp_042810.1
OG0001499	2	NP_014707.1	6183.Smp_120980.1
OG0001500	2	NP_009795.3	6183.Smp_038940.1
OG0001501	2	NP_014317.4	6183.Smp_143380.1
OG0001502	2	NP_013890.1	6183.Smp_009550.1
OG0001503	2	NP_010223.1	6183.Smp_038930.1
OG0001504	2	NP_015507.1	6183.Smp_099310.1
OG0001506	2	NP_011276.1	6183.Smp_128050.1
OG0001507	2	NP_015200.1	6183.Smp_049920.3
OG0001508	2	NP_013373.1	6183.Smp_083150.1
OG0001509	2	NP_013703.1	6183.Smp_151070.1
OG0001510	2	NP_014496.2	6183.Smp_072370.1
OG0001511	2	NP_009531.1	6183.Smp_126490.1
OG0001512	2	NP_011892.1	6183.Smp_000030.1
OG0001513	2	NP_014152.1	6183.Smp_170800.2
OG0001514	2	NP_014359.3	6183.Smp_052800.1
OG0001515	2	NP_012712.1	6183.Smp_162630.1
OG0001516	2	NP_010678.3	6183.Smp_166220.1
OG0001517	2	NP_015506.1	6183.Smp_048760.1
OG0001518	2	NP_015391.1	6183.Smp_211070.1
OG0001519	2	NP_011979.1	6183.Smp_035280.1
OG0001521	2	NP_010718.1	6183.Smp_146140.1
OG0001522	2	NP_011734.3	6183.Smp_124820.1
OG0001523	2	NP_012717.1	6183.Smp_137650.1
OG0001524	2	NP_009573.1	6183.Smp_142770.1
OG0001525	2	NP_010612.2	6183.Smp_078920.1
OG0001526	2	NP_116660.1	6183.Smp_017890.1
OG0001527	2	NP_014134.1	6183.Smp_057650.1
OG0001528	2	NP_015316.1	6183.Smp_052790.1
OG0001529	2	NP_013249.1	6183.Smp_142210.1
OG0001530	2	NP_009644.3	6183.Smp_050820.1
OG0001531	2	NP_014267.1	6183.Smp_144490.1
OG0001532	2	NP_010345.3	6183.Smp_132590.1
OG0001533	2	NP_010091.2	6183.Smp_030780.1
OG0001534	2	NP_014691.1	6183.Smp_133300.1
OG0001535	2	NP_010704.1	6183.Smp_166240.1
OG0001536	2	NP_010611.3	6183.Smp_152740.1
OG0001537	2	NP_010784.1	6183.Smp_098450.1
OG0001538	2	NP_011944.2	6183.Smp_156450.2
OG0001539	2	NP_011604.3	6183.Smp_149070.1
OG0001540	2	NP_012466.1	6183.Smp_046680.1
OG0001542	2	NP_012190.1	6183.Smp_175250.1
OG0001543	2	NP_011889.1	6183.Smp_094050.2
OG0001544	2	NP_010991.3	6183.Smp_204730.1
OG0001545	2	NP_009635.1	6183.Smp_001170.1
OG0001546	2	NP_011937.1	6183.Smp_045760.1
OG0001547	2	NP_014803.1	6183.Smp_164410.1
OG0001548	2	NP_012077.1	6183.Smp_121610.2
OG0001549	2	NP_014657.1	6183.Smp_035430.2
OG0001550	2	NP_009495.1	6183.Smp_060010.1
OG0001551	2	NP_012788.2	6183.Smp_075220.1
OG0001552	2	NP_009876.1	6183.Smp_172190.1
OG0001553	2	NP_011323.3	6183.Smp_146300.1
OG0001554	2	NP_009884.1	6183.Smp_003340.1
OG0001555	2	NP_010925.1	6183.Smp_037700.1
OG0001557	2	NP_011739.1	6183.Smp_154110.1
OG0001558	2	NP_013219.1	6183.Smp_025160.3
OG0001559	2	NP_013888.1	6183.Smp_147940.2
OG0001560	2	NP_014581.1	6183.Smp_146680.1
OG0001561	2	NP_013005.1	6183.Smp_031040.2
OG0001562	2	NP_012756.1	6183.Smp_065130.2
OG0001563	2	NP_012473.1	6183.Smp_061970.1
OG0001564	2	NP_013069.1	6183.Smp_021980.1
OG0001565	2	NP_011794.3	6183.Smp_171070.1
OG0001566	2	NP_011701.3	6183.Smp_129210.1
OG0001567	2	NP_014544.1	6183.Smp_082860.1
OG0001568	2	NP_012226.3	6183.Smp_088600.1
OG0001569	2	NP_010116.1	6183.Smp_024970.1
OG0001570	2	NP_013102.1	6183.Smp_132350.1
OG0001571	2	NP_015470.1	6183.Smp_017640.1
OG0001572	2	NP_011488.1	6183.Smp_024580.2
OG0001573	2	NP_013531.3	6183.Smp_038700.5
OG0001574	2	NP_013228.1	6183.Smp_152400.1
OG0001575	2	NP_116657.1	6183.Smp_103100.1
OG0001576	2	NP_013617.1	6183.Smp_012340.1
OG0001577	2	NP_010132.1	6183.Smp_149960.1
OG0001578	2	NP_011089.4	6183.Smp_021550.1
OG0001579	2	NP_012505.1	6183.Smp_168050.1
OG0001580	2	NP_010011.1	6183.Smp_150840.2
OG0001581	2	NP_012982.2	6183.Smp_123520.1
OG0001582	2	NP_014913.3	6183.Smp_040970.1
OG0001583	2	NP_009792.3	6183.Smp_132270.1
OG0001584	2	NP_012494.3	6183.Smp_049880.1
OG0001585	2	NP_009529.1	6183.Smp_175950.1
OG0001586	2	NP_011861.1	6183.Smp_126520.1
OG0001587	2	NP_010820.3	6183.Smp_064750.1
OG0001588	2	NP_014643.1	6183.Smp_131150.1
OG0001590	2	NP_012341.1	6183.Smp_145740.1
OG0001591	2	NP_015488.1	6183.Smp_042210.1
OG0001592	2	NP_011761.3	6183.Smp_098980.1
OG0001593	2	NP_015416.1	6183.Smp_022630.1
OG0001594	2	NP_012063.3	6183.Smp_018530.2
OG0001595	2	NP_011410.1	6183.Smp_073620.1
OG0001596	2	NP_012927.3	6183.Smp_178850.1
OG0001597	2	NP_011792.1	6183.Smp_160090.1
OG0001598	2	NP_013208.1	6183.Smp_071770.1
OG0001600	2	NP_014849.3	6183.Smp_154980.1
OG0001601	2	NP_116629.1	6183.Smp_014400.3
OG0001603	2	NP_012879.1	6183.Smp_079050.1
OG0001604	2	NP_014192.1	6183.Smp_043200.1
OG0001605	2	NP_014762.3	6183.Smp_022140.1
OG0001607	2	NP_012363.1	6183.Smp_019630.1
OG0001609	2	NP_014539.1	6183.Smp_037640.1
OG0001610	2	NP_012532.3	6183.Smp_105680.1
OG0001611	2	NP_011493.1	6183.Smp_158600.1
OG0001613	2	NP_009679.2	6183.Smp_040800.1
OG0001614	2	NP_014327.1	6183.Smp_041890.2
OG0001615	2	NP_011733.3	6183.Smp_197640.1
OG0001616	2	NP_011941.1	6183.Smp_162660.1
OG0001617	2	NP_012246.1	6183.Smp_051260.1
OG0001618	2	NP_013951.1	6183.Smp_068110.1
OG0001619	2	NP_015006.3	6183.Smp_058460.1
OG0001620	2	NP_011568.3	6183.Smp_175840.1
OG0001621	2	NP_013244.1	6183.Smp_163100.1
OG0001622	2	NP_010653.1	6183.Smp_002230.1
OG0001623	2	NP_011661.2	6183.Smp_180370.1
OG0001624	2	NP_009455.3	6183.Smp_157290.1
OG0001626	2	NP_013967.1	6183.Smp_096810.1
OG0001627	2	NP_014412.1	6183.Smp_149450.1
OG0001628	2	NP_013509.1	6183.Smp_026700.1
OG0001629	2	NP_013631.1	6183.Smp_096200.1
OG0001631	2	NP_014886.1	6183.Smp_129630.1
OG0001632	2	NP_012175.1	6183.Smp_158840.1
OG0001633	2	NP_012395.1	6183.Smp_074230.1
OG0001634	2	NP_014376.3	6183.Smp_211200.1
OG0001637	2	NP_015128.1	6183.Smp_149630.1
OG0001638	2	NP_010674.3	6183.Smp_151510.1
OG0001639	2	NP_012435.1	6183.Smp_018460.1
OG0001640	2	NP_011545.1	6183.Smp_193750.1
OG0001641	2	NP_010862.1	6183.Smp_015780.1
OG0001642	2	NP_009514.1	6183.Smp_134650.1
OG0001643	2	NP_010180.1	6183.Smp_043350.1
OG0001644	2	NP_011270.1	6183.Smp_161170.1
OG0001645	2	NP_012774.1	6183.Smp_061230.1
OG0001647	2	NP_012058.1	6183.Smp_020210.1
OG0001648	2	NP_014230.1	6183.Smp_021830.1
OG0001649	2	NP_010620.3	6183.Smp_170100.1
OG0001651	2	NP_014766.1	6183.Smp_172160.1
OG0001652	2	NP_012665.3	6183.Smp_018150.1
OG0001653	2	NP_009473.2	6183.Smp_181240.1
OG0001654	2	NP_014159.1	6183.Smp_083020.1
OG0001655	2	NP_013932.1	6183.Smp_043670.2
OG0001656	2	NP_009370.1	6183.Smp_105860.1
OG0001657	2	NP_011415.1	6183.Smp_060180.1
OG0001658	2	NP_009755.1	6183.Smp_022400.1
OG0001660	2	NP_015019.1	6183.Smp_022960.1
OG0001661	2	NP_009560.1	6183.Smp_161350.1
OG0001662	2	NP_011902.1	6183.Smp_065060.1
OG0001663	2	NP_013828.1	6183.Smp_172730.1
OG0001664	2	NP_014699.1	6183.Smp_064510.1
OG0001666	2	NP_009822.4	6183.Smp_179710.1
OG0001667	2	NP_013726.1	6183.Smp_048540.1
OG0001668	2	NP_013161.1	6183.Smp_094060.1
OG0001669	2	NP_013204.1	6183.Smp_047610.1
OG0001670	2	NP_011607.3	6183.Smp_152510.1
OG0001671	2	NP_011617.1	6183.Smp_055800.1
OG0001672	2	NP_011067.3	6183.Smp_175200.1
OG0001674	2	NP_010334.1	6183.Smp_057430.1
OG0001675	2	NP_010306.1	6183.Smp_053610.1
OG0001676	2	NP_014180.1	6183.Smp_103930.5
OG0001677	2	NP_014427.1	6183.Smp_161590.1
OG0001678	2	NP_011831.1	6183.Smp_141770.1
OG0001679	2	NP_012809.1	6183.Smp_186980.1
OG0001680	2	NP_011774.1	6183.Smp_123940.1
OG0001681	2	NP_014884.1	6183.Smp_162030.1
OG0001682	2	NP_015002.3	6183.Smp_091730.1
OG0001683	2	NP_013276.1	6183.Smp_068920.3
OG0001684	2	NP_015239.1	6183.Smp_085500.1
OG0001685	2	NP_010856.1	6183.Smp_157710.1
OG0001686	2	NP_015193.1	6183.Smp_141470.1
OG0001687	2	NP_015102.1	6183.Smp_196150.1
OG0001688	2	NP_011403.1	6183.Smp_061300.1
OG0001689	2	NP_013536.3	6183.Smp_012930.1
OG0001690	2	NP_116655.1	6183.Smp_171830.1
OG0001692	2	NP_010373.3	6183.Smp_019190.1
OG0001694	2	NP_014955.1	6183.Smp_148990.1
OG0001695	2	NP_013298.1	6183.Smp_048660.1
OG0001696	2	NP_014644.1	6183.Smp_096910.1
OG0001697	2	NP_014710.1	6183.Smp_151520.1
OG0001698	2	NP_012242.1	6183.Smp_158380.1
OG0001699	2	NP_010938.1	6183.Smp_085310.2
OG0001700	2	NP_014199.1	6183.Smp_142640.1
OG0001701	2	NP_009591.1	6183.Smp_051550.1
OG0001703	2	NP_444296.1	6183.Smp_194930.1
OG0001704	2	NP_011981.1	6183.Smp_210610.1
OG0001706	2	NP_012535.3	6183.Smp_023660.1
OG0001707	2	NP_014372.1	6183.Smp_166680.1
OG0001708	2	NP_011084.1	6183.Smp_130460.1
OG0001709	2	NP_011850.1	6183.Smp_030280.1
OG0001710	2	NP_013576.1	6183.Smp_124920.1
OG0001711	2	NP_012040.1	6183.Smp_076630.2
OG0001712	2	NP_009952.2	6183.Smp_054640.1
OG0001713	2	NP_014398.1	6183.Smp_204770.1
OG0001714	2	NP_015228.1	6183.Smp_176290.1
OG0001716	2	NP_010698.1	6183.Smp_080130.1
OG0001717	2	NP_116709.3	6183.Smp_031860.1
OG0001718	2	NP_012889.3	6183.Smp_133600.1
OG0001719	2	NP_010239.1	6183.Smp_126650.1
OG0001720	2	NP_013903.1	6183.Smp_008370.1
OG0001721	2	NP_012163.1	6183.Smp_030930.2
OG0001722	2	NP_012730.1	6183.Smp_174680.1
OG0001723	2	NP_014837.1	6183.Smp_080280.1
OG0001724	2	NP_011341.3	6183.Smp_077590.1
OG0001725	2	NP_011516.1	6183.Smp_002160.1
OG0001727	2	NP_009358.1	6183.Smp_040360.1
OG0001728	2	NP_013644.1	6183.Smp_164200.1
OG0001729	2	NP_011770.3	6183.Smp_024110.1
OG0001730	2	NP_015089.1	6183.Smp_132690.1
OG0001731	2	NP_015310.1	6183.Smp_084140.1
OG0001733	2	NP_012617.1	6183.Smp_148440.1
OG0001735	2	NP_011445.1	6183.Smp_067090.1
OG0001736	2	NP_015324.1	6183.Smp_178700.1
OG0001737	2	NP_011783.1	6183.Smp_026920.1
OG0001738	2	NP_013463.1	6183.Smp_038030.1
OG0001739	2	NP_011727.3	6183.Smp_134010.1
OG0001740	2	NP_012964.2	6183.Smp_012450.1
OG0001741	2	NP_013753.1	6183.Smp_084620.1
OG0001742	2	NP_010554.1	6183.Smp_150680.1
OG0001743	2	NP_012651.1	6183.Smp_082620.1
OG0001744	2	NP_011538.3	6183.Smp_073990.1
OG0001745	2	NP_011068.1	6183.Smp_199730.1
OG0001746	2	NP_011372.3	6183.Smp_211090.1
OG0001747	2	NP_013383.1	6183.Smp_079810.1
OG0001748	2	NP_012183.2	6183.Smp_131090.1
OG0001749	2	NP_015168.1	6183.Smp_154780.1
OG0001750	2	NP_012539.1	6183.Smp_076660.1
OG0001751	2	NP_014426.3	6183.Smp_036570.1
OG0001752	2	NP_014887.3	6183.Smp_053140.1
OG0001753	2	NP_014893.1	6183.Smp_019130.1
OG0001754	2	NP_013065.1	6183.Smp_018280.1
OG0001755	2	NP_015205.1	6183.Smp_048990.1
OG0001756	2	NP_010914.3	6183.Smp_035470.1
OG0001757	2	NP_010918.1	6183.Smp_089590.1
OG0001758	2	NP_015361.1	6183.Smp_015070.1
OG0001759	2	NP_009471.1	6183.Smp_150200.1
OG0001761	2	NP_015366.1	6183.Smp_122840.1
OG0001762	2	NP_015087.1	6183.Smp_103460.1
OG0001763	2	NP_010302.1	6183.Smp_128980.1
OG0001764	2	NP_013420.2	6183.Smp_146030.1
OG0001765	2	NP_013458.1	6183.Smp_070600.1
OG0001766	2	NP_013296.1	6183.Smp_121420.1
OG0001767	2	NP_011956.1	6183.Smp_145800.1
OG0001768	2	NP_014324.3	6183.Smp_061950.1
OG0001769	2	NP_015372.2	6183.Smp_149430.1
OG0001770	2	NP_116631.1	6183.Smp_101240.1
OG0001771	2	NP_009802.3	6183.Smp_051360.1
OG0001772	2	NP_011475.1	6183.Smp_045810.1
OG0001773	2	NP_011841.1	6183.Smp_131670.1
OG0001774	2	NP_011760.3	6183.Smp_167330.1
OG0001775	2	NP_011521.1	6183.Smp_158130.1
OG0001776	2	NP_011718.1	6183.Smp_124730.1
OG0001777	2	NP_010251.1	6183.Smp_178920.1
OG0001778	2	NP_013105.1	6183.Smp_136520.1
OG0001779	2	NP_011520.2	6183.Smp_059360.1
OG0001780	2	NP_011796.1	6183.Smp_010140.1
OG0001782	2	NP_015262.1	6183.Smp_024360.1
OG0001783	2	NP_014441.1	6183.Smp_172660.1
OG0001784	2	NP_009729.1	6183.Smp_039180.1
OG0001785	2	NP_014720.1	6183.Smp_023250.1
OG0001786	2	NP_011304.2	6183.Smp_040560.1
OG0001787	2	NP_013614.1	6183.Smp_022470.1
OG0001788	2	NP_015466.1	6183.Smp_065160.1
OG0001789	2	NP_010231.1	6183.Smp_000070.1
OG0001790	2	NP_012273.1	6183.Smp_160190.1
OG0001791	2	NP_011906.1	6183.Smp_080840.1
OG0001793	2	NP_012773.1	6183.Smp_007190.1
OG0001794	2	NP_009533.1	6183.Smp_131100.1
OG0001795	2	NP_012113.1	6183.Smp_166290.1
OG0001796	2	NP_014397.1	6183.Smp_002960.1
OG0001797	2	NP_010332.3	6183.Smp_143740.1
OG0001798	2	NP_015109.1	6183.Smp_063250.1
OG0001799	2	NP_009872.1	6183.Smp_115060.1
OG0001800	2	NP_013651.1	6183.Smp_074010.1
OG0001801	2	NP_010045.1	6183.Smp_030220.1
OG0001802	2	NP_012070.3	6183.Smp_000740.2
OG0001803	2	NP_009448.1	6183.Smp_067780.1
OG0001804	2	NP_010076.1	6183.Smp_095130.1
OG0001805	2	NP_011519.3	6183.Smp_121640.1
OG0001806	2	NP_010330.1	6183.Smp_034100.1
OG0001807	2	NP_012843.1	6183.Smp_211280.1
OG0001808	2	NP_013794.1	6183.Smp_053040.1
OG0001809	2	NP_013723.1	6183.Smp_147370.1
OG0001810	2	NP_012410.1	6183.Smp_194620.1
OG0001811	2	NP_012540.3	6183.Smp_093750.2
OG0001812	2	NP_013122.1	6183.Smp_007970.1
OG0001813	2	NP_010723.1	6183.Smp_124860.1
OG0001814	2	NP_012156.1	6183.Smp_171890.1
OG0001815	2	NP_013387.1	6183.Smp_133160.1
OG0001816	2	NP_011935.1	6183.Smp_065120.1
OG0001817	2	NP_015231.2	6183.Smp_119980.1
OG0001818	2	NP_012656.1	6183.Smp_170950.1
OG0001819	2	NP_014281.1	6183.Smp_006190.1
OG0001820	2	NP_009668.3	6183.Smp_005010.1
OG0001821	2	NP_011083.3	6183.Smp_024490.1
OG0001822	2	NP_013552.3	6183.Smp_079950.1
OG0001823	2	NP_009574.1	6183.Smp_059880.1
OG0001825	2	NP_015214.1	6183.Smp_059980.1
OG0001826	2	NP_014548.1	6183.Smp_211190.1
OG0001827	2	NP_013652.1	6183.Smp_171820.2
OG0001828	2	NP_009973.1	6183.Smp_156270.1
OG0001829	2	NP_014565.2	6183.Smp_156780.1
OG0001830	2	NP_011703.3	6183.Smp_073200.1
OG0001831	2	NP_015509.1	6183.Smp_042790.1
OG0001832	2	NP_011615.1	6183.Smp_032420.1
OG0001833	2	NP_013316.1	6183.Smp_167410.1
OG0001834	2	NP_011485.1	6183.Smp_044580.1
OG0001835	2	NP_013691.1	6183.Smp_158920.1
OG0001836	2	NP_010932.1	6183.Smp_054540.1
OG0001837	2	NP_015348.1	6183.Smp_140950.1
OG0001838	2	NP_014875.3	6183.Smp_062790.1
OG0001839	2	NP_009787.3	6183.Smp_106040.1
OG0001841	2	NP_012955.1	6183.Smp_029040.1
OG0001842	2	NP_011936.1	6183.Smp_064260.1
OG0001843	2	NP_116683.1	6183.Smp_065150.1
OG0001844	2	NP_012355.1	6183.Smp_162270.1
OG0001845	2	NP_012263.1	6183.Smp_210380.1
OG0001846	2	NP_014807.3	6183.Smp_050130.1
OG0001847	2	NP_009319.1	6183.Smp_000880.2
OG0001848	2	NP_013007.1	6183.Smp_028340.1
OG0001849	2	NP_014769.3	6183.Smp_162380.1
OG0001850	2	NP_014111.1	6183.Smp_210680.1
OG0001851	2	NP_010368.5	6183.Smp_079750.1
OG0001852	2	NP_015494.1	6183.Smp_025340.1
OG0001853	2	NP_013616.1	6183.Smp_073540.1
OG0001854	2	NP_013059.1	6183.Smp_089640.2
OG0001855	2	NP_011346.1	6183.Smp_127100.1
OG0001856	2	NP_014708.1	6183.Smp_005290.1
OG0001857	2	NP_012812.1	6183.Smp_196910.1
OG0001858	2	NP_012482.1	6183.Smp_210770.1
OG0001859	2	NP_009377.2	6183.Smp_050360.1
OG0001861	2	NP_013287.1	6183.Smp_002010.1
OG0001862	2	NP_014738.1	6183.Smp_148770.1
OG0001863	2	NP_013229.1	6183.Smp_105330.1
OG0001864	2	NP_010512.1	6183.Smp_061940.1
OG0001865	2	NP_011097.3	6183.Smp_153160.1
OG0001866	2	NP_012901.3	6183.Smp_071390.1
OG0001867	2	NP_012749.1	6183.Smp_160420.1
OG0001868	2	NP_009540.2	6183.Smp_167310.1
OG0001869	2	NP_011778.1	6183.Smp_139630.1
OG0001870	2	NP_011747.2	6183.Smp_075210.2
OG0001871	2	NP_014682.1	6183.Smp_025010.1
OG0001872	2	NP_011110.1	6183.Smp_087230.1
OG0001873	2	NP_014136.1	6183.Smp_023230.1
OG0001874	2	NP_011688.3	6183.Smp_027080.1
OG0001876	2	NP_010522.1	6183.Smp_013150.1
OG0001877	2	NP_012414.1	6183.Smp_104580.1
OG0001878	2	NP_010080.1	6183.Smp_130610.1
OG0001879	2	NP_013273.1	6183.Smp_025570.1
OG0001880	2	NP_010940.3	6183.Smp_049390.1
OG0001881	2	NP_012259.3	6183.Smp_181380.1
OG0001882	2	NP_013343.1	6183.Smp_021280.1
OG0001883	2	NP_015376.1	6183.Smp_063580.2
OG0001884	2	NP_011736.1	6183.Smp_087440.1
OG0001885	2	NP_010588.1	6183.Smp_133440.1
OG0001886	2	NP_010000.1	6183.Smp_169870.1
OG0001887	2	NP_011550.3	6183.Smp_048270.2
OG0001889	2	NP_116710.1	6183.Smp_047740.1
OG0001890	2	NP_014452.1	6183.Smp_093850.1
OG0001891	2	NP_014648.1	6183.Smp_042650.1
OG0001892	2	NP_013474.3	6183.Smp_032310.1
OG0001893	2	NP_012805.1	6183.Smp_072900.1
OG0001894	2	NP_011052.1	6183.Smp_054120.1
OG0001895	2	NP_010073.2	6183.Smp_098330.1
OG0001896	2	NP_010946.3	6183.Smp_026770.1
OG0001897	2	NP_011925.1	6183.Smp_008120.1
OG0001898	2	NP_014924.3	6183.Smp_086760.1
OG0001899	2	NP_013248.1	6183.Smp_068420.1
OG0001900	2	NP_012230.3	6183.Smp_186650.1
OG0001901	2	NP_009820.1	6183.Smp_124220.1
OG0001902	2	NP_015341.1	6183.Smp_198420.1
OG0001903	2	NP_012715.3	6183.Smp_028980.1
OG0001904	2	NP_116609.1	6183.Smp_087860.1
OG0001905	2	NP_010424.3	6183.Smp_024800.1
OG0001906	2	NP_010369.3	6183.Smp_056850.1
OG0001908	2	NP_010756.3	6183.Smp_104960.1
OG0001909	2	NP_010146.1	6183.Smp_045610.1
OG0001910	2	NP_010922.1	6183.Smp_150450.1
OG0001911	2	NP_012762.1	6183.Smp_118750.1
OG0001913	2	NP_009712.1	6183.Smp_126370.1
OG0001914	2	NP_013697.1	6183.Smp_134790.1
OG0001915	2	NP_012603.1	6183.Smp_063120.1
OG0001916	2	NP_015365.1	6183.Smp_163850.1
OG0001917	2	NP_010064.1	6183.Smp_038630.1
OG0001918	2	NP_012883.1	6183.Smp_032150.1
OG0001919	2	NP_012924.2	6183.Smp_016390.1
OG0001920	2	NP_015456.2	6183.Smp_048260.2
OG0001921	2	NP_011877.1	6183.Smp_050590.1
OG0001922	2	NP_015438.1	6183.Smp_132640.1
OG0001923	2	NP_010490.1	6183.Smp_001430.1
OG0001924	2	NP_012162.3	6183.Smp_121810.1
OG0001925	2	NP_012551.2	6183.Smp_162890.1
OG0001926	2	NP_012420.1	6183.Smp_033020.1
OG0001927	2	NP_013851.1	6183.Smp_028330.1
OG0001928	2	NP_014788.1	6183.Smp_073080.2
OG0001929	2	NP_009496.2	6183.Smp_030330.2
OG0001930	2	NP_009481.1	6183.Smp_054780.1
OG0001931	2	NP_015260.1	6183.Smp_067540.1
OG0001932	2	NP_012504.3	6183.Smp_056350.1
OG0001933	2	NP_116610.1	6183.Smp_181000.1
OG0001934	2	NP_012657.1	6183.Smp_093440.1
OG0001935	2	NP_012778.1	6183.Smp_174370.1
OG0001936	2	NP_010692.3	6183.Smp_128840.1
OG0001937	2	NP_009985.1	6183.Smp_029370.1
OG0001938	2	NP_011075.3	6183.Smp_098950.1
OG0001939	2	NP_010296.3	6183.Smp_007000.1
OG0001940	2	NP_015071.1	6183.Smp_124940.1
OG0001941	2	NP_011592.3	6183.Smp_021800.1
OG0001942	2	NP_014758.3	6183.Smp_210420.1
OG0001943	2	NP_011283.1	6183.Smp_006340.1
OG0001944	2	NP_014178.1	6183.Smp_084810.1
OG0001945	2	NP_011876.1	6183.Smp_050350.2
OG0001946	2	NP_014570.1	6183.Smp_029740.1
OG0001947	2	NP_012608.1	6183.Smp_048930.1
OG0001948	2	NP_012994.1	6183.Smp_149360.1
OG0001949	2	NP_014008.1	6183.Smp_035080.1
OG0001950	2	NP_013963.1	6183.Smp_166980.1
OG0001951	2	NP_009626.1	6183.Smp_045430.3
OG0001952	2	NP_015323.1	6183.Smp_198850.1
OG0001953	2	NP_012288.1	6183.Smp_031730.1
OG0001954	2	NP_015315.1	6183.Smp_020220.2
OG0001955	2	NP_010115.1	6183.Smp_050570.1
OG0001956	2	NP_009353.1	6183.Smp_012050.1
OG0001957	2	NP_011468.1	6183.Smp_082710.1
OG0001959	2	NP_015190.1	6183.Smp_077090.1
OG0001960	2	NP_012199.3	6183.Smp_032230.1
OG0001961	2	NP_009811.3	6183.Smp_079240.1
OG0001962	2	NP_013167.1	6183.Smp_175420.1
OG0001963	2	NP_009355.3	6183.Smp_165780.1
OG0001964	2	NP_012202.1	6183.Smp_073720.1
OG0001965	2	NP_011990.1	6183.Smp_064520.1
OG0001966	2	NP_010888.1	6183.Smp_104660.1
OG0001967	2	NP_014942.4	6183.Smp_140680.1
OG0001968	2	NP_014867.1	6183.Smp_006850.1
OG0001969	2	NP_013987.1	6183.Smp_024880.1
OG0001970	2	NP_009990.1	6183.Smp_092380.1
OG0001971	2	NP_015513.1	6183.Smp_073570.1
OG0001972	2	NP_015014.3	6183.Smp_060090.1
OG0001973	2	NP_013175.1	6183.Smp_070130.1
OG0001974	2	NP_014167.1	6183.Smp_007540.1
OG0001975	2	NP_010163.1	6183.Smp_137190.1
OG0001976	2	NP_015407.1	6183.Smp_106050.1
OG0001978	2	NP_015312.1	6183.Smp_066480.1
OG0001979	2	NP_011534.1	6183.Smp_023160.1
OG0001980	2	NP_011332.2	6183.Smp_058990.1
OG0001981	2	NP_010090.1	6183.Smp_004940.1
OG0001982	2	NP_011274.2	6183.Smp_210460.1
OG0001983	2	NP_009776.1	6183.Smp_093670.1
OG0001984	2	NP_010818.1	6183.Smp_024120.1
OG0001985	2	NP_012431.1	6183.Smp_168770.1
OG0001987	2	NP_013377.1	6183.Smp_075560.1
OG0001988	2	NP_013543.3	6183.Smp_078640.1
OG0001989	2	NP_012865.1	6183.Smp_071830.1
OG0001990	2	NP_015203.1	6183.Smp_082790.1
OG0001991	2	NP_015279.1	6183.Smp_009320.2
OG0001992	2	NP_013301.1	6183.Smp_027880.1
OG0001993	2	NP_010894.1	6183.Smp_123240.1
OG0001994	2	NP_015508.1	6183.Smp_060910.1
OG0001995	2	NP_009693.3	6183.Smp_158910.1
OG0001996	2	NP_009813.1	6183.Smp_168330.1
OG0001997	2	NP_011577.3	6183.Smp_012530.1
OG0001998	2	NP_015113.1	6183.Smp_021760.1
OG0001999	2	NP_014430.1	6183.Smp_210190.1
OG0002000	2	NP_014853.3	6183.Smp_008440.1
OG0002001	2	NP_010371.1	6183.Smp_036940.1
OG0002002	2	NP_013429.1	6183.Smp_058720.1
OG0002004	2	NP_058135.1	6183.Smp_093320.1
OG0002005	2	NP_116690.3	6183.Smp_066940.1
OG0002007	2	NP_012013.1	6183.Smp_132030.1
OG0002008	2	NP_014161.1	6183.Smp_077980.1
OG0002009	2	NP_013189.1	6183.Smp_169770.1
OG0002010	2	NP_012672.1	6183.Smp_066370.1
OG0002011	2	NP_010425.1	6183.Smp_164120.1
OG0002012	2	NP_015510.1	6183.Smp_007640.1
OG0002013	2	NP_014736.1	6183.Smp_212570.1
OG0002014	2	NP_010012.1	6183.Smp_070090.1
OG0002015	2	NP_014975.2	6183.Smp_161380.1
OG0002016	2	NP_014584.1	6183.Smp_019010.1
OG0002017	2	NP_013277.1	6183.Smp_170910.1
OG0002018	2	NP_013670.1	6183.Smp_146910.1
OG0002019	2	NP_012327.1	6183.Smp_105080.1
OG0002020	2	NP_116628.1	6183.Smp_175320.1
OG0002021	2	NP_012900.1	6183.Smp_064020.4
OG0002022	2	NP_116670.1	6183.Smp_018260.1
OG0002023	2	NP_012434.1	6183.Smp_013860.1
OG0002024	2	NP_014357.1	6183.Smp_141220.1
OG0002025	2	NP_015156.1	6183.Smp_162430.1
OG0002026	2	NP_010740.3	6183.Smp_133330.1
OG0002031	2	NP_013522.1	6183.Smp_144090.2
OG0002032	2	NP_015295.1	6183.Smp_181480.1
OG0002033	2	NP_010748.3	6183.Smp_045750.1
OG0002034	2	NP_015501.2	6183.Smp_124120.1
OG0002035	2	NP_013215.1	6183.Smp_152140.1
OG0002036	2	NP_010805.1	6183.Smp_169990.1
OG0002038	2	NP_010969.1	6183.Smp_136270.1
OG0002039	2	NP_013332.1	6183.Smp_023470.1
OG0002040	2	NP_009806.3	6183.Smp_046550.1
OG0002042	2	NP_010935.1	6183.Smp_162880.1
OG0002043	2	NP_012476.1	6183.Smp_197500.1
OG0002044	2	NP_011679.3	6183.Smp_026090.1
OG0002045	2	NP_012547.2	6183.Smp_128810.1
OG0002046	2	NP_013611.1	6183.Smp_210960.1
OG0002047	2	NP_014722.1	6183.Smp_162920.1
OG0002048	2	NP_116673.1	6183.Smp_166280.1
OG0002049	2	NP_009923.2	6183.Smp_090820.1
OG0002050	2	NP_012771.1	6183.Smp_000470.1
OG0002051	2	NP_014633.1	6183.Smp_102450.1
OG0002052	2	NP_010660.1	6183.Smp_007500.1
OG0002053	2	NP_009361.1	6183.Smp_022320.2
OG0002054	2	NP_013954.1	6183.Smp_169300.1
OG0002055	2	NP_013928.1	6183.Smp_010260.1
OG0002056	2	NP_012997.3	6183.Smp_207000.1
OG0002057	2	NP_012636.1	6183.Smp_097620.1
OG0002058	2	NP_012463.1	6183.Smp_100380.1
OG0002061	2	NP_011388.1	6183.Smp_024060.1
OG0002062	2	NP_015099.1	6183.Smp_029230.1
OG0002063	2	NP_015227.1	6183.Smp_010400.1
OG0002065	2	NP_010913.2	6183.Smp_030290.1
OG0002066	2	NP_012071.1	6183.Smp_173050.2
OG0002067	2	NP_014001.1	6183.Smp_017650.2
OG0002068	2	NP_011294.1	6183.Smp_051390.1
OG0002070	2	NP_012258.3	6183.Smp_030180.1
OG0002071	2	NP_014968.1	6183.Smp_145020.1
OG0002072	2	NP_014151.1	6183.Smp_137830.1
OG0002073	2	NP_011996.2	6183.Smp_095810.1
OG0002074	2	NP_014409.1	6183.Smp_207070.1
OG0002075	2	NP_014639.1	6183.Smp_171160.1
OG0002076	2	NP_014289.1	6183.Smp_078520.1
OG0002077	2	NP_012266.1	6183.Smp_007630.1
OG0002078	2	NP_012676.3	6183.Smp_159190.1
OG0002079	2	NP_011614.1	6183.Smp_150050.1
OG0002080	2	NP_014638.1	6183.Smp_040710.1
OG0002083	2	NP_011625.3	6183.Smp_145880.1
OG0002084	2	NP_012367.2	6183.Smp_210650.1
OG0002085	2	NP_012061.3	6183.Smp_130740.1
OG0002088	2	NP_013910.1	6183.Smp_176530.1
OG0002089	2	NP_012018.1	6183.Smp_102820.1
OG0002091	2	NP_013206.1	6183.Smp_033140.1
OG0002092	2	NP_012530.1	6183.Smp_038410.1
OG0002093	2	NP_010185.1	6183.Smp_095680.1
OG0002096	2	NP_010651.3	6183.Smp_071000.1
OG0002097	2	NP_013364.1	6183.Smp_169920.1
OG0002098	2	NP_009326.1	6183.Smp_900010.1
OG0002099	2	NP_009790.3	6183.Smp_036390.1
OG0002100	2	NP_009942.2	6183.Smp_016900.1
