Orthogroup	Total	kog_cerevisiae_pos_go	kog_droso_pos_go	kog_elegans_pos_go	protein_mansoni
OG0000001	64	NP_010177.1, NP_010739.3, NP_013685.1	NP_476613.1, NP_476693.1, NP_476793.1, NP_476794.1, NP_476873.2, NP_476949.2, NP_476954.1, NP_477026.1, NP_477146.1, NP_477330.1, NP_477498.1, NP_524041.2, NP_524433.1, NP_524521.1, NP_573242.2	NP_490823.1, NP_491393.1, NP_491693.1, NP_492246.2, NP_492586.2, NP_495848.1, NP_496116.1, NP_496138.1, NP_496189.2, NP_498655.1, NP_498695.1, NP_498700.1, NP_499401.1, NP_500361.3, NP_507685.1, NP_508131.4, NP_509860.1, NP_510169.4, NP_510365.1, NP_510366.1, NP_510497.1	6183.Smp_000075.1, 6183.Smp_000830.1, 6183.Smp_002640.1, 6183.Smp_013600.1, 6183.Smp_029620.1, 6183.Smp_035650.1, 6183.Smp_053520.1, 6183.Smp_060750.1, 6183.Smp_081620.1, 6183.Smp_091160.1, 6183.Smp_124010.1, 6183.Smp_126190.1, 6183.Smp_126560.1, 6183.Smp_126870.1, 6183.Smp_137140.1, 6183.Smp_138140.1, 6183.Smp_140350.1, 6183.Smp_140730.1, 6183.Smp_142440.1, 6183.Smp_145200.1, 6183.Smp_158000.1, 6183.Smp_160670.1, 6183.Smp_161270.1, 6183.Smp_163140.1, 6183.Smp_175710.1
OG0000012	30	NP_010720.3, NP_011471.1, NP_012266.1, NP_014289.1, NP_014601.1	NP_476902.1, NP_572880.2	NP_492504.1, NP_493022.1, NP_493023.1, NP_493029.1, NP_495483.1, NP_497959.1, NP_499734.1, NP_499818.1, NP_500665.2, NP_500666.2, NP_502291.1, NP_502757.2, NP_506360.1, NP_508674.1	6183.Smp_000240.1, 6183.Smp_002550.1, 6183.Smp_007630.1, 6183.Smp_036270.2, 6183.Smp_078520.1, 6183.Smp_079730.1, 6183.Smp_098890.2, 6183.Smp_130190.1, 6183.Smp_185230.1
OG0000017	27	NP_012442.1	NP_511112.1, NP_610349.1, NP_610516.1	NP_491810.2, NP_492381.3, NP_494333.1, NP_494786.5, NP_495727.1, NP_498903.3, NP_501724.2, NP_505731.3, NP_506091.2, NP_506416.2, NP_507483.1, NP_508031.3, NP_508526.2, NP_508732.3, NP_509942.4, NP_510284.1, NP_510654.2	6183.Smp_034850.1, 6183.Smp_046640.1, 6183.Smp_127170.1, 6183.Smp_141570.1, 6183.Smp_147550.1, 6183.Smp_155970.1
OG0000019	26	NP_009991.2, NP_012135.1, NP_014331.3	NP_476730.1, NP_476834.1, NP_523814.1, NP_523912.1, NP_524202.1, NP_524495.1, NP_524496.1, NP_524542.1	NP_491826.1, NP_492676.2, NP_494704.1, NP_494775.1, NP_496411.1, NP_508644.1	6183.Smp_054350.1, 6183.Smp_076300.1, 6183.Smp_098780.1, 6183.Smp_127090.1, 6183.Smp_133480.1, 6183.Smp_135710.1, 6183.Smp_145650.1, 6183.Smp_150430.1, 6183.Smp_158750.1
OG0000024	24	NP_011046.3	NP_570087.1	NP_491223.1, NP_494227.1, NP_494232.2, NP_494234.1, NP_494237.2, NP_494238.2, NP_494240.1, NP_494241.2, NP_494242.1, NP_494243.2, NP_494244.2, NP_494245.1, NP_494271.1, NP_496089.3, NP_496523.1, NP_496525.2, NP_497677.1, NP_500811.1, NP_501814.2, NP_505251.2, NP_507996.1	6183.Smp_136240.6
OG0000025	24	NP_010931.3, NP_012257.1, NP_013974.1, NP_014962.3	NP_524698.1, NP_609696.1	NP_490744.1, NP_493856.3, NP_498568.1, NP_499799.1, NP_501893.1, NP_503540.1, NP_508993.2	6183.Smp_038970.1, 6183.Smp_101650.1, 6183.Smp_103160.2, 6183.Smp_119730.1, 6183.Smp_125560.1, 6183.Smp_138660.1, 6183.Smp_142680.1, 6183.Smp_165850.1, 6183.Smp_175090.3, 6183.Smp_198870.1, 6183.Smp_209040.1
OG0000027	23	NP_013953.1, NP_014197.2	NP_569875.2	NP_497031.1, NP_501154.1, NP_501156.1, NP_502263.1, NP_503143.1, NP_503222.1, NP_503224.2, NP_503751.1, NP_503752.1, NP_503753.1, NP_503754.1, NP_505704.1, NP_505742.1, NP_505755.1, NP_506820.1, NP_506855.2, NP_507157.1, NP_510229.1	6183.Smp_042680.1, 6183.Smp_212250.1
OG0000028	22	NP_010051.1	NP_476687.1	NP_491071.1, NP_491275.3, NP_491276.1, NP_491277.1, NP_491278.1, NP_491722.2, NP_491758.1, NP_491761.3, NP_492194.1, NP_494193.1, NP_499934.1, NP_500718.1, NP_500756.1, NP_500775.1, NP_501293.3, NP_501766.1, NP_502058.3	6183.Smp_139930.1, 6183.Smp_156870.1, 6183.Smp_172890.1
OG0000041	19	NP_009373.1, NP_011888.1, NP_012793.2, NP_013827.1, NP_014971.1	NP_523538.1	NP_490856.1, NP_492053.1, NP_492186.3, NP_492393.1, NP_493596.1, NP_497809.1, NP_501620.2, NP_505094.1, NP_506065.2, NP_508504.2, NP_510092.2	6183.Smp_046060.1, 6183.Smp_085540.6
OG0000048	17	NP_010937.3, NP_011868.1	NP_477502.1	NP_490790.1, NP_492108.1, NP_492312.1, NP_499921.2, NP_501921.1, NP_505157.1, NP_505840.1, NP_506160.1, NP_506290.1	6183.Smp_005790.1, 6183.Smp_016250.2, 6183.Smp_016630.1, 6183.Smp_020080.1, 6183.Smp_132750.1
OG0000050	17	NP_014889.3	NP_610309.1, NP_611471.1	NP_491557.1, NP_506570.1, NP_507860.3	6183.Smp_032370.1, 6183.Smp_076580.1, 6183.Smp_081430.1, 6183.Smp_120070.1, 6183.Smp_139680.1, 6183.Smp_139700.1, 6183.Smp_170300.1, 6183.Smp_179840.1, 6183.Smp_179850.1, 6183.Smp_203940.1, 6183.Smp_203950.1
OG0000051	17	NP_011827.1	NP_524074.1, NP_609542.1	NP_491002.2, NP_493960.3, NP_500425.2, NP_501707.1, NP_505394.2, NP_505905.2, NP_508461.1	6183.Smp_054010.1, 6183.Smp_083990.1, 6183.Smp_127000.1, 6183.Smp_150990.1, 6183.Smp_151000.1, 6183.Smp_151090.1, 6183.Smp_181630.1
OG0000052	17	NP_012701.2, NP_014274.1	NP_573376.2, NP_573378.1, NP_610940.1, NP_612069.1	NP_495464.2, NP_503655.2, NP_503681.2, NP_510308.1, NP_510705.1	6183.Smp_134410.2, 6183.Smp_150090.1, 6183.Smp_151010.1, 6183.Smp_161430.1, 6183.Smp_161850.1, 6183.Smp_168000.1
OG0000058	16	NP_013625.1	NP_524264.1, NP_524297.1	NP_492268.1, NP_492419.2, NP_496351.1, NP_496352.1, NP_497663.1, NP_499463.1, NP_508555.2, NP_509591.2	6183.Smp_016780.1, 6183.Smp_027920.1, 6183.Smp_090120.1, 6183.Smp_103140.1, 6183.Smp_103790.1
OG0000059	16	NP_015512.1	NP_476900.1, NP_524349.1, NP_572731.1, NP_610627.2, NP_610628.2, NP_611075.1, NP_611944.1	NP_492052.2, NP_499640.1	6183.Smp_012200.1, 6183.Smp_015840.1, 6183.Smp_086750.1, 6183.Smp_147010.1, 6183.Smp_164720.1, 6183.Smp_181200.1
OG0000064	15	NP_010321.1, NP_013386.1	NP_609299.1, NP_610910.1, NP_611187.1	NP_491789.1, NP_491790.1, NP_499993.2, NP_503421.1, NP_505066.1, NP_506810.1, NP_509583.1	6183.Smp_024930.1, 6183.Smp_078280.1, 6183.Smp_187430.1
OG0000065	15	NP_012713.1	NP_476831.1, NP_523740.3	NP_491707.2, NP_502413.1, NP_507487.1, NP_509205.2, NP_509811.2, NP_509901.1, NP_510126.1, NP_510128.1	6183.Smp_055780.1, 6183.Smp_089200.1, 6183.Smp_137080.1, 6183.Smp_170820.1
OG0000066	15	NP_010121.1, NP_010304.3, NP_011437.3, NP_012397.1, NP_014689.1	NP_524019.1	NP_491703.1, NP_498514.2, NP_498646.1	6183.Smp_031010.1, 6183.Smp_034190.1, 6183.Smp_097660.1, 6183.Smp_166400.1, 6183.Smp_171180.1, 6183.Smp_211330.1
OG0000067	15	NP_009618.2, NP_010427.3, NP_010599.1	NP_569969.1	NP_491059.2, NP_491091.1, NP_491382.2, NP_497129.1	6183.Smp_016920.1, 6183.Smp_047700.1, 6183.Smp_048680.1, 6183.Smp_049970.5, 6183.Smp_079400.1, 6183.Smp_125460.1, 6183.Smp_141490.1
OG0000068	15	NP_012782.1	NP_477331.1, NP_523540.1, NP_524667.1, NP_609418.1	NP_501877.2, NP_503184.1, NP_503233.1, NP_504662.1, NP_504755.3, NP_505527.1, NP_506229.1, NP_506641.1	6183.Smp_011000.1, 6183.Smp_146180.1
OG0000069	14	NP_010419.3, NP_011797.3, NP_013052.1, NP_013086.1	NP_609207.1	NP_499598.2, NP_507812.3, NP_508121.1, NP_508122.2, NP_509658.1, NP_510479.1	6183.Smp_129820.1, 6183.Smp_147250.2, 6183.Smp_171740.1
OG0000070	14	NP_012264.3, NP_014293.1, NP_014752.3	NP_569729.1, NP_611178.1	NP_498783.1	6183.Smp_050830.1, 6183.Smp_060420.1, 6183.Smp_064190.1, 6183.Smp_064200.1, 6183.Smp_134830.1, 6183.Smp_156740.1, 6183.Smp_159660.1, 6183.Smp_159670.1
OG0000071	14	NP_010126.1, NP_011622.1, NP_011623.3, NP_013311.1, NP_015444.1, NP_015445.1	NP_476959.1	NP_491297.1, NP_501987.1, NP_502047.1, NP_506825.4	6183.Smp_047620.1, 6183.Smp_082490.1, 6183.Smp_130970.1
OG0000072	14	NP_014784.1	NP_573251.1	NP_491853.2, NP_495394.3, NP_497261.2, NP_503409.1, NP_510526.2	6183.Smp_050630.1, 6183.Smp_145120.1, 6183.Smp_150920.1, 6183.Smp_151430.1, 6183.Smp_175900.1, 6183.Smp_194330.1, 6183.Smp_206290.1
OG0000073	14	NP_010439.1, NP_011924.1, NP_013633.1	NP_523366.2, NP_611695.1	NP_495855.1, NP_497257.1, NP_499828.1, NP_500632.3, NP_506561.1, NP_506749.1, NP_506751.1	6183.Smp_040130.1, 6183.Smp_040790.1
OG0000074	14	NP_010929.3, NP_011395.1, NP_012845.1, NP_013012.3, NP_014408.1	NP_609946.1, NP_610269.1, NP_610928.1	NP_491604.3	6183.Smp_027970.1, 6183.Smp_087270.1, 6183.Smp_093580.1, 6183.Smp_156060.1, 6183.Smp_157510.1
OG0000075	14	NP_009697.3, NP_011312.1, NP_014026.1	NP_609771.2, NP_612051.1	NP_494846.1, NP_495284.1, NP_495509.1, NP_496507.1, NP_498460.1, NP_509079.2, NP_510452.4	6183.Smp_163970.1, 6183.Smp_172590.1
OG0000081	13	NP_116615.1, NP_116650.1	NP_523419.1, NP_524172.1, NP_608373.1	NP_491199.2, NP_491857.1, NP_499454.1, NP_503397.1	6183.Smp_014660.2, 6183.Smp_104670.1, 6183.Smp_132330.1, 6183.Smp_210430.1
OG0000082	13	NP_009490.1, NP_011299.1	NP_523934.1, NP_524883.2, NP_525053.1	NP_497178.1, NP_499742.1	6183.Smp_035220.1, 6183.Smp_132300.1, 6183.Smp_147970.1, 6183.Smp_149260.1, 6183.Smp_173450.1, 6183.Smp_179050.1
OG0000083	13	NP_011668.3, NP_014744.1	NP_476699.1, NP_476857.1, NP_477402.1, NP_525063.1	NP_501549.1, NP_502213.3, NP_506707.2	6183.Smp_062510.1, 6183.Smp_071250.1, 6183.Smp_142450.1, 6183.Smp_179910.1
OG0000084	13	NP_012153.1, NP_014345.3	NP_524273.1	NP_492133.1, NP_492580.2, NP_498399.1, NP_499190.2, NP_508975.2	6183.Smp_034500.1, 6183.Smp_038530.1, 6183.Smp_133450.1, 6183.Smp_135160.1, 6183.Smp_169960.1
OG0000085	13	NP_010615.3	NP_477390.1, NP_610729.1, NP_611796.1	NP_492512.1, NP_492513.1, NP_507059.1, NP_507393.1, NP_507574.2, NP_507857.1, NP_510192.1, NP_510193.4	6183.Smp_052910.1
OG0000096	12	NP_116616.1	NP_523842.2	NP_497728.2, NP_497806.1, NP_499367.1, NP_509313.1, NP_509585.1	6183.Smp_030730.1, 6183.Smp_078040.1, 6183.Smp_079960.1, 6183.Smp_079970.1, 6183.Smp_192110.1
OG0000106	11	NP_013289.1, NP_015053.2	NP_569844.2	NP_490828.3, NP_491754.1, NP_495537.2, NP_502776.1, NP_503098.2, NP_506645.1, NP_506927.2	6183.Smp_063000.1
OG0000107	11	NP_009523.1, NP_009642.3, NP_013772.1	NP_511109.1, NP_511110.1	NP_491927.1, NP_501440.1, NP_501727.1, NP_504498.2, NP_509733.1	6183.Smp_079220.1
OG0000108	11	NP_009928.1, NP_013418.2	NP_477064.1, NP_523430.1, NP_524417.1	NP_493388.1, NP_506638.2	6183.Smp_003620.1, 6183.Smp_029890.1, 6183.Smp_041060.1, 6183.Smp_060070.1
OG0000109	11	NP_010656.1, NP_011972.1, NP_014763.1	NP_610235.1	NP_496924.1, NP_496926.1, NP_506205.1, NP_509242.1, NP_509243.1	6183.Smp_053220.1, 6183.Smp_150700.1
OG0000110	11	NP_012456.1, NP_012457.1, NP_012938.3	NP_608663.1	NP_509706.2, NP_509707.2	6183.Smp_124050.4, 6183.Smp_124060.1, 6183.Smp_124070.1, 6183.Smp_163400.1, 6183.Smp_200460.1
OG0000122	10	NP_011059.3	NP_476689.1, NP_477384.1, NP_524484.1, NP_524921.1, NP_524937.1	NP_491429.1	6183.Smp_004810.3, 6183.Smp_028990.1, 6183.Smp_035580.1
OG0000123	10	NP_009647.2, NP_010282.3, NP_015377.1	NP_611553.1	NP_493178.1	6183.Smp_000980.1, 6183.Smp_063790.1, 6183.Smp_100090.1, 6183.Smp_103530.1, 6183.Smp_173650.1
OG0000124	10	NP_009421.3, NP_010265.1, NP_011940.1	NP_477271.1, NP_611865.1	NP_499448.1, NP_506695.2	6183.Smp_058980.2, 6183.Smp_128150.1, 6183.Smp_144850.1
OG0000126	10	NP_009497.2, NP_009683.1, NP_010278.3, NP_011013.1	NP_609899.1, NP_612039.1	NP_497224.1	6183.Smp_020040.2, 6183.Smp_148510.1, 6183.Smp_169320.1
OG0000127	10	NP_012868.1	NP_523396.1	NP_490726.1, NP_499346.2, NP_502083.1, NP_503501.1, NP_506182.2, NP_506230.1, NP_508282.2	6183.Smp_151030.1
OG0000128	10	NP_014743.1, NP_014773.4, NP_015383.1	NP_477221.1, NP_572639.2, NP_609093.1, NP_609380.1	NP_506030.2	6183.Smp_000680.1, 6183.Smp_064150.1
OG0000129	10	NP_012172.1, NP_014361.1, NP_014779.1	NP_611912.1	NP_491989.1, NP_497927.2	6183.Smp_018680.1, 6183.Smp_056200.1, 6183.Smp_196160.1, 6183.Smp_203680.1
OG0000132	10	NP_012107.1, NP_014128.2	NP_476966.1, NP_476981.1, NP_569900.3	NP_497505.4, NP_503132.3	6183.Smp_068720.1, 6183.Smp_141590.2, 6183.Smp_144430.1
OG0000133	10	NP_010242.1, NP_010477.3, NP_014573.1, NP_014668.1, NP_015310.1	NP_477351.1	NP_510220.1	6183.Smp_055090.1, 6183.Smp_084140.1, 6183.Smp_138640.1
OG0000149	9	NP_010661.3	NP_525093.1	NP_508186.1, NP_508201.2	6183.Smp_068510.1, 6183.Smp_085650.1, 6183.Smp_151600.1, 6183.Smp_158980.1, 6183.Smp_158990.1
OG0000150	9	NP_009887.1, NP_010806.1	NP_524079.1	NP_491995.1, NP_497746.1, NP_508778.1	6183.Smp_056760.1, 6183.Smp_079770.1, 6183.Smp_157700.1
OG0000151	9	NP_009853.3, NP_013193.1	NP_611262.1	NP_491138.3, NP_505989.1, NP_505990.3, NP_508944.1, NP_509424.2	6183.Smp_145320.1
OG0000152	9	NP_011856.1	NP_524681.1	NP_505809.2	6183.Smp_064040.1, 6183.Smp_096670.1, 6183.Smp_103360.1, 6183.Smp_155140.1, 6183.Smp_159730.1, 6183.Smp_179800.1
OG0000153	9	NP_013859.1, NP_014092.1, NP_014513.1	NP_609603.1	NP_510429.1	6183.Smp_008260.1, 6183.Smp_125310.1, 6183.Smp_155720.1, 6183.Smp_210970.1
OG0000154	9	NP_012394.1	NP_523564.1	NP_510460.2	6183.Smp_000720.1, 6183.Smp_125270.1, 6183.Smp_130250.1, 6183.Smp_141230.1, 6183.Smp_150860.1, 6183.Smp_206070.1
OG0000155	9	NP_013884.1	NP_523840.1	NP_491558.1, NP_498155.3, NP_502122.1, NP_506711.1	6183.Smp_005070.1, 6183.Smp_022330.1, 6183.Smp_132870.1
OG0000156	9	NP_013908.1, NP_015092.1	NP_524475.1, NP_525057.2	NP_492422.2	6183.Smp_019890.1, 6183.Smp_066670.1, 6183.Smp_125640.1, 6183.Smp_179930.1
OG0000157	9	NP_011551.3	NP_608729.1	NP_491412.1, NP_496552.1, NP_498609.1, NP_499531.1, NP_509822.2	6183.Smp_147930.1, 6183.Smp_149150.1
OG0000158	9	NP_014888.1	NP_610317.1, NP_610318.1	NP_497659.1, NP_504649.1, NP_505413.1, NP_507469.1	6183.Smp_158510.1, 6183.Smp_158520.1
OG0000159	9	NP_010006.1, NP_011725.3, NP_013144.1	NP_511046.1, NP_523526.1	NP_491142.1, NP_500036.2	6183.Smp_008070.1, 6183.Smp_054470.1
OG0000162	9	NP_009364.1, NP_011689.1	NP_536733.1, NP_609218.1	NP_498042.1	6183.Smp_080550.1, 6183.Smp_125670.1, 6183.Smp_173180.2, 6183.Smp_191360.1
OG0000163	9	NP_011581.4	NP_523833.1	NP_491744.3, NP_491745.2, NP_504620.2, NP_509290.1	6183.Smp_075230.1, 6183.Smp_077440.1, 6183.Smp_124090.1
OG0000169	9	NP_010471.1, NP_013269.1, NP_013294.1	NP_524705.1, NP_610487.3	NP_492952.1, NP_496457.1	6183.Smp_036250.1, 6183.Smp_059100.1
OG0000170	9	NP_010676.1, NP_011652.1, NP_015480.1	NP_476858.1	NP_509342.1	6183.Smp_000640.1, 6183.Smp_044530.1, 6183.Smp_062950.1, 6183.Smp_173170.1
OG0000171	9	NP_013670.1	NP_523685.2	NP_496721.2, NP_497498.2, NP_503145.1, NP_504348.1, NP_504648.1, NP_510624.1	6183.Smp_146910.1
OG0000193	8	NP_009396.2, NP_011029.3	NP_524063.1, NP_524356.1	NP_492485.1, NP_496509.1, NP_503068.1	6183.Smp_106930.1
OG0000195	8	NP_014210.1	NP_477041.1, NP_524167.1	NP_491824.1, NP_501227.1	6183.Smp_051210.1, 6183.Smp_168490.1, 6183.Smp_174910.1
OG0000196	8	NP_013048.1, NP_015518.1	NP_476837.1, NP_611810.1, NP_611813.1	NP_505512.3, NP_505691.2	6183.Smp_128110.1
OG0000199	8	NP_009891.1, NP_010007.1, NP_012904.3	NP_524984.1	NP_497749.1, NP_510394.1	6183.Smp_046750.1, 6183.Smp_076180.1
OG0000200	8	NP_013297.1	NP_610623.1	NP_502541.2, NP_506171.2	6183.Smp_015390.1, 6183.Smp_145610.1, 6183.Smp_145840.1, 6183.Smp_178480.1
OG0000201	8	NP_014855.3	NP_525090.1	NP_492072.2	6183.Smp_010230.1, 6183.Smp_063640.1, 6183.Smp_075130.1, 6183.Smp_094480.1, 6183.Smp_158700.1
OG0000202	8	NP_009638.1, NP_010344.1	NP_477137.1	NP_502065.1	6183.Smp_055920.1, 6183.Smp_067980.4, 6183.Smp_067990.4, 6183.Smp_068000.1
OG0000204	8	NP_015390.1	NP_524066.1, NP_524735.1	NP_510439.1	6183.Smp_155690.1, 6183.Smp_161600.1, 6183.Smp_179780.1, 6183.Smp_180820.1
OG0000205	8	NP_009410.1	NP_572415.1	NP_491914.1, NP_510080.2	6183.Smp_097940.1, 6183.Smp_166540.1, 6183.Smp_176970.1, 6183.Smp_177920.1
OG0000206	8	NP_012371.2, NP_012755.1, NP_015121.1	NP_476977.1	NP_508671.2	6183.Smp_152330.1, 6183.Smp_164380.1, 6183.Smp_194610.1
OG0000207	8	NP_009537.1, NP_011554.3, NP_013214.1	NP_477163.1, NP_477361.1	NP_501365.1	6183.Smp_047900.1, 6183.Smp_142050.1
OG0000208	8	NP_116614.1	NP_511052.1	NP_499809.1, NP_508841.1	6183.Smp_046600.1, 6183.Smp_161920.1, 6183.Smp_183710.1, 6183.Smp_202970.1
OG0000209	8	NP_009372.1, NP_013194.2, NP_014972.3	NP_523680.1	NP_506093.2	6183.Smp_006720.2, 6183.Smp_102160.1, 6183.Smp_123870.1
OG0000210	8	NP_009532.1, NP_010685.1	NP_609736.1	NP_493740.1, NP_498421.1	6183.Smp_149540.1, 6183.Smp_154340.1, 6183.Smp_198790.1
OG0000212	8	NP_014245.1, NP_015120.1	NP_511140.1, NP_524602.1, NP_524941.3	NP_492694.1	6183.Smp_067810.1, 6183.Smp_180400.1
OG0000214	8	NP_012341.1, NP_013547.3, NP_013646.1	NP_477303.1	NP_491343.1, NP_499347.1	6183.Smp_145740.1, 6183.Smp_180380.1
OG0000215	8	NP_010710.4, NP_010944.1, NP_011307.1	NP_610460.1	NP_499446.1	6183.Smp_101670.1, 6183.Smp_124310.1, 6183.Smp_170160.1
OG0000219	8	NP_015012.3	NP_476643.1	NP_491282.1, NP_492849.3, NP_493713.2	6183.Smp_078690.1, 6183.Smp_086330.1, 6183.Smp_126480.1
OG0000220	8	NP_014106.1, NP_014529.1	NP_523736.1	NP_495156.1, NP_497310.2	6183.Smp_145170.1, 6183.Smp_165040.1, 6183.Smp_165700.2
OG0000221	8	NP_009521.1, NP_009792.3	NP_524208.1	NP_497351.3	6183.Smp_005860.1, 6183.Smp_065580.3, 6183.Smp_132270.1, 6183.Smp_155850.1
OG0000222	8	NP_014094.1	NP_523722.1, NP_610824.1	NP_501350.3, NP_505501.1	6183.Smp_150500.1, 6183.Smp_181470.1, 6183.Smp_210790.1
OG0000223	8	NP_012074.3	NP_569959.1	NP_501802.2, NP_506018.1, NP_509671.3	6183.Smp_100120.1, 6183.Smp_143170.1, 6183.Smp_174470.1
OG0000225	8	NP_009379.2, NP_010188.1, NP_011715.1, NP_012677.1, NP_014966.1	NP_569858.1	NP_491320.1	6183.Smp_199700.1
OG0000226	8	NP_014161.1	NP_477318.1, NP_524885.1	NP_492974.2, NP_493594.1	6183.Smp_077980.1, 6183.Smp_144080.1, 6183.Smp_160240.1
OG0000254	7	NP_011004.3, NP_012191.1, NP_014125.1	NP_609496.1, NP_610063.4	NP_496868.1	6183.Smp_211270.1
OG0000255	7	NP_010948.1, NP_011305.1	NP_477170.1	NP_490675.1	6183.Smp_005670.1, 6183.Smp_173990.1, 6183.Smp_190370.1
OG0000258	7	NP_010127.1, NP_014551.1	NP_523565.2	NP_491202.1, NP_502531.1	6183.Smp_153710.1, 6183.Smp_199070.1
OG0000260	7	NP_010988.1, NP_012218.1, NP_116585.1	NP_523922.1	NP_506421.1	6183.Smp_030320.1, 6183.Smp_047540.1
OG0000261	7	NP_009984.1	NP_569954.1	NP_491653.2	6183.Smp_049520.1, 6183.Smp_122890.1, 6183.Smp_126910.1, 6183.Smp_165460.1
OG0000262	7	NP_011932.2	NP_476927.1	NP_490891.2	6183.Smp_090440.1, 6183.Smp_123410.2, 6183.Smp_146340.1, 6183.Smp_157660.1
OG0000263	7	NP_015234.1, NP_015308.1, NP_116635.1	NP_524216.1	NP_505112.1	6183.Smp_046740.1, 6183.Smp_048430.1
OG0000264	7	NP_009718.3	NP_476797.1, NP_477080.1, NP_524420.1	NP_499783.1	6183.Smp_073340.1, 6183.Smp_080730.1
OG0000265	7	NP_011708.3, NP_012483.3	NP_525108.2	NP_496192.1, NP_496237.1, NP_508534.3	6183.Smp_056970.1
OG0000267	7	NP_012802.1, NP_013452.1	NP_610933.1	NP_493694.2, NP_509133.1	6183.Smp_004080.1, 6183.Smp_121160.1
OG0000268	7	NP_015148.1	NP_523360.1, NP_608502.1	NP_509101.4, NP_510060.1	6183.Smp_126030.1, 6183.Smp_174150.1
OG0000271	7	NP_010383.4, NP_011101.3, NP_015266.1	NP_609641.1	NP_499610.1	6183.Smp_006550.1, 6183.Smp_212580.2
OG0000272	7	NP_009359.1, NP_014315.1	NP_477322.1, NP_611965.2	NP_491367.3	6183.Smp_135790.1, 6183.Smp_171650.1
OG0000273	7	NP_012644.1	NP_523489.1	NP_491531.2, NP_499753.1, NP_504038.1	6183.Smp_083540.1, 6183.Smp_180520.1
OG0000277	7	NP_011671.3	NP_608424.1	NP_497008.1, NP_503547.1, NP_503549.1, NP_504046.1	6183.Smp_125070.2
OG0000279	7	NP_015171.1	NP_525030.1, NP_609235.1, NP_609458.1	NP_510191.1	6183.Smp_013040.2, 6183.Smp_136730.1
OG0000280	7	NP_012106.1, NP_015297.1	NP_523528.1, NP_612094.2	NP_495455.2, NP_495456.1	6183.Smp_197330.1
OG0000281	7	NP_010276.3, NP_014508.1	NP_569852.1	NP_491849.1, NP_497937.1, NP_505496.1	6183.Smp_028430.1
OG0000283	7	NP_010729.3, NP_013690.1	NP_476637.1	NP_491663.1	6183.Smp_054360.1, 6183.Smp_054410.1, 6183.Smp_151260.1
OG0000284	7	NP_015353.1	NP_611831.2	NP_491033.1, NP_499756.3, NP_499990.1	6183.Smp_010370.1, 6183.Smp_099890.1
OG0000286	7	NP_012942.3	NP_477374.1, NP_523399.1	NP_491748.1, NP_491749.2	6183.Smp_130600.1, 6183.Smp_150890.1
OG0000287	7	NP_010354.3, NP_013950.1	NP_524140.2	NP_493434.3	6183.Smp_074400.1, 6183.Smp_139020.1, 6183.Smp_152000.1
OG0000288	7	NP_010996.2, NP_015019.1	NP_609285.1	NP_498081.2, NP_503467.2	6183.Smp_022960.1, 6183.Smp_050390.1
OG0000293	7	NP_010262.1, NP_014582.1	NP_476565.1, NP_611760.2	NP_493454.1, NP_499188.2	6183.Smp_030500.1
OG0000294	7	NP_010045.1	NP_611656.2	NP_500857.2, NP_504509.1, NP_504511.1, NP_504512.1	6183.Smp_030220.1
OG0000295	7	NP_014548.1	NP_608464.1, NP_611335.1	NP_491647.3, NP_501789.1	6183.Smp_181090.1, 6183.Smp_211190.1
OG0000297	7	NP_012901.3	NP_524038.1	NP_509786.2, NP_510236.1	6183.Smp_043620.1, 6183.Smp_071390.1, 6183.Smp_194530.1
OG0000298	7	NP_009504.1	NP_572609.1, NP_572882.1	NP_497796.1	6183.Smp_152180.1, 6183.Smp_171850.1, 6183.Smp_200020.1
OG0000299	7	NP_010451.3	NP_477418.1, NP_477463.1	NP_504260.1, NP_504261.1	6183.Smp_130430.1, 6183.Smp_205840.1
OG0000302	7	NP_014079.1	NP_477372.1	NP_490914.3, NP_492210.2, NP_496938.2	6183.Smp_027000.1, 6183.Smp_038830.1
OG0000340	6	NP_009667.1	NP_476988.1, NP_523710.1	NP_495906.2, NP_503386.1	6183.Smp_026560.2
OG0000341	6	NP_014626.1, NP_116669.1	NP_524622.1	NP_500139.1	6183.Smp_011660.1, 6183.Smp_065290.1
OG0000342	6	NP_012731.1	NP_524741.1	NP_497601.1, NP_503830.2	6183.Smp_026420.1, 6183.Smp_064950.1
OG0000344	6	NP_013025.3, NP_013940.1	NP_511170.1	NP_492303.1, NP_492411.1	6183.Smp_129320.1
OG0000345	6	NP_010089.1, NP_010144.1	NP_476955.1, NP_524631.1	NP_501336.1	6183.Smp_088650.1
OG0000346	6	NP_014931.3	NP_609792.1	NP_499613.1, NP_500961.2, NP_509190.1	6183.Smp_172110.1
OG0000347	6	NP_010887.3, NP_015090.1	NP_476801.1	NP_499165.1	6183.Smp_004310.1, 6183.Smp_062890.1
OG0000350	6	NP_010147.1, NP_010360.1	NP_524803.1	NP_499603.1	6183.Smp_030710.1, 6183.Smp_165490.1
OG0000351	6	NP_011599.1, NP_015427.1	NP_477054.1	NP_504008.1, NP_508413.1	6183.Smp_050940.1
OG0000352	6	NP_009986.1, NP_010606.1	NP_477441.1	NP_491781.2	6183.Smp_151350.1, 6183.Smp_165540.1
OG0000353	6	NP_012160.2	NP_609364.1	NP_501179.1, NP_502248.2	6183.Smp_070610.2, 6183.Smp_095470.1
OG0000354	6	NP_014830.1	NP_524752.1, NP_610288.1	NP_491338.2, NP_497623.1	6183.Smp_073500.2
OG0000355	6	NP_010807.3, NP_014264.1	NP_476973.1	NP_508026.1	6183.Smp_004780.1, 6183.Smp_079230.1
OG0000357	6	NP_014649.1, NP_014670.1	NP_477354.1	NP_494893.1	6183.Smp_064860.1, 6183.Smp_065980.1
OG0000358	6	NP_014328.3	NP_573000.1, NP_609118.1	NP_495670.1	6183.Smp_066410.1, 6183.Smp_212190.1
OG0000359	6	NP_015115.1	NP_476749.1, NP_477336.1	NP_491714.1, NP_505119.1	6183.Smp_135360.1
OG0000361	6	NP_009343.1	NP_572788.2	NP_499176.1, NP_504575.1	6183.Smp_030370.1, 6183.Smp_043150.1
OG0000362	6	NP_015360.2	NP_476570.1	NP_501733.1, NP_503065.1, NP_509012.2	6183.Smp_091460.1
OG0000364	6	NP_012600.1, NP_012719.2	NP_524891.1	NP_491549.2, NP_491552.2	6183.Smp_122910.1
OG0000365	6	NP_011051.3	NP_476753.1	NP_490865.4	6183.Smp_123180.1, 6183.Smp_165260.1, 6183.Smp_207020.1
OG0000366	6	NP_011374.1	NP_611896.1	NP_495842.1, NP_499392.1	6183.Smp_130650.1, 6183.Smp_137040.1
OG0000368	6	NP_014615.1, NP_015450.1	NP_611922.1	NP_506381.1, NP_506382.1	6183.Smp_065110.1
OG0000370	6	NP_011704.3, NP_012521.3	NP_477382.1, NP_608919.1	NP_492051.1	6183.Smp_210110.1
OG0000371	6	NP_009597.2	NP_524723.2, NP_611906.1	NP_502367.3, NP_509509.1	6183.Smp_143830.1
OG0000372	6	NP_010628.3, NP_011959.1	NP_573081.1	NP_495227.1	6183.Smp_133280.1, 6183.Smp_153430.1
OG0000374	6	NP_010392.1, NP_013184.1	NP_609669.1, NP_610053.1	NP_509429.1	6183.Smp_163130.1
OG0000375	6	NP_011917.1, NP_014519.1	NP_524425.2	NP_500235.4, NP_509131.2	6183.Smp_099850.3
OG0000378	6	NP_014377.1	NP_573017.2	NP_496910.1, NP_500787.1	6183.Smp_138770.1, 6183.Smp_138780.1
OG0000380	6	NP_011261.1, NP_116711.3	NP_524674.1, NP_524848.1	NP_492905.1	6183.Smp_043030.1
OG0000382	6	NP_013127.2	NP_611086.1	NP_491413.2, NP_510709.1	6183.Smp_049150.1, 6183.Smp_064380.1
OG0000383	6	NP_012907.3	NP_608687.2, NP_609217.1	NP_501280.1, NP_501281.2	6183.Smp_151180.1
OG0000384	6	NP_010213.1, NP_013503.1	NP_611401.2	NP_508124.1, NP_509770.2	6183.Smp_147950.1
OG0000385	6	NP_013793.1	NP_610719.1	NP_497865.2	6183.Smp_137780.1, 6183.Smp_137790.1, 6183.Smp_175490.1
OG0000386	6	NP_015080.1	NP_524389.1	NP_499652.1	6183.Smp_157230.1, 6183.Smp_171120.1, 6183.Smp_172390.1
OG0000388	6	NP_010269.1	NP_609203.1	NP_501719.1, NP_510071.1, NP_510077.1	6183.Smp_081820.3
OG0000391	6	NP_011697.3, NP_058168.1	NP_572713.1	NP_492370.1, NP_497467.1	6183.Smp_061560.1
OG0000392	6	NP_013050.1	NP_477034.1	NP_503427.2	6183.Smp_086590.1, 6183.Smp_120700.1, 6183.Smp_195080.1
OG0000393	6	NP_012729.1	NP_477002.1, NP_477003.1	NP_498574.2, NP_499549.1	6183.Smp_015860.1
OG0000394	6	NP_011541.1, NP_013437.1	NP_524315.2	NP_497418.2, NP_500895.1	6183.Smp_017450.1
OG0000396	6	NP_010150.1	NP_523655.1	NP_499309.1, NP_502412.1	6183.Smp_052460.1, 6183.Smp_150270.1
OG0000397	6	NP_011517.1	NP_523573.1	NP_495525.2, NP_503151.1	6183.Smp_031000.2, 6183.Smp_082850.2
OG0000398	6	NP_010697.3, NP_014799.1	NP_523664.1	NP_492444.4	6183.Smp_153010.1, 6183.Smp_172130.1
OG0000401	6	NP_009362.1, NP_014992.3	NP_608713.2	NP_492458.1, NP_492459.1	6183.Smp_065610.1
OG0000402	6	NP_013509.1, NP_013631.1	NP_609939.1	NP_492379.1	6183.Smp_026700.1, 6183.Smp_096200.1
OG0000405	6	NP_010921.1	NP_611232.1	NP_492275.2, NP_495749.1	6183.Smp_021070.1, 6183.Smp_087810.1
OG0000406	6	NP_012088.3, NP_013536.3, NP_013656.1	NP_524646.5	NP_504202.1	6183.Smp_012930.1
OG0000409	6	NP_010598.3, NP_011933.1	NP_476979.1	NP_491108.2	6183.Smp_173890.1, 6183.Smp_212510.1
OG0000410	6	NP_010932.1	NP_610233.1	NP_496438.1, NP_507526.1, NP_507528.1	6183.Smp_054540.1
OG0000412	6	NP_011588.3, NP_013248.1	NP_524774.1	NP_503027.1	6183.Smp_068420.1, 6183.Smp_157680.1
OG0000413	6	NP_009901.1, NP_014251.1	NP_611425.1	NP_506367.1	6183.Smp_055400.1, 6183.Smp_059130.1
OG0000417	6	NP_012274.1	NP_511045.1	NP_500504.1, NP_500505.1	6183.Smp_069870.1, 6183.Smp_069880.1
OG0000473	5	NP_013911.1, NP_015084.1	NP_523899.1	NP_506626.1	6183.Smp_072330.2
OG0000476	5	NP_010414.3	NP_523385.1	NP_508051.1	6183.Smp_037230.1, 6183.Smp_149130.1
OG0000477	5	NP_009676.1	NP_477375.1, NP_524611.1	NP_498520.1	6183.Smp_099870.1
OG0000478	5	NP_013363.1	NP_477172.1	NP_498993.1, NP_510790.1	6183.Smp_163580.1
OG0000479	5	NP_013396.1, NP_014828.1	NP_524082.1	NP_499369.1	6183.Smp_079430.2
OG0000480	5	NP_010232.1	NP_477014.1	NP_491411.1	6183.Smp_161160.1, 6183.Smp_164650.1
OG0000481	5	NP_011092.1	NP_476667.1, NP_611924.1	NP_497855.1	6183.Smp_024140.4
OG0000483	5	NP_014604.1	NP_525092.1, NP_611920.1	NP_492360.1	6183.Smp_076230.1
OG0000484	5	NP_010735.3, NP_013688.1	NP_524002.1	NP_491795.1	6183.Smp_055050.1
OG0000486	5	NP_116674.2	NP_611269.1	NP_510155.3	6183.Smp_156700.1, 6183.Smp_199810.1
OG0000488	5	NP_012475.3	NP_572953.1	NP_510355.1, NP_510454.1	6183.Smp_123750.1
OG0000489	5	NP_009757.1	NP_476957.1, NP_524827.1	NP_492169.2	6183.Smp_160940.1
OG0000490	5	NP_010125.1, NP_010426.1	NP_524871.1	NP_506685.2	6183.Smp_125760.1
OG0000491	5	NP_013834.1	NP_477269.1	NP_501859.1	6183.Smp_102040.1, 6183.Smp_187870.1
OG0000493	5	NP_014287.3	NP_572424.1	NP_496973.1	6183.Smp_013790.1, 6183.Smp_133120.2
OG0000494	5	NP_013915.1	NP_524070.2	NP_502390.2	6183.Smp_056620.1, 6183.Smp_129130.1
OG0000495	5	NP_013360.1	NP_524925.1, NP_608948.2	NP_497429.1	6183.Smp_008545.1
OG0000496	5	NP_009777.1, NP_011453.1	NP_610527.1	NP_501777.2	6183.Smp_141360.1
OG0000500	5	NP_015491.1	NP_477098.1	NP_502959.1	6183.Smp_072140.1, 6183.Smp_146600.1
OG0000501	5	NP_012628.3, NP_015368.1	NP_524781.1	NP_496957.1	6183.Smp_105320.1
OG0000502	5	NP_009960.2, NP_012344.1	NP_524884.1	NP_498572.1	6183.Smp_053830.1
OG0000503	5	NP_010377.3	NP_511150.1, NP_609715.1	NP_500272.2	6183.Smp_083400.1
OG0000506	5	NP_010520.3, NP_013407.1	NP_477371.1	NP_509898.1	6183.Smp_063090.1
OG0000507	5	NP_009761.4	NP_523984.1	NP_504199.1	6183.Smp_032500.1, 6183.Smp_161880.1
OG0000511	5	NP_012503.2	NP_569992.1	NP_500367.1	6183.Smp_127700.1, 6183.Smp_208010.1
OG0000513	5	NP_014288.3	NP_572304.5, NP_609852.1	NP_510335.2	6183.Smp_066010.2
OG0000514	5	NP_012407.2	NP_511098.1	NP_491087.1	6183.Smp_026510.1, 6183.Smp_151670.1
OG0000517	5	NP_009381.1	NP_477204.1	NP_502355.2	6183.Smp_105040.1, 6183.Smp_172270.1
OG0000518	5	NP_012795.1, NP_013823.1	NP_524675.1	NP_494886.1	6183.Smp_180530.1
OG0000519	5	NP_010175.1	NP_511044.1	NP_502232.2	6183.Smp_090980.1, 6183.Smp_150040.2
OG0000520	5	NP_012229.1, NP_014704.1	NP_524918.1	NP_492811.1	6183.Smp_099030.1
OG0000521	5	NP_014335.1	NP_609605.1	NP_493570.1, NP_504452.1	6183.Smp_035200.4
OG0000522	5	NP_010157.1	NP_477369.1	NP_495705.1, NP_496273.1	6183.Smp_018240.3
OG0000523	5	NP_011542.3	NP_609373.1, NP_609721.1	NP_501860.1	6183.Smp_084050.1
OG0000527	5	NP_010699.1	NP_608632.1	NP_492721.1	6183.Smp_019880.1, 6183.Smp_059350.2
OG0000528	5	NP_014045.1	NP_523532.1, NP_609623.1	NP_504472.1	6183.Smp_170730.1
OG0000530	5	NP_011872.1	NP_476925.1	NP_492290.1, NP_510764.1	6183.Smp_056440.1
OG0000531	5	NP_010706.3, NP_010860.1	NP_524819.1	NP_502542.1	6183.Smp_012750.1
OG0000532	5	NP_010208.1, NP_013510.3	NP_610503.1	NP_493391.1	6183.Smp_050280.1
OG0000533	5	NP_009466.1, NP_011042.3	NP_523813.1	NP_498231.1	6183.Smp_007900.1
OG0000534	5	NP_013408.1	NP_570014.3	NP_499596.2	6183.Smp_053190.1, 6183.Smp_150660.1
OG0000535	5	NP_011833.1	NP_610746.1	NP_499305.1, NP_499306.2	6183.Smp_164430.1
OG0000536	5	NP_010454.3	NP_609675.2	NP_498764.1	6183.Smp_135280.1, 6183.Smp_143390.1
OG0000538	5	NP_010381.1, NP_011096.1	NP_610331.1	NP_496969.2	6183.Smp_132170.1
OG0000540	5	NP_011896.1, NP_013650.1	NP_608782.1	NP_490774.2	6183.Smp_147230.1
OG0000548	5	NP_012653.1	NP_523486.1	NP_502032.2	6183.Smp_019170.1, 6183.Smp_156290.1
OG0000550	5	NP_013500.3	NP_523410.1	NP_495342.2, NP_498920.2	6183.Smp_069670.1
OG0000551	5	NP_009685.3	NP_476908.1	NP_491518.1, NP_508711.1	6183.Smp_029390.1
OG0000552	5	NP_013313.1	NP_476804.1, NP_476922.1	NP_499131.1	6183.Smp_034670.1
OG0000553	5	NP_010893.3	NP_524427.1	NP_491317.1, NP_499291.1	6183.Smp_050540.1
OG0000555	5	NP_012633.1	NP_476940.1	NP_504653.2, NP_504654.1	6183.Smp_168800.2
OG0000563	5	NP_013546.1, NP_013648.1	NP_524618.1	NP_497910.1	6183.Smp_073880.1
OG0000566	5	NP_014502.1	NP_524829.1	NP_503123.1, NP_508094.1	6183.Smp_001500.1
OG0000568	5	NP_009526.1, NP_009641.1	NP_476631.1	NP_491608.1	6183.Smp_171570.1
OG0000569	5	NP_011484.1, NP_011664.3	NP_609649.1	NP_491399.1	6183.Smp_001830.1
OG0000570	5	NP_009750.1, NP_015246.1	NP_610144.1	NP_498774.1	6183.Smp_022560.2
OG0000572	5	NP_011562.1	NP_524023.1	NP_502348.1, NP_502349.1	6183.Smp_196510.1
OG0000573	5	NP_013966.1	NP_477436.1	NP_492599.1	6183.Smp_033600.1, 6183.Smp_142510.2
OG0000575	5	NP_013725.1	NP_611095.1	NP_499097.1	6183.Smp_161480.1, 6183.Smp_188700.1
OG0000577	5	NP_013352.1, NP_014935.3	NP_569917.1	NP_508708.3	6183.Smp_036370.1
OG0000579	5	NP_010289.3	NP_572275.1	NP_495787.2	6183.Smp_131420.1, 6183.Smp_203220.1
OG0000580	5	NP_012157.3, NP_014349.1	NP_610531.1	NP_502354.2	6183.Smp_128740.1
OG0000582	5	NP_012238.1	NP_477268.2, NP_612109.3	NP_506193.1	6183.Smp_032480.1
OG0000583	5	NP_009573.1	NP_477368.1	NP_496987.1, NP_496988.1	6183.Smp_142770.1
OG0000584	5	NP_010704.1	NP_610891.1	NP_491250.1	6183.Smp_166240.1, 6183.Smp_166250.1
OG0000585	5	NP_011893.1	NP_524739.1	NP_506850.1, NP_510461.1	6183.Smp_057530.1
OG0000586	5	NP_013888.1	NP_610359.2	NP_506380.2	6183.Smp_147940.2, 6183.Smp_149160.1
OG0000587	5	NP_010116.1	NP_609750.1	NP_494772.1, NP_494773.1	6183.Smp_024970.1
OG0000588	5	NP_012063.3	NP_477216.1, NP_608561.2	NP_490749.1	6183.Smp_018530.2
OG0000589	5	NP_010538.1, NP_015288.1	NP_476853.1	NP_495336.1	6183.Smp_002180.1
OG0000592	5	NP_011493.1	NP_524494.1, NP_608425.1	NP_498362.1	6183.Smp_158600.1
OG0000593	5	NP_013612.1	NP_612093.1	NP_508208.2	6183.Smp_129990.1, 6183.Smp_145180.1
OG0000595	5	NP_010674.3	NP_569873.1	NP_491341.1	6183.Smp_055140.1, 6183.Smp_151510.1
OG0000596	5	NP_011545.1	NP_477265.1	NP_492942.1, NP_493077.1	6183.Smp_193750.1
OG0000597	5	NP_011385.3	NP_572952.1	NP_495959.2	6183.Smp_132720.1, 6183.Smp_196350.1
OG0000598	5	NP_011270.1	NP_570030.1, NP_611665.1	NP_505473.1	6183.Smp_161170.1
OG0000599	5	NP_011756.1, NP_013932.1	NP_523676.1	NP_505457.1	6183.Smp_043670.2
OG0000600	5	NP_012822.1	NP_523444.1	NP_502079.1	6183.Smp_154770.1, 6183.Smp_203140.1
OG0000601	5	NP_010306.1	NP_524365.1	NP_500549.1	6183.Smp_053610.1, 6183.Smp_057230.1
OG0000602	5	NP_010549.3, NP_014676.1	NP_477145.1	NP_499770.1	6183.Smp_012480.1
OG0000604	5	NP_012293.3	NP_477307.1	NP_501797.1	6183.Smp_078780.1, 6183.Smp_085110.2
OG0000607	5	NP_014176.2	NP_608563.1	NP_502208.1	6183.Smp_039820.1, 6183.Smp_124830.1
OG0000608	5	NP_009769.1, NP_011461.1	NP_477068.1	NP_506278.1	6183.Smp_082990.1
OG0000609	5	NP_014887.3	NP_511051.1	NP_504796.1	6183.Smp_053140.1, 6183.Smp_194520.1
OG0000610	5	NP_009825.4, NP_013491.1	NP_573252.1	NP_498397.1	6183.Smp_163430.1
OG0000611	5	NP_010283.3, NP_010568.3	NP_573063.1	NP_499694.2	6183.Smp_084860.1
OG0000612	5	NP_012113.1, NP_015173.1	NP_573079.1	NP_497617.1	6183.Smp_166290.1
OG0000613	5	NP_012597.1	NP_524439.1	NP_506572.1	6183.Smp_072800.1, 6183.Smp_078220.1
OG0000615	5	NP_010500.3, NP_014118.1	NP_610121.2	NP_506715.1	6183.Smp_083080.1
OG0000617	5	NP_009498.1	NP_610248.4	NP_504476.1	6183.Smp_000810.2, 6183.Smp_147810.1
OG0000618	5	NP_011424.3, NP_012263.1	NP_609805.1	NP_492653.2	6183.Smp_210380.1
OG0000619	5	NP_009513.1	NP_477296.1	NP_498282.1	6183.Smp_007730.1, 6183.Smp_154160.1
OG0000620	5	NP_014292.3	NP_570015.1	NP_493542.2, NP_502172.1	6183.Smp_070760.1
OG0000621	5	NP_014221.3	NP_476632.1	NP_498349.1	6183.Smp_027610.1, 6183.Smp_131450.1
OG0000622	5	NP_010922.1	NP_610562.1	NP_501395.1	6183.Smp_003270.1, 6183.Smp_150450.1
OG0000626	5	NP_010738.1, NP_013686.1	NP_476964.1	NP_502794.1	6183.Smp_074780.1
OG0000627	5	NP_010760.3	NP_610986.1, NP_611207.1	NP_496593.1	6183.Smp_152690.1
OG0000628	5	NP_011328.1	NP_609047.1	NP_492601.1	6183.Smp_021730.1, 6183.Smp_066200.1
OG0000629	5	NP_010591.1	NP_525122.1	NP_499556.1	6183.Smp_056890.1, 6183.Smp_120080.2
OG0000630	5	NP_013413.1	NP_611158.1	NP_505469.3	6183.Smp_166070.1, 6183.Smp_176690.1
OG0000631	5	NP_011862.1, NP_012920.1	NP_523975.1	NP_492576.1	6183.Smp_175740.2
OG0000632	5	NP_010997.3, NP_012195.1	NP_611693.1	NP_499915.2	6183.Smp_091640.1
OG0000633	5	NP_013162.1, NP_116619.1	NP_477134.1	NP_494932.1	6183.Smp_085300.1
OG0000634	5	NP_010670.3, NP_014603.1	NP_523764.1	NP_491944.2	6183.Smp_029820.1
OG0000635	5	NP_013920.1, NP_015074.1	NP_476629.1	NP_498573.2	6183.Smp_063300.1
OG0000637	5	NP_012010.1, NP_014237.2	NP_609179.2	NP_496375.1	6183.Smp_035790.1
OG0000639	5	NP_012399.1, NP_012983.3	NP_523462.2	NP_498579.2	6183.Smp_146190.1
OG0000641	5	NP_010740.3	NP_611904.1	NP_495415.2, NP_509894.2	6183.Smp_133330.1
OG0000643	5	NP_013826.1	NP_611460.1	NP_496454.1, NP_500306.1	6183.Smp_005390.2
OG0000644	5	NP_009640.1, NP_011720.3	NP_476930.1	NP_509362.1	6183.Smp_147650.1
OG0000759	4	NP_012118.1	NP_476776.1	NP_499695.1	6183.Smp_089430.1
OG0000760	4	NP_011790.1	NP_476956.3	NP_493426.2	6183.Smp_166840.1
OG0000762	4	NP_011070.3	NP_573129.1	NP_500992.1	6183.Smp_063670.1
OG0000769	4	NP_009390.1	NP_611352.1	NP_507053.1	6183.Smp_083650.1
OG0000770	4	NP_009723.3	NP_524098.2	NP_495816.1	6183.Smp_086900.1
OG0000771	4	NP_014732.1	NP_523457.1	NP_492481.1	6183.Smp_040570.1
OG0000773	4	NP_012203.1	NP_477205.1	NP_498565.2	6183.Smp_013360.1
OG0000775	4	NP_012270.1	NP_610003.1	NP_495237.1	6183.Smp_170230.1
OG0000777	4	NP_015428.1	NP_611776.1	NP_493558.1	6183.Smp_164840.1
OG0000778	4	NP_010928.1	NP_609804.1	NP_491261.1	6183.Smp_074500.2
OG0000779	4	NP_009512.1	NP_524115.1	NP_498806.1	6183.Smp_025800.1
OG0000780	4	NP_013618.1	NP_524328.1	NP_505750.1	6183.Smp_067890.1
OG0000781	4	NP_014794.3	NP_476706.1	NP_498047.2	6183.Smp_130680.1
OG0000782	4	NP_014850.1	NP_523706.1	NP_498192.2	6183.Smp_153760.2
OG0000783	4	NP_015335.1	NP_476708.1	NP_492476.1	6183.Smp_140690.1
OG0000788	4	NP_010141.1	NP_511124.1	NP_500523.4	6183.Smp_156670.1
OG0000791	4	NP_009997.2	NP_477294.2	NP_493745.1	6183.Smp_000600.1
OG0000796	4	NP_010136.1	NP_477395.1	NP_491069.1	6183.Smp_142910.1
OG0000797	4	NP_011512.1	NP_611854.1	NP_496075.1	6183.Smp_132020.1
OG0000799	4	NP_010086.2	NP_610414.1	NP_502144.1	6183.Smp_212490.1
OG0000800	4	NP_013811.1	NP_569993.1	NP_490990.2	6183.Smp_045070.1
OG0000801	4	NP_014847.3	NP_536783.1	NP_491113.1	6183.Smp_033710.1
OG0000803	4	NP_010236.1	NP_511061.1	NP_497714.2	6183.Smp_023150.1
OG0000804	4	NP_011091.1	NP_477197.1	NP_491994.2	6183.Smp_041760.1
OG0000805	4	NP_012140.1	NP_536746.1	NP_502082.1	6183.Smp_158050.1
OG0000806	4	NP_011352.1	NP_476661.1	NP_492438.1	6183.Smp_194820.1
OG0000807	4	NP_013330.1	NP_523414.1	NP_495598.1	6183.Smp_082810.2
OG0000808	4	NP_013713.1	NP_524472.1	NP_496549.1	6183.Smp_067140.1
OG0000809	4	NP_010349.3	NP_476938.1	NP_498393.1	6183.Smp_096750.1
OG0000811	4	NP_010904.2	NP_572438.1	NP_500245.3	6183.Smp_145350.1
OG0000812	4	NP_011608.1	NP_524838.1	NP_493377.1	6183.Smp_097590.1
OG0000813	4	NP_012638.1	NP_476735.1	NP_494779.1	6183.Smp_176200.2
OG0000814	4	NP_015303.1	NP_525068.1	NP_496498.1	6183.Smp_153770.1
OG0000818	4	NP_015344.1	NP_477185.1	NP_490962.1	6183.Smp_172530.1
OG0000825	4	NP_009713.1	NP_525106.2	NP_495087.1	6183.Smp_155480.1
OG0000826	4	NP_009953.1	NP_611176.1	NP_499478.2	6183.Smp_169030.1
OG0000827	4	NP_013083.1	NP_476609.1	NP_499089.1	6183.Smp_053510.1
OG0000829	4	NP_010765.3	NP_477313.1	NP_510710.2	6183.Smp_142990.1
OG0000832	4	NP_011442.3	NP_476575.1	NP_493031.1	6183.Smp_068270.4
OG0000835	4	NP_013866.1	NP_523478.1	NP_490988.2	6183.Smp_006000.1
OG0000836	4	NP_011033.3	NP_611597.1	NP_492650.1	6183.Smp_060170.1
OG0000837	4	NP_013764.1	NP_611270.1	NP_496956.1	6183.Smp_135120.1
OG0000838	4	NP_014760.3	NP_524464.1	NP_491672.1	6183.Smp_042270.2
OG0000839	4	NP_014717.2	NP_477367.1	NP_491532.3	6183.Smp_200410.1
OG0000840	4	NP_012599.3	NP_523968.1	NP_491066.1	6183.Smp_210740.1
OG0000843	4	NP_014733.1	NP_572404.1	NP_491357.1	6183.Smp_087980.1
OG0000844	4	NP_012368.1	NP_477380.1	NP_493027.1	6183.Smp_070710.1
OG0000847	4	NP_011467.1	NP_608447.1	NP_499609.1	6183.Smp_119310.1
OG0000848	4	NP_012777.1	NP_477473.1	NP_506005.1	6183.Smp_012470.1
OG0000849	4	NP_015499.1	NP_573258.1	NP_490816.4	6183.Smp_025510.1
OG0000853	4	NP_015305.1	NP_573362.1	NP_498095.3	6183.Smp_033260.2
OG0000854	4	NP_015413.1	NP_523931.1	NP_501507.1	6183.Smp_059540.1
OG0000855	4	NP_014373.3	NP_476848.1	NP_497548.2	6183.Smp_088250.1
OG0000858	4	NP_013444.1	NP_524211.1	NP_492766.1	6183.Smp_009690.1
OG0000859	4	NP_012916.1	NP_610554.1	NP_495470.1	6183.Smp_134420.1
OG0000861	4	NP_011859.1	NP_523473.2	NP_505180.1	6183.Smp_102840.1
OG0000863	4	NP_012918.1	NP_611539.1	NP_501145.1	6183.Smp_118830.1
OG0000864	4	NP_014115.1	NP_524185.1	NP_490854.1	6183.Smp_021080.1
OG0000865	4	NP_013370.1	NP_569863.1	NP_508198.1	6183.Smp_035300.2
OG0000867	4	NP_011392.1	NP_476874.1	NP_501322.1	6183.Smp_013470.2
OG0000869	4	NP_009694.3	NP_523369.2	NP_505487.3	6183.Smp_162340.1
OG0000870	4	NP_014602.1	NP_611136.1	NP_492384.1	6183.Smp_130850.1
OG0000871	4	NP_010953.1	NP_573057.1	NP_499779.1	6183.Smp_040540.1
OG0000873	4	NP_116687.1	NP_610995.1	NP_496331.1	6183.Smp_171710.1
OG0000874	4	NP_012485.1	NP_524929.1	NP_501757.1	6183.Smp_120360.1
OG0000875	4	NP_015356.1	NP_610266.1	NP_501475.1	6183.Smp_097110.1
OG0000878	4	NP_014547.1	NP_523915.1	NP_500069.1	6183.Smp_140530.1
OG0000889	4	NP_014040.1	NP_611242.1	NP_492638.1	6183.Smp_000480.1
OG0000894	4	NP_014338.3	NP_610786.2	NP_493742.1	6183.Smp_005080.1
OG0000896	4	NP_015317.1	NP_569898.1	NP_499295.2	6183.Smp_101300.1
OG0000900	4	NP_011908.1	NP_477158.1	NP_498103.1	6183.Smp_030760.1
OG0000903	4	NP_012903.1	NP_477397.1	NP_495712.1	6183.Smp_070690.1
OG0000906	4	NP_013354.1	NP_611947.2	NP_505980.1	6183.Smp_098370.2
OG0000908	4	NP_013451.1	NP_477496.1	NP_491477.2	6183.Smp_038080.1
OG0000910	4	NP_012896.1	NP_611127.1	NP_496968.1	6183.Smp_134440.2
OG0000912	4	NP_011421.1	NP_610427.2	NP_498519.1	6183.Smp_130800.1
OG0000913	4	NP_009794.3	NP_609887.1	NP_502704.1	6183.Smp_153480.1
OG0000921	4	NP_010096.1	NP_609595.1	NP_506559.1	6183.Smp_147050.1
OG0000922	4	NP_011325.1	NP_476880.1	NP_492591.1	6183.Smp_173810.1
OG0000923	4	NP_010347.1	NP_476614.1	NP_505065.1	6183.Smp_079380.1
OG0000924	4	NP_010518.1	NP_477281.1	NP_501991.3	6183.Smp_045260.1
OG0000925	4	NP_009575.1	NP_612044.1	NP_503684.1	6183.Smp_070780.1
OG0000926	4	NP_015153.1	NP_609382.1	NP_496708.2	6183.Smp_057930.1
OG0000928	4	NP_013580.1	NP_524711.1	NP_504496.1	6183.Smp_198690.1
OG0000930	4	NP_009382.2	NP_608985.1	NP_505392.3	6183.Smp_024240.1
OG0000931	4	NP_011418.1	NP_523943.1	NP_495753.1	6183.Smp_076530.1
OG0000934	4	NP_012706.1	NP_477224.1	NP_491930.1	6183.Smp_078730.1
OG0000936	4	NP_009585.1	NP_524661.1	NP_501298.1	6183.Smp_144030.1
OG0000938	4	NP_013481.3	NP_610001.1	NP_491004.1	6183.Smp_097370.1
OG0000939	4	NP_013394.1	NP_570020.1	NP_493014.1	6183.Smp_014620.1
OG0000942	4	NP_012974.1	NP_477128.1	NP_501422.1	6183.Smp_023530.1
OG0000943	4	NP_015435.1	NP_608885.1	NP_504166.2	6183.Smp_004640.1
OG0000944	4	NP_012243.3	NP_477419.1	NP_492361.2	6183.Smp_099170.1
OG0000945	4	NP_009793.1	NP_476596.1	NP_499570.1	6183.Smp_134400.1
OG0000946	4	NP_012606.3	NP_569872.1	NP_498118.1	6183.Smp_072790.1
OG0000948	4	NP_009912.2	NP_609533.1	NP_492812.2	6183.Smp_075470.1
OG0000949	4	NP_010065.2	NP_477442.1	NP_500841.1	6183.Smp_131660.1
OG0000950	4	NP_012732.1	NP_524117.1	NP_496092.1	6183.Smp_007170.1
OG0000952	4	NP_009503.1	NP_524180.1	NP_505099.2	6183.Smp_060950.1
OG0000953	4	NP_010270.1	NP_523817.1	NP_506691.1	6183.Smp_044280.1
OG0000954	4	NP_015411.1	NP_476888.1	NP_503146.1	6183.Smp_063650.4
OG0000955	4	NP_009645.1	NP_476905.1	NP_500466.3	6183.Smp_046500.2
OG0000957	4	NP_010863.1	NP_610753.1	NP_499094.1	6183.Smp_103200.1
OG0000960	4	NP_014977.3	NP_524237.1	NP_501040.1	6183.Smp_085520.1
OG0000961	4	NP_013924.1	NP_612053.1	NP_502781.1	6183.Smp_068480.1
OG0000962	4	NP_010890.3	NP_524748.2	NP_501361.1	6183.Smp_061870.1
OG0000969	4	NP_014746.2	NP_609222.1	NP_491889.1	6183.Smp_020770.1
OG0000970	4	NP_011633.3	NP_610939.2	NP_502365.1	6183.Smp_074470.1
OG0000973	4	NP_014631.1	NP_524519.1	NP_500569.1	6183.Smp_210630.1
OG0000974	4	NP_010280.1	NP_572610.1	NP_495286.1	6183.Smp_082120.1
OG0000977	4	NP_010798.1	NP_477411.1	NP_490842.1	6183.Smp_045510.1
OG0000978	4	NP_014252.2	NP_609807.1	NP_502034.1	6183.Smp_210830.1
OG0000981	4	NP_012035.1	NP_610735.1	NP_498785.1	6183.Smp_140890.1
OG0000982	4	NP_010664.3	NP_477150.1	NP_502573.1	6183.Smp_166580.1
OG0000983	4	NP_013986.1	NP_608361.3	NP_490861.3	6183.Smp_138200.1
OG0000984	4	NP_010610.3	NP_609186.1	NP_501352.1	6183.Smp_052640.1
OG0000985	4	NP_011612.3	NP_523935.1	NP_491160.1	6183.Smp_167810.1
OG0000986	4	NP_015370.1	NP_609459.1	NP_498274.1	6183.Smp_097830.1
OG0000994	4	NP_013218.1	NP_477118.1	NP_504547.1	6183.Smp_148230.1
OG0000998	4	NP_009795.3	NP_523568.2	NP_492674.2	6183.Smp_038940.1
OG0000999	4	NP_013890.1	NP_477022.1	NP_499796.2	6183.Smp_009550.1
OG0001002	4	NP_014152.1	NP_611087.1	NP_491014.2	6183.Smp_170800.2
OG0001003	4	NP_014359.3	NP_609643.2	NP_491553.1	6183.Smp_052800.1
OG0001004	4	NP_015391.1	NP_610913.1	NP_498534.2	6183.Smp_211070.1
OG0001006	4	NP_010091.2	NP_609597.1	NP_495691.1	6183.Smp_030780.1
OG0001007	4	NP_010784.1	NP_523429.1	NP_496178.1	6183.Smp_098450.1
OG0001008	4	NP_012466.1	NP_611121.1	NP_498555.1	6183.Smp_046680.1
OG0001010	4	NP_011889.1	NP_610333.1	NP_490888.2	6183.Smp_094050.2
OG0001011	4	NP_010514.3	NP_610999.4	NP_498068.1	6183.Smp_084870.1
OG0001014	4	NP_012788.2	NP_610183.1	NP_502558.2	6183.Smp_075220.1
OG0001015	4	NP_014991.1	NP_612047.1	NP_495663.1	6183.Smp_143760.1
OG0001018	4	NP_013069.1	NP_611332.1	NP_491750.3	6183.Smp_021980.1
OG0001020	4	NP_014544.1	NP_524826.1	NP_507683.2	6183.Smp_082860.1
OG0001021	4	NP_015470.1	NP_570069.1	NP_498634.1	6183.Smp_017640.1
OG0001022	4	NP_013228.1	NP_611862.1	NP_498762.2	6183.Smp_152400.1
OG0001023	4	NP_014039.1	NP_524226.1	NP_490715.1	6183.Smp_032510.1
OG0001024	4	NP_010132.1	NP_611114.1	NP_503178.2	6183.Smp_149960.1
OG0001026	4	NP_011089.4	NP_476861.1	NP_500156.2	6183.Smp_021550.1
OG0001027	4	NP_010011.1	NP_610573.1	NP_497829.1	6183.Smp_150840.2
OG0001029	4	NP_010047.1	NP_608503.1	NP_508988.3	6183.Smp_130480.1
OG0001030	4	NP_011861.1	NP_477448.1	NP_491710.2	6183.Smp_126520.1
OG0001031	4	NP_010820.3	NP_620550.1	NP_508866.1	6183.Smp_064750.1
OG0001035	4	NP_014849.3	NP_610095.1	NP_496224.2	6183.Smp_154980.1
OG0001036	4	NP_014762.3	NP_608871.1	NP_499173.1	6183.Smp_022140.1
OG0001038	4	NP_012246.1	NP_524726.1	NP_507940.1	6183.Smp_051260.1
OG0001039	4	NP_013951.1	NP_523547.1	NP_505736.2	6183.Smp_068110.1
OG0001040	4	NP_010653.1	NP_569906.1	NP_502195.3	6183.Smp_002230.1
OG0001041	4	NP_011661.2	NP_609711.1	NP_501233.1	6183.Smp_180370.1
OG0001042	4	NP_014412.1	NP_572950.2	NP_493554.1	6183.Smp_149450.1
OG0001043	4	NP_012175.1	NP_611851.1	NP_499516.1	6183.Smp_158840.1
OG0001046	4	NP_010862.1	NP_610780.1	NP_491986.1	6183.Smp_015780.1
OG0001047	4	NP_010507.3	NP_609844.1	NP_496073.1	6183.Smp_131400.1
OG0001051	4	NP_014766.1	NP_524240.1	NP_502135.1	6183.Smp_172160.1
OG0001053	4	NP_009370.1	NP_511093.2	NP_505950.1	6183.Smp_105860.1
OG0001054	4	NP_011415.1	NP_610343.1	NP_499740.1	6183.Smp_060180.1
OG0001056	4	NP_009681.3	NP_609947.1	NP_497808.1	6183.Smp_050740.1
OG0001057	4	NP_013204.1	NP_569880.1	NP_497756.2	6183.Smp_047610.1
OG0001059	4	NP_011617.1	NP_609305.1	NP_498661.1	6183.Smp_055800.1
OG0001061	4	NP_012809.1	NP_523765.1	NP_491168.1	6183.Smp_186980.1
OG0001062	4	NP_015239.1	NP_608834.1	NP_506055.2	6183.Smp_085500.1
OG0001063	4	NP_011403.1	NP_524161.2	NP_493919.1	6183.Smp_061300.1
OG0001064	4	NP_013564.1	NP_609238.1	NP_492189.2	6183.Smp_133390.1
OG0001068	4	NP_010938.1	NP_477300.1	NP_498869.1	6183.Smp_085310.2
OG0001070	4	NP_012897.3	NP_524026.1	NP_503060.1	6183.Smp_178750.1
OG0001071	4	NP_012040.1	NP_477332.1	NP_492114.2	6183.Smp_076630.2
OG0001072	4	NP_009952.2	NP_524429.1	NP_510814.1	6183.Smp_054640.1
OG0001074	4	NP_010254.1	NP_477114.1	NP_495799.1	6183.Smp_003630.1
OG0001077	4	NP_013644.1	NP_569847.1	NP_510494.2	6183.Smp_164200.1
OG0001078	4	NP_011770.3	NP_477421.1	NP_495900.1	6183.Smp_024110.1
OG0001079	4	NP_015089.1	NP_524156.1	NP_501067.1	6183.Smp_132690.1
OG0001081	4	NP_011727.3	NP_572532.1	NP_503138.1	6183.Smp_134010.1
OG0001083	4	NP_012651.1	NP_611175.1	NP_492582.1	6183.Smp_082620.1
OG0001084	4	NP_011068.1	NP_611855.1	NP_496402.1	6183.Smp_199730.1
OG0001085	4	NP_015087.1	NP_524043.1	NP_492209.1	6183.Smp_103460.1
OG0001086	4	NP_010302.1	NP_609441.1	NP_504502.1	6183.Smp_128980.1
OG0001087	4	NP_009462.2	NP_477373.1	NP_492408.2	6183.Smp_011120.1
OG0001089	4	NP_013296.1	NP_523969.1	NP_498325.1	6183.Smp_121420.1
OG0001090	4	NP_011956.1	NP_477479.1	NP_495918.1	6183.Smp_145800.1
OG0001091	4	NP_015372.2	NP_477283.1	NP_507852.2	6183.Smp_149430.1
OG0001092	4	NP_116631.1	NP_572448.1	NP_491792.1	6183.Smp_101240.1
OG0001093	4	NP_010541.3	NP_611536.1	NP_508444.1	6183.Smp_084400.2
OG0001095	4	NP_015262.1	NP_612023.1	NP_505722.1	6183.Smp_024360.1
OG0001096	4	NP_014441.1	NP_573068.3	NP_496966.1	6183.Smp_172660.1
OG0001099	4	NP_014397.1	NP_476982.1	NP_497842.1	6183.Smp_002960.1
OG0001100	4	NP_009872.1	NP_477240.1	NP_504837.1	6183.Smp_115060.1
OG0001101	4	NP_012070.3	NP_524204.1	NP_492809.1	6183.Smp_000740.2
OG0001104	4	NP_010723.1	NP_609766.1	NP_497875.1	6183.Smp_124860.1
OG0001105	4	NP_013552.3	NP_570080.1	NP_491515.2	6183.Smp_079950.1
OG0001106	4	NP_011615.1	NP_523704.1	NP_491125.4	6183.Smp_032420.1
OG0001108	4	NP_011485.1	NP_524687.1	NP_492728.2	6183.Smp_044580.1
OG0001110	4	NP_010368.5	NP_611400.1	NP_499920.1	6183.Smp_079750.1
OG0001111	4	NP_013059.1	NP_477101.1	NP_495992.1	6183.Smp_089640.2
OG0001113	4	NP_009377.2	NP_572508.1	NP_498395.1	6183.Smp_050360.1
OG0001114	4	NP_013229.1	NP_610828.2	NP_497866.2	6183.Smp_105330.1
OG0001116	4	NP_012414.1	NP_610298.2	NP_498620.1	6183.Smp_104580.1
OG0001117	4	NP_013273.1	NP_524452.4	NP_496427.1	6183.Smp_025570.1
OG0001119	4	NP_011736.1	NP_511166.2	NP_498045.2	6183.Smp_087440.1
OG0001120	4	NP_010626.1	NP_524867.2	NP_492523.1	6183.Smp_083180.2
OG0001122	4	NP_012230.3	NP_477005.1	NP_496336.1	6183.Smp_186650.1
OG0001124	4	NP_012438.1	NP_609534.1	NP_504740.2	6183.Smp_022700.2
OG0001126	4	NP_014793.1	NP_523598.2	NP_492067.1	6183.Smp_121790.1
OG0001127	4	NP_009712.1	NP_610630.1	NP_491961.1	6183.Smp_126370.1
OG0001128	4	NP_012603.1	NP_608890.1	NP_498121.1	6183.Smp_063120.1
OG0001130	4	NP_015456.2	NP_608331.1	NP_505053.1	6183.Smp_048260.2
OG0001131	4	NP_012551.2	NP_523428.1	NP_494393.2	6183.Smp_162890.1
OG0001133	4	NP_014788.1	NP_608387.1	NP_496099.1	6183.Smp_073080.2
OG0001134	4	NP_012657.1	NP_523382.1	NP_502077.1	6183.Smp_093440.1
OG0001138	4	NP_014178.1	NP_572236.3	NP_498408.1	6183.Smp_084810.1
OG0001140	4	NP_013963.1	NP_523391.3	NP_499814.1	6183.Smp_166980.1
OG0001144	4	NP_011990.1	NP_611509.1	NP_499777.1	6183.Smp_064520.1
OG0001145	4	NP_014942.4	NP_524110.1	NP_502166.1	6183.Smp_140680.1
OG0001147	4	NP_013175.1	NP_572335.1	NP_499552.1	6183.Smp_070130.1
OG0001149	4	NP_010163.1	NP_511094.1	NP_495183.1	6183.Smp_137190.1
OG0001150	4	NP_015425.1	NP_523828.1	NP_492686.1	6183.Smp_034430.1
OG0001151	4	NP_012865.1	NP_524467.1	NP_499644.1	6183.Smp_071830.1
OG0001153	4	NP_009693.3	NP_476947.1	NP_490896.1	6183.Smp_158910.1
OG0001154	4	NP_015052.1	NP_524682.1	NP_504198.1	6183.Smp_064330.1
OG0001156	4	NP_014975.2	NP_476821.1	NP_496592.1	6183.Smp_161380.1
OG0001158	4	NP_012327.1	NP_610737.1	NP_491371.1	6183.Smp_105080.1
OG0001160	4	NP_013215.1	NP_572901.1	NP_498416.2	6183.Smp_152140.1
OG0001163	4	NP_011404.1	NP_610200.1	NP_506824.1	6183.Smp_156570.1
OG0001164	4	NP_013611.1	NP_610024.1	NP_496289.2	6183.Smp_210960.1
OG0001166	4	NP_010660.1	NP_608658.1	NP_491172.2	6183.Smp_007500.1
OG0001169	4	NP_013928.1	NP_476866.1	NP_492025.1	6183.Smp_010260.1
OG0001170	4	NP_012997.3	NP_524938.1	NP_498632.1	6183.Smp_207000.1
OG0001172	4	NP_011918.1	NP_477217.1	NP_499681.1	6183.Smp_148800.1
OG0001175	4	NP_014409.1	NP_611206.3	NP_502350.1	6183.Smp_207070.1
